# WaveFront *.obj file (generated by Autodesk ATF)

mtllib Corps_Vu_Metre.mtl

g Corps1

v -2.475000 60.350000 19.500000
v -2.216181 60.315926 19.500000
v -1.975000 60.216025 19.500000
v -1.767893 60.057107 19.500000
v -1.608975 59.850000 19.500000
v -1.509074 59.608819 19.500000
v -1.475000 59.350000 19.500000
v -1.475000 59.350000 17.500000
v -1.509074 59.608819 17.500000
v -1.608975 59.850000 17.500000
v -1.767893 60.057107 17.500000
v -1.975000 60.216025 17.500000
v -2.216181 60.315926 17.500000
v -2.475000 60.350000 17.500000
v -2.475000 20.350000 19.500000
v -2.475000 20.350000 17.500000
v -1.475000 21.350000 19.500000
v -1.509074 21.091181 19.500000
v -1.608975 20.850000 19.500000
v -1.767893 20.642893 19.500000
v -1.975000 20.483975 19.500000
v -2.216181 20.384074 19.500000
v -2.216181 20.384074 17.500000
v -1.975000 20.483975 17.500000
v -1.767893 20.642893 17.500000
v -1.608975 20.850000 17.500000
v -1.509074 21.091181 17.500000
v -1.475000 21.350000 17.500000
v -1.475000 11.350000 19.500000
v -1.509074 11.608819 19.500000
v -1.608975 11.850000 19.500000
v -1.767893 12.057107 19.500000
v -1.975000 12.216025 19.500000
v -2.216181 12.315926 19.500000
v -2.475000 12.350000 19.500000
v -2.475000 2.325000 19.500000
v -2.414231 1.630407 19.500000
v -2.233770 0.956919 19.500000
v -1.939102 0.325000 19.500000
v -1.539178 -0.246150 19.500000
v -1.046150 -0.739178 19.500000
v -0.475000 -1.139102 19.500000
v 0.156919 -1.433770 19.500000
v 0.830407 -1.614231 19.500000
v 1.525000 -1.675000 19.500000
v 4.475000 -1.675000 19.500000
v 5.169593 -1.614231 19.500000
v 5.843081 -1.433770 19.500000
v 6.475000 -1.139102 19.500000
v 7.046150 -0.739178 19.500000
v 7.539178 -0.246150 19.500000
v 7.939102 0.325000 19.500000
v 8.233770 0.956919 19.500000
v 8.414231 1.630407 19.500000
v 8.475000 2.325000 19.500000
v 8.475000 77.675000 19.500000
v 8.414231 78.369593 19.500000
v 8.233770 79.043081 19.500000
v 7.939102 79.675000 19.500000
v 7.539178 80.246150 19.500000
v 7.046150 80.739178 19.500000
v 6.475000 81.139102 19.500000
v 5.843081 81.433770 19.500000
v 5.169593 81.614231 19.500000
v 4.475000 81.675000 19.500000
v 1.525000 81.675000 19.500000
v 0.830407 81.614231 19.500000
v 0.156919 81.433770 19.500000
v -0.475000 81.139102 19.500000
v -1.046150 80.739178 19.500000
v -1.539178 80.246150 19.500000
v -1.939102 79.675000 19.500000
v -2.233770 79.043081 19.500000
v -2.414231 78.369593 19.500000
v -2.475000 77.675000 19.500000
v -2.475000 68.350000 19.500000
v -2.216181 68.384074 19.500000
v -1.975000 68.483975 19.500000
v -1.767893 68.642893 19.500000
v -1.608975 68.850000 19.500000
v -1.509074 69.091181 19.500000
v -1.475000 69.350000 19.500000
v 18.411492 -17.500000 19.500000
v -12.411492 -17.500000 19.500000
v -12.446690 -17.335316 19.500000
v -12.467910 -17.168254 19.500000
v -12.475000 -17.000000 19.500000
v -12.475000 81.000000 19.500000
v -12.406852 81.517638 19.500000
v -12.207051 82.000000 19.500000
v -11.889214 82.414214 19.500000
v -11.475000 82.732051 19.500000
v -10.992638 82.931852 19.500000
v -10.475000 83.000000 19.500000
v 16.475000 83.000000 19.500000
v 16.992638 82.931852 19.500000
v 17.475000 82.732051 19.500000
v 17.889214 82.414214 19.500000
v 18.207051 82.000000 19.500000
v 18.406852 81.517638 19.500000
v 18.475000 81.000000 19.500000
v 18.475000 -17.000000 19.500000
v 18.467910 -17.168254 19.500000
v 18.446690 -17.335316 19.500000
v -1.475000 11.350000 17.500000
v -1.509074 11.608819 17.500000
v -1.608975 11.850000 17.500000
v -1.767893 12.057107 17.500000
v -1.975000 12.216025 17.500000
v -2.216181 12.315926 17.500000
v -2.475000 12.350000 17.500000
v -2.475000 2.325000 17.500000
v -2.414231 1.630407 17.500000
v -2.233770 0.956919 17.500000
v -1.939102 0.325000 17.500000
v -1.539178 -0.246150 17.500000
v -1.046150 -0.739178 17.500000
v -0.475000 -1.139102 17.500000
v 0.156919 -1.433770 17.500000
v 0.830407 -1.614231 17.500000
v 1.525000 -1.675000 17.500000
v 4.475000 -1.675000 17.500000
v 5.169593 -1.614231 17.500000
v 5.843081 -1.433770 17.500000
v 6.475000 -1.139102 17.500000
v 7.046150 -0.739178 17.500000
v 7.539178 -0.246150 17.500000
v 7.939102 0.325000 17.500000
v 8.233770 0.956919 17.500000
v 8.414231 1.630407 17.500000
v 8.475000 2.325000 17.500000
v 8.475000 77.675000 17.500000
v 8.414231 78.369593 17.500000
v 8.233770 79.043081 17.500000
v 7.939102 79.675000 17.500000
v 7.539178 80.246150 17.500000
v 7.046150 80.739178 17.500000
v 6.475000 81.139102 17.500000
v 5.843081 81.433770 17.500000
v 5.169593 81.614231 17.500000
v 4.475000 81.675000 17.500000
v 1.525000 81.675000 17.500000
v 0.830407 81.614231 17.500000
v 0.156919 81.433770 17.500000
v -0.475000 81.139102 17.500000
v -1.046150 80.739178 17.500000
v -1.539178 80.246150 17.500000
v -1.939102 79.675000 17.500000
v -2.233770 79.043081 17.500000
v -2.414231 78.369593 17.500000
v -2.475000 77.675000 17.500000
v -2.475000 68.350000 17.500000
v -2.216181 68.384074 17.500000
v -1.975000 68.483975 17.500000
v -1.767893 68.642893 17.500000
v -1.608975 68.850000 17.500000
v -1.509074 69.091181 17.500000
v -1.475000 69.350000 17.500000
v -1.475000 2.325000 17.500000
v -1.399784 1.657437 17.500000
v -1.177907 1.023349 17.500000
v -0.820494 0.454531 17.500000
v -0.345469 -0.020494 17.500000
v 0.223349 -0.377907 17.500000
v 0.857437 -0.599784 17.500000
v 1.525000 -0.675000 17.500000
v 4.475000 -0.675000 17.500000
v 5.142563 -0.599784 17.500000
v 5.776651 -0.377907 17.500000
v 6.345469 -0.020494 17.500000
v 6.820494 0.454531 17.500000
v 7.177907 1.023349 17.500000
v 7.399784 1.657437 17.500000
v 7.475000 2.325000 17.500000
v 7.475000 77.675000 17.500000
v 7.399784 78.342563 17.500000
v 7.177907 78.976651 17.500000
v 6.820494 79.545469 17.500000
v 6.345469 80.020494 17.500000
v 5.776651 80.377907 17.500000
v 5.142563 80.599784 17.500000
v 4.475000 80.675000 17.500000
v 1.525000 80.675000 17.500000
v 0.857437 80.599784 17.500000
v 0.223349 80.377907 17.500000
v -0.345469 80.020494 17.500000
v -0.820494 79.545469 17.500000
v -1.177907 78.976651 17.500000
v -1.399784 78.342563 17.500000
v -1.475000 77.675000 17.500000
v 17.797876 -18.500000 18.500000
v 18.005693 -18.287237 18.712763
v 18.179661 -18.046007 18.953993
v 18.315932 -17.781646 19.218354
v 18.475000 -17.000000 -14.500000
v 18.465369 -17.196034 -14.519261
v 18.436571 -17.390181 -14.576859
v 18.388881 -17.580569 -14.672239
v 18.322759 -17.765367 -14.804482
v 18.238843 -17.942793 -14.972315
v 18.137939 -18.111140 -15.174122
v 17.889214 -18.414214 -15.671573
v 17.586140 -18.662939 -16.277719
v 17.240367 -18.847759 -16.969266
v 16.865181 -18.961571 -17.719639
v 16.475000 -19.000000 -18.500000
v 16.475000 -19.000000 18.500000
v 16.952176 -18.942242 18.500000
v 17.401791 -18.772303 18.500000
v 17.889214 -18.414214 10.000000
v 17.889214 -18.414214 0.500000
v 17.889214 -18.414214 -9.000000
v 17.475000 -18.732051 -9.000000
v 17.475000 -18.732051 0.500000
v 17.475000 -18.732051 10.000000
v 18.207051 -18.000000 10.000000
v 18.207051 -18.000000 0.500000
v 18.207051 -18.000000 -9.000000
v 18.406852 -17.517638 10.000000
v 18.406852 -17.517638 0.500000
v 18.406852 -17.517638 -9.000000
v 16.992638 -18.931852 -9.000000
v 16.992638 -18.931852 0.500000
v 16.992638 -18.931852 10.000000
v -12.474950 21.000000 -14.500100
v -10.475000 17.000100 -18.500000
v -12.475000 17.000100 -18.500000
v -12.475000 21.000000 -14.500100
v -10.475000 -19.000000 -18.500000
v -10.475000 -21.000000 -18.500000
v -12.475000 -21.000000 -18.500000
v -12.475000 21.000000 -14.500000
v -12.475000 -17.000000 -14.500000
v -12.465369 -17.196034 -14.519261
v -12.436571 -17.390181 -14.576859
v -12.388881 -17.580569 -14.672239
v -12.322759 -17.765367 -14.804482
v -12.238843 -17.942793 -14.972315
v -12.137939 -18.111140 -15.174122
v -11.889214 -18.414214 -15.671573
v -11.586140 -18.662939 -16.277719
v -11.240367 -18.847759 -16.969266
v -10.865181 -18.961571 -17.719639
v 16.475000 17.000100 -18.500000
v 18.474950 21.000000 -14.500100
v 18.475000 21.000000 -14.500100
v 18.475000 17.000100 -18.500000
v 18.475000 21.000000 -14.500000
v -10.475000 -19.000000 18.500000
v -10.952176 -18.942242 18.500000
v -11.401791 -18.772303 18.500000
v -11.797876 -18.500000 18.500000
v -12.005693 -18.287237 18.712763
v -12.179661 -18.046007 18.953993
v -12.315932 -17.781646 19.218354
v -12.406852 -17.517638 10.000000
v -12.406852 -17.517638 0.500000
v -12.406852 -17.517638 -9.000000
v -12.207051 -18.000000 10.000000
v -12.207051 -18.000000 0.500000
v -12.207051 -18.000000 -9.000000
v -11.889214 -18.414214 10.000000
v -11.889214 -18.414214 0.500000
v -11.889214 -18.414214 -9.000000
v -11.475000 -18.732051 10.000000
v -11.475000 -18.732051 0.500000
v -11.475000 -18.732051 -9.000000
v -10.992638 -18.931852 10.000000
v -10.992638 -18.931852 0.500000
v -10.992638 -18.931852 -9.000000
v 16.475000 -20.800000 19.100000
v -10.475000 -20.800000 19.100000
v -10.475000 -20.626836 19.279151
v -10.475000 -20.414758 19.409932
v -10.475000 -20.176931 19.484223
v -10.475000 -19.928121 19.497413
v -10.475000 -19.683772 19.448683
v -10.475000 -19.459055 19.341058
v -10.475000 -19.267921 19.181220
v -10.475000 -19.122235 18.979091
v -10.475000 -19.031040 18.747219
v 16.475000 -19.031040 18.747219
v 16.475000 -19.122235 18.979091
v 16.475000 -19.267921 19.181220
v 16.475000 -19.459055 19.341058
v 16.475000 -19.683772 19.448683
v 16.475000 -19.928121 19.497413
v 16.475000 -20.176931 19.484223
v 16.475000 -20.414758 19.409932
v 16.475000 -20.626836 19.279151
v -5.085000 -20.626836 19.279151
v 0.305000 -20.626836 19.279151
v 5.695000 -20.626836 19.279151
v 11.085000 -20.626836 19.279151
v -5.085000 -20.414758 19.409932
v 0.305000 -20.414758 19.409932
v 5.695000 -20.414758 19.409932
v 11.085000 -20.414758 19.409932
v -5.085000 -20.176931 19.484223
v 0.305000 -20.176931 19.484223
v 5.695000 -20.176931 19.484223
v 11.085000 -20.176931 19.484223
v -5.085000 -19.928121 19.497413
v 0.305000 -19.928121 19.497413
v 5.695000 -19.928121 19.497413
v 11.085000 -19.928121 19.497413
v -5.085000 -19.683772 19.448683
v 0.305000 -19.683772 19.448683
v 5.695000 -19.683772 19.448683
v 11.085000 -19.683772 19.448683
v -5.085000 -19.459055 19.341058
v 0.305000 -19.459055 19.341058
v 5.695000 -19.459055 19.341058
v 11.085000 -19.459055 19.341058
v -5.085000 -19.267921 19.181220
v 0.305000 -19.267921 19.181220
v 5.695000 -19.267921 19.181220
v 11.085000 -19.267921 19.181220
v -5.085000 -19.122235 18.979091
v 0.305000 -19.122235 18.979091
v 5.695000 -19.122235 18.979091
v 11.085000 -19.122235 18.979091
v -5.085000 -19.031040 18.747219
v 0.305000 -19.031040 18.747219
v 5.695000 -19.031040 18.747219
v 11.085000 -19.031040 18.747219
v 16.475000 -21.000000 19.100000
v -10.475000 -21.000000 19.100000
v -12.475000 -21.000000 -19.500000
v -12.475000 81.000000 -19.500000
v 18.475000 -21.000000 -18.500000
v 16.475000 -21.000000 -18.500000
v 4.475000 -0.675000 22.500000
v 5.142563 -0.599784 22.500000
v 5.776651 -0.377907 22.500000
v 6.345469 -0.020494 22.500000
v 6.820494 0.454531 22.500000
v 7.177907 1.023349 22.500000
v 7.399784 1.657437 22.500000
v 7.475000 2.325000 22.500000
v 7.475000 77.675000 22.500000
v -1.475000 2.325000 22.500000
v -1.399784 1.657437 22.500000
v -1.177907 1.023349 22.500000
v -0.820494 0.454531 22.500000
v -0.345469 -0.020494 22.500000
v 0.223349 -0.377907 22.500000
v 0.857437 -0.599784 22.500000
v 1.525000 -0.675000 22.500000
v 1.525000 80.675000 22.500000
v 0.857437 80.599784 22.500000
v 0.223349 80.377907 22.500000
v -0.345469 80.020494 22.500000
v -0.820494 79.545469 22.500000
v -1.177907 78.976651 22.500000
v -1.399784 78.342563 22.500000
v -1.475000 77.675000 22.500000
v 7.399784 78.342563 22.500000
v 7.177907 78.976651 22.500000
v 6.820494 79.545469 22.500000
v 6.345469 80.020494 22.500000
v 5.776651 80.377907 22.500000
v 5.142563 80.599784 22.500000
v 4.475000 80.675000 22.500000
v -10.475000 -20.500000 -22.500000
v -10.475000 -20.629410 -22.482963
v -10.475000 -20.750000 -22.433013
v -10.475000 -20.853553 -22.353553
v -10.475000 -20.933013 -22.250000
v -10.475000 -20.982963 -22.129410
v -10.475000 -21.000000 -22.000000
v -12.475000 -21.000000 -22.000000
v -12.475000 -20.982963 -22.129410
v -12.475000 -20.933013 -22.250000
v -12.475000 -20.853553 -22.353553
v -12.475000 -20.750000 -22.433013
v -12.475000 -20.629410 -22.482963
v -12.475000 -20.500000 -22.500000
v -14.475000 -19.000000 -22.000000
v -14.457963 -19.000000 -22.129410
v -14.408013 -19.000000 -22.250000
v -14.328553 -19.000000 -22.353553
v -14.225000 -19.000000 -22.433013
v -14.104410 -19.000000 -22.482963
v -13.975000 -19.000000 -22.500000
v -13.923889 -19.388229 -22.500000
v -13.774038 -19.750000 -22.500000
v -13.535660 -20.060660 -22.500000
v -13.225000 -20.299038 -22.500000
v -12.863229 -20.448889 -22.500000
v -12.992638 -20.931852 -22.000000
v -13.475000 -20.732051 -22.000000
v -13.889214 -20.414214 -22.000000
v -14.207051 -20.000000 -22.000000
v -14.406852 -19.517638 -22.000000
v -14.048889 -19.421722 -22.482963
v -14.165370 -19.452933 -22.433013
v -14.265395 -19.479735 -22.353553
v -14.342147 -19.500301 -22.250000
v -14.390395 -19.513229 -22.129410
v -13.886110 -19.814705 -22.482963
v -13.990544 -19.875000 -22.433013
v -14.080224 -19.926777 -22.353553
v -14.149038 -19.966506 -22.250000
v -14.192296 -19.991481 -22.129410
v -13.627167 -20.152167 -22.482963
v -13.712437 -20.237437 -22.433013
v -13.785660 -20.310660 -22.353553
v -13.841846 -20.366846 -22.250000
v -13.877167 -20.402167 -22.129410
v -13.289705 -20.411110 -22.482963
v -13.350000 -20.515544 -22.433013
v -13.401777 -20.605224 -22.353553
v -13.441506 -20.674038 -22.250000
v -13.466481 -20.717296 -22.129410
v -12.896722 -20.573889 -22.482963
v -12.927933 -20.690370 -22.433013
v -12.954735 -20.790395 -22.353553
v -12.975301 -20.867147 -22.250000
v -12.988229 -20.915395 -22.129410
v -14.475000 83.000000 -22.000000
v -14.457963 83.000000 -22.129410
v -14.408013 83.000000 -22.250000
v -14.328553 83.000000 -22.353553
v -14.225000 83.000000 -22.433013
v -14.104410 83.000000 -22.482963
v -13.975000 83.000000 -22.500000
v -14.457963 80.243243 -22.129410
v -14.457963 77.486486 -22.129410
v -14.457963 74.729730 -22.129410
v -14.457963 71.972973 -22.129410
v -14.457963 69.216216 -22.129410
v -14.457963 66.459459 -22.129410
v -14.457963 63.702703 -22.129410
v -14.457963 60.945946 -22.129410
v -14.457963 58.189189 -22.129410
v -14.457963 55.432432 -22.129410
v -14.457963 52.675676 -22.129410
v -14.457963 49.918919 -22.129410
v -14.457963 47.162162 -22.129410
v -14.457963 44.405405 -22.129410
v -14.457963 41.648649 -22.129410
v -14.457963 38.891892 -22.129410
v -14.457963 36.135135 -22.129410
v -14.457963 33.378378 -22.129410
v -14.457963 30.621622 -22.129410
v -14.457963 27.864865 -22.129410
v -14.457963 25.108108 -22.129410
v -14.457963 22.351351 -22.129410
v -14.457963 19.594595 -22.129410
v -14.457963 16.837838 -22.129410
v -14.457963 14.081081 -22.129410
v -14.457963 11.324324 -22.129410
v -14.457963 8.567568 -22.129410
v -14.457963 5.810811 -22.129410
v -14.457963 3.054054 -22.129410
v -14.457963 0.297297 -22.129410
v -14.457963 -2.459459 -22.129410
v -14.457963 -5.216216 -22.129410
v -14.457963 -7.972973 -22.129410
v -14.457963 -10.729730 -22.129410
v -14.457963 -13.486486 -22.129410
v -14.457963 -16.243243 -22.129410
v -14.408013 80.243243 -22.250000
v -14.408013 77.486486 -22.250000
v -14.408013 74.729730 -22.250000
v -14.408013 71.972973 -22.250000
v -14.408013 69.216216 -22.250000
v -14.408013 66.459459 -22.250000
v -14.408013 63.702703 -22.250000
v -14.408013 60.945946 -22.250000
v -14.408013 58.189189 -22.250000
v -14.408013 55.432432 -22.250000
v -14.408013 52.675676 -22.250000
v -14.408013 49.918919 -22.250000
v -14.408013 47.162162 -22.250000
v -14.408013 44.405405 -22.250000
v -14.408013 41.648649 -22.250000
v -14.408013 38.891892 -22.250000
v -14.408013 36.135135 -22.250000
v -14.408013 33.378378 -22.250000
v -14.408013 30.621622 -22.250000
v -14.408013 27.864865 -22.250000
v -14.408013 25.108108 -22.250000
v -14.408013 22.351351 -22.250000
v -14.408013 19.594595 -22.250000
v -14.408013 16.837838 -22.250000
v -14.408013 14.081081 -22.250000
v -14.408013 11.324324 -22.250000
v -14.408013 8.567568 -22.250000
v -14.408013 5.810811 -22.250000
v -14.408013 3.054054 -22.250000
v -14.408013 0.297297 -22.250000
v -14.408013 -2.459459 -22.250000
v -14.408013 -5.216216 -22.250000
v -14.408013 -7.972973 -22.250000
v -14.408013 -10.729730 -22.250000
v -14.408013 -13.486486 -22.250000
v -14.408013 -16.243243 -22.250000
v -14.328553 80.243243 -22.353553
v -14.328553 77.486486 -22.353553
v -14.328553 74.729730 -22.353553
v -14.328553 71.972973 -22.353553
v -14.328553 69.216216 -22.353553
v -14.328553 66.459459 -22.353553
v -14.328553 63.702703 -22.353553
v -14.328553 60.945946 -22.353553
v -14.328553 58.189189 -22.353553
v -14.328553 55.432432 -22.353553
v -14.328553 52.675676 -22.353553
v -14.328553 49.918919 -22.353553
v -14.328553 47.162162 -22.353553
v -14.328553 44.405405 -22.353553
v -14.328553 41.648649 -22.353553
v -14.328553 38.891892 -22.353553
v -14.328553 36.135135 -22.353553
v -14.328553 33.378378 -22.353553
v -14.328553 30.621622 -22.353553
v -14.328553 27.864865 -22.353553
v -14.328553 25.108108 -22.353553
v -14.328553 22.351351 -22.353553
v -14.328553 19.594595 -22.353553
v -14.328553 16.837838 -22.353553
v -14.328553 14.081081 -22.353553
v -14.328553 11.324324 -22.353553
v -14.328553 8.567568 -22.353553
v -14.328553 5.810811 -22.353553
v -14.328553 3.054054 -22.353553
v -14.328553 0.297297 -22.353553
v -14.328553 -2.459459 -22.353553
v -14.328553 -5.216216 -22.353553
v -14.328553 -7.972973 -22.353553
v -14.328553 -10.729730 -22.353553
v -14.328553 -13.486486 -22.353553
v -14.328553 -16.243243 -22.353553
v -14.225000 80.243243 -22.433013
v -14.225000 77.486486 -22.433013
v -14.225000 74.729730 -22.433013
v -14.225000 71.972973 -22.433013
v -14.225000 69.216216 -22.433013
v -14.225000 66.459459 -22.433013
v -14.225000 63.702703 -22.433013
v -14.225000 60.945946 -22.433013
v -14.225000 58.189189 -22.433013
v -14.225000 55.432432 -22.433013
v -14.225000 52.675676 -22.433013
v -14.225000 49.918919 -22.433013
v -14.225000 47.162162 -22.433013
v -14.225000 44.405405 -22.433013
v -14.225000 41.648649 -22.433013
v -14.225000 38.891892 -22.433013
v -14.225000 36.135135 -22.433013
v -14.225000 33.378378 -22.433013
v -14.225000 30.621622 -22.433013
v -14.225000 27.864865 -22.433013
v -14.225000 25.108108 -22.433013
v -14.225000 22.351351 -22.433013
v -14.225000 19.594595 -22.433013
v -14.225000 16.837838 -22.433013
v -14.225000 14.081081 -22.433013
v -14.225000 11.324324 -22.433013
v -14.225000 8.567568 -22.433013
v -14.225000 5.810811 -22.433013
v -14.225000 3.054054 -22.433013
v -14.225000 0.297297 -22.433013
v -14.225000 -2.459459 -22.433013
v -14.225000 -5.216216 -22.433013
v -14.225000 -7.972973 -22.433013
v -14.225000 -10.729730 -22.433013
v -14.225000 -13.486486 -22.433013
v -14.225000 -16.243243 -22.433013
v -14.104410 80.243243 -22.482963
v -14.104410 77.486486 -22.482963
v -14.104410 74.729730 -22.482963
v -14.104410 71.972973 -22.482963
v -14.104410 69.216216 -22.482963
v -14.104410 66.459459 -22.482963
v -14.104410 63.702703 -22.482963
v -14.104410 60.945946 -22.482963
v -14.104410 58.189189 -22.482963
v -14.104410 55.432432 -22.482963
v -14.104410 52.675676 -22.482963
v -14.104410 49.918919 -22.482963
v -14.104410 47.162162 -22.482963
v -14.104410 44.405405 -22.482963
v -14.104410 41.648649 -22.482963
v -14.104410 38.891892 -22.482963
v -14.104410 36.135135 -22.482963
v -14.104410 33.378378 -22.482963
v -14.104410 30.621622 -22.482963
v -14.104410 27.864865 -22.482963
v -14.104410 25.108108 -22.482963
v -14.104410 22.351351 -22.482963
v -14.104410 19.594595 -22.482963
v -14.104410 16.837838 -22.482963
v -14.104410 14.081081 -22.482963
v -14.104410 11.324324 -22.482963
v -14.104410 8.567568 -22.482963
v -14.104410 5.810811 -22.482963
v -14.104410 3.054054 -22.482963
v -14.104410 0.297297 -22.482963
v -14.104410 -2.459459 -22.482963
v -14.104410 -5.216216 -22.482963
v -14.104410 -7.972973 -22.482963
v -14.104410 -10.729730 -22.482963
v -14.104410 -13.486486 -22.482963
v -14.104410 -16.243243 -22.482963
v -12.475000 85.000000 -22.000000
v -12.475000 84.982963 -22.129410
v -12.475000 84.933013 -22.250000
v -12.475000 84.853553 -22.353553
v -12.475000 84.750000 -22.433013
v -12.475000 84.629410 -22.482963
v -12.475000 84.500000 -22.500000
v -12.863229 84.448889 -22.500000
v -13.225000 84.299038 -22.500000
v -13.535660 84.060660 -22.500000
v -13.774038 83.750000 -22.500000
v -13.923889 83.388229 -22.500000
v -14.406852 83.517638 -22.000000
v -14.207051 84.000000 -22.000000
v -13.889214 84.414214 -22.000000
v -13.475000 84.732051 -22.000000
v -12.992638 84.931852 -22.000000
v -12.896722 84.573889 -22.482963
v -12.927933 84.690370 -22.433013
v -12.954735 84.790395 -22.353553
v -12.975301 84.867147 -22.250000
v -12.988229 84.915395 -22.129410
v -13.289705 84.411110 -22.482963
v -13.350000 84.515544 -22.433013
v -13.401777 84.605224 -22.353553
v -13.441506 84.674038 -22.250000
v -13.466481 84.717296 -22.129410
v -13.627167 84.152167 -22.482963
v -13.712437 84.237437 -22.433013
v -13.785660 84.310660 -22.353553
v -13.841846 84.366846 -22.250000
v -13.877167 84.402167 -22.129410
v -13.886110 83.814705 -22.482963
v -13.990544 83.875000 -22.433013
v -14.080224 83.926777 -22.353553
v -14.149038 83.966506 -22.250000
v -14.192296 83.991481 -22.129410
v -14.048889 83.421722 -22.482963
v -14.165370 83.452933 -22.433013
v -14.265395 83.479735 -22.353553
v -14.342147 83.500301 -22.250000
v -14.390395 83.513229 -22.129410
v 18.475000 85.000000 -22.000000
v 18.475000 84.982963 -22.129410
v 18.475000 84.933013 -22.250000
v 18.475000 84.853553 -22.353553
v 18.475000 84.750000 -22.433013
v 18.475000 84.629410 -22.482963
v 18.475000 84.500000 -22.500000
v 15.661364 84.982963 -22.129410
v 12.847727 84.982963 -22.129410
v 10.034091 84.982963 -22.129410
v 7.220455 84.982963 -22.129410
v 4.406818 84.982963 -22.129410
v 1.593182 84.982963 -22.129410
v -1.220455 84.982963 -22.129410
v -4.034091 84.982963 -22.129410
v -6.847727 84.982963 -22.129410
v -9.661364 84.982963 -22.129410
v 15.661364 84.933013 -22.250000
v 12.847727 84.933013 -22.250000
v 10.034091 84.933013 -22.250000
v 7.220455 84.933013 -22.250000
v 4.406818 84.933013 -22.250000
v 1.593182 84.933013 -22.250000
v -1.220455 84.933013 -22.250000
v -4.034091 84.933013 -22.250000
v -6.847727 84.933013 -22.250000
v -9.661364 84.933013 -22.250000
v 15.661364 84.853553 -22.353553
v 12.847727 84.853553 -22.353553
v 10.034091 84.853553 -22.353553
v 7.220455 84.853553 -22.353553
v 4.406818 84.853553 -22.353553
v 1.593182 84.853553 -22.353553
v -1.220455 84.853553 -22.353553
v -4.034091 84.853553 -22.353553
v -6.847727 84.853553 -22.353553
v -9.661364 84.853553 -22.353553
v 15.661364 84.750000 -22.433013
v 12.847727 84.750000 -22.433013
v 10.034091 84.750000 -22.433013
v 7.220455 84.750000 -22.433013
v 4.406818 84.750000 -22.433013
v 1.593182 84.750000 -22.433013
v -1.220455 84.750000 -22.433013
v -4.034091 84.750000 -22.433013
v -6.847727 84.750000 -22.433013
v -9.661364 84.750000 -22.433013
v 15.661364 84.629410 -22.482963
v 12.847727 84.629410 -22.482963
v 10.034091 84.629410 -22.482963
v 7.220455 84.629410 -22.482963
v 4.406818 84.629410 -22.482963
v 1.593182 84.629410 -22.482963
v -1.220455 84.629410 -22.482963
v -4.034091 84.629410 -22.482963
v -6.847727 84.629410 -22.482963
v -9.661364 84.629410 -22.482963
v 20.475000 83.000000 -22.000000
v 20.457963 83.000000 -22.129410
v 20.408013 83.000000 -22.250000
v 20.328553 83.000000 -22.353553
v 20.225000 83.000000 -22.433013
v 20.104410 83.000000 -22.482963
v 19.975000 83.000000 -22.500000
v 19.923889 83.388229 -22.500000
v 19.774038 83.750000 -22.500000
v 19.535660 84.060660 -22.500000
v 19.225000 84.299038 -22.500000
v 18.863229 84.448889 -22.500000
v 18.992638 84.931852 -22.000000
v 19.475000 84.732051 -22.000000
v 19.889214 84.414214 -22.000000
v 20.207051 84.000000 -22.000000
v 20.406852 83.517638 -22.000000
v 20.048889 83.421722 -22.482963
v 20.165370 83.452933 -22.433013
v 20.265395 83.479735 -22.353553
v 20.342147 83.500301 -22.250000
v 20.390395 83.513229 -22.129410
v 19.886110 83.814705 -22.482963
v 19.990544 83.875000 -22.433013
v 20.080224 83.926777 -22.353553
v 20.149038 83.966506 -22.250000
v 20.192296 83.991481 -22.129410
v 19.627167 84.152167 -22.482963
v 19.712437 84.237437 -22.433013
v 19.785660 84.310660 -22.353553
v 19.841846 84.366846 -22.250000
v 19.877167 84.402167 -22.129410
v 19.289705 84.411110 -22.482963
v 19.350000 84.515544 -22.433013
v 19.401777 84.605224 -22.353553
v 19.441506 84.674038 -22.250000
v 19.466481 84.717296 -22.129410
v 18.896722 84.573889 -22.482963
v 18.927933 84.690370 -22.433013
v 18.954735 84.790395 -22.353553
v 18.975301 84.867147 -22.250000
v 18.988229 84.915395 -22.129410
v 20.475000 -19.000000 -22.000000
v 20.457963 -19.000000 -22.129410
v 20.408013 -19.000000 -22.250000
v 20.328553 -19.000000 -22.353553
v 20.225000 -19.000000 -22.433013
v 20.104410 -19.000000 -22.482963
v 19.975000 -19.000000 -22.500000
v 20.457963 -16.243243 -22.129410
v 20.457963 -13.486486 -22.129410
v 20.457963 -10.729730 -22.129410
v 20.457963 -7.972973 -22.129410
v 20.457963 -5.216216 -22.129410
v 20.457963 -2.459459 -22.129410
v 20.457963 0.297297 -22.129410
v 20.457963 3.054054 -22.129410
v 20.457963 5.810811 -22.129410
v 20.457963 8.567568 -22.129410
v 20.457963 11.324324 -22.129410
v 20.457963 14.081081 -22.129410
v 20.457963 16.837838 -22.129410
v 20.457963 19.594595 -22.129410
v 20.457963 22.351351 -22.129410
v 20.457963 25.108108 -22.129410
v 20.457963 27.864865 -22.129410
v 20.457963 30.621622 -22.129410
v 20.457963 33.378378 -22.129410
v 20.457963 36.135135 -22.129410
v 20.457963 38.891892 -22.129410
v 20.457963 41.648649 -22.129410
v 20.457963 44.405405 -22.129410
v 20.457963 47.162162 -22.129410
v 20.457963 49.918919 -22.129410
v 20.457963 52.675676 -22.129410
v 20.457963 55.432432 -22.129410
v 20.457963 58.189189 -22.129410
v 20.457963 60.945946 -22.129410
v 20.457963 63.702703 -22.129410
v 20.457963 66.459459 -22.129410
v 20.457963 69.216216 -22.129410
v 20.457963 71.972973 -22.129410
v 20.457963 74.729730 -22.129410
v 20.457963 77.486486 -22.129410
v 20.457963 80.243243 -22.129410
v 20.408013 -16.243243 -22.250000
v 20.408013 -13.486486 -22.250000
v 20.408013 -10.729730 -22.250000
v 20.408013 -7.972973 -22.250000
v 20.408013 -5.216216 -22.250000
v 20.408013 -2.459459 -22.250000
v 20.408013 0.297297 -22.250000
v 20.408013 3.054054 -22.250000
v 20.408013 5.810811 -22.250000
v 20.408013 8.567568 -22.250000
v 20.408013 11.324324 -22.250000
v 20.408013 14.081081 -22.250000
v 20.408013 16.837838 -22.250000
v 20.408013 19.594595 -22.250000
v 20.408013 22.351351 -22.250000
v 20.408013 25.108108 -22.250000
v 20.408013 27.864865 -22.250000
v 20.408013 30.621622 -22.250000
v 20.408013 33.378378 -22.250000
v 20.408013 36.135135 -22.250000
v 20.408013 38.891892 -22.250000
v 20.408013 41.648649 -22.250000
v 20.408013 44.405405 -22.250000
v 20.408013 47.162162 -22.250000
v 20.408013 49.918919 -22.250000
v 20.408013 52.675676 -22.250000
v 20.408013 55.432432 -22.250000
v 20.408013 58.189189 -22.250000
v 20.408013 60.945946 -22.250000
v 20.408013 63.702703 -22.250000
v 20.408013 66.459459 -22.250000
v 20.408013 69.216216 -22.250000
v 20.408013 71.972973 -22.250000
v 20.408013 74.729730 -22.250000
v 20.408013 77.486486 -22.250000
v 20.408013 80.243243 -22.250000
v 20.328553 -16.243243 -22.353553
v 20.328553 -13.486486 -22.353553
v 20.328553 -10.729730 -22.353553
v 20.328553 -7.972973 -22.353553
v 20.328553 -5.216216 -22.353553
v 20.328553 -2.459459 -22.353553
v 20.328553 0.297297 -22.353553
v 20.328553 3.054054 -22.353553
v 20.328553 5.810811 -22.353553
v 20.328553 8.567568 -22.353553
v 20.328553 11.324324 -22.353553
v 20.328553 14.081081 -22.353553
v 20.328553 16.837838 -22.353553
v 20.328553 19.594595 -22.353553
v 20.328553 22.351351 -22.353553
v 20.328553 25.108108 -22.353553
v 20.328553 27.864865 -22.353553
v 20.328553 30.621622 -22.353553
v 20.328553 33.378378 -22.353553
v 20.328553 36.135135 -22.353553
v 20.328553 38.891892 -22.353553
v 20.328553 41.648649 -22.353553
v 20.328553 44.405405 -22.353553
v 20.328553 47.162162 -22.353553
v 20.328553 49.918919 -22.353553
v 20.328553 52.675676 -22.353553
v 20.328553 55.432432 -22.353553
v 20.328553 58.189189 -22.353553
v 20.328553 60.945946 -22.353553
v 20.328553 63.702703 -22.353553
v 20.328553 66.459459 -22.353553
v 20.328553 69.216216 -22.353553
v 20.328553 71.972973 -22.353553
v 20.328553 74.729730 -22.353553
v 20.328553 77.486486 -22.353553
v 20.328553 80.243243 -22.353553
v 20.225000 -16.243243 -22.433013
v 20.225000 -13.486486 -22.433013
v 20.225000 -10.729730 -22.433013
v 20.225000 -7.972973 -22.433013
v 20.225000 -5.216216 -22.433013
v 20.225000 -2.459459 -22.433013
v 20.225000 0.297297 -22.433013
v 20.225000 3.054054 -22.433013
v 20.225000 5.810811 -22.433013
v 20.225000 8.567568 -22.433013
v 20.225000 11.324324 -22.433013
v 20.225000 14.081081 -22.433013
v 20.225000 16.837838 -22.433013
v 20.225000 19.594595 -22.433013
v 20.225000 22.351351 -22.433013
v 20.225000 25.108108 -22.433013
v 20.225000 27.864865 -22.433013
v 20.225000 30.621622 -22.433013
v 20.225000 33.378378 -22.433013
v 20.225000 36.135135 -22.433013
v 20.225000 38.891892 -22.433013
v 20.225000 41.648649 -22.433013
v 20.225000 44.405405 -22.433013
v 20.225000 47.162162 -22.433013
v 20.225000 49.918919 -22.433013
v 20.225000 52.675676 -22.433013
v 20.225000 55.432432 -22.433013
v 20.225000 58.189189 -22.433013
v 20.225000 60.945946 -22.433013
v 20.225000 63.702703 -22.433013
v 20.225000 66.459459 -22.433013
v 20.225000 69.216216 -22.433013
v 20.225000 71.972973 -22.433013
v 20.225000 74.729730 -22.433013
v 20.225000 77.486486 -22.433013
v 20.225000 80.243243 -22.433013
v 20.104410 -16.243243 -22.482963
v 20.104410 -13.486486 -22.482963
v 20.104410 -10.729730 -22.482963
v 20.104410 -7.972973 -22.482963
v 20.104410 -5.216216 -22.482963
v 20.104410 -2.459459 -22.482963
v 20.104410 0.297297 -22.482963
v 20.104410 3.054054 -22.482963
v 20.104410 5.810811 -22.482963
v 20.104410 8.567568 -22.482963
v 20.104410 11.324324 -22.482963
v 20.104410 14.081081 -22.482963
v 20.104410 16.837838 -22.482963
v 20.104410 19.594595 -22.482963
v 20.104410 22.351351 -22.482963
v 20.104410 25.108108 -22.482963
v 20.104410 27.864865 -22.482963
v 20.104410 30.621622 -22.482963
v 20.104410 33.378378 -22.482963
v 20.104410 36.135135 -22.482963
v 20.104410 38.891892 -22.482963
v 20.104410 41.648649 -22.482963
v 20.104410 44.405405 -22.482963
v 20.104410 47.162162 -22.482963
v 20.104410 49.918919 -22.482963
v 20.104410 52.675676 -22.482963
v 20.104410 55.432432 -22.482963
v 20.104410 58.189189 -22.482963
v 20.104410 60.945946 -22.482963
v 20.104410 63.702703 -22.482963
v 20.104410 66.459459 -22.482963
v 20.104410 69.216216 -22.482963
v 20.104410 71.972973 -22.482963
v 20.104410 74.729730 -22.482963
v 20.104410 77.486486 -22.482963
v 20.104410 80.243243 -22.482963
v 18.475000 -21.000000 -22.000000
v 18.475000 -20.982963 -22.129410
v 18.475000 -20.933013 -22.250000
v 18.475000 -20.853553 -22.353553
v 18.475000 -20.750000 -22.433013
v 18.475000 -20.629410 -22.482963
v 18.475000 -20.500000 -22.500000
v 18.863229 -20.448889 -22.500000
v 19.225000 -20.299038 -22.500000
v 19.535660 -20.060660 -22.500000
v 19.774038 -19.750000 -22.500000
v 19.923889 -19.388229 -22.500000
v 20.406852 -19.517638 -22.000000
v 20.207051 -20.000000 -22.000000
v 19.889214 -20.414214 -22.000000
v 19.475000 -20.732051 -22.000000
v 18.992638 -20.931852 -22.000000
v 18.896722 -20.573889 -22.482963
v 18.927933 -20.690370 -22.433013
v 18.954735 -20.790395 -22.353553
v 18.975301 -20.867147 -22.250000
v 18.988229 -20.915395 -22.129410
v 19.289705 -20.411110 -22.482963
v 19.350000 -20.515544 -22.433013
v 19.401777 -20.605224 -22.353553
v 19.441506 -20.674038 -22.250000
v 19.466481 -20.717296 -22.129410
v 19.627167 -20.152167 -22.482963
v 19.712437 -20.237437 -22.433013
v 19.785660 -20.310660 -22.353553
v 19.841846 -20.366846 -22.250000
v 19.877167 -20.402167 -22.129410
v 19.886110 -19.814705 -22.482963
v 19.990544 -19.875000 -22.433013
v 20.080224 -19.926777 -22.353553
v 20.149038 -19.966506 -22.250000
v 20.192296 -19.991481 -22.129410
v 20.048889 -19.421722 -22.482963
v 20.165370 -19.452933 -22.433013
v 20.265395 -19.479735 -22.353553
v 20.342147 -19.500301 -22.250000
v 20.390395 -19.513229 -22.129410
v 16.475000 -21.000000 -22.000000
v 16.475000 -20.982963 -22.129410
v 16.475000 -20.933013 -22.250000
v 16.475000 -20.853553 -22.353553
v 16.475000 -20.750000 -22.433013
v 16.475000 -20.629410 -22.482963
v 16.475000 -20.500000 -22.500000
v 18.475000 -21.000000 -19.500000
v 16.475000 -21.000000 -19.500000
v 20.475000 -19.000000 22.000000
v 20.406852 -19.517638 22.000000
v 20.207051 -20.000000 22.000000
v 19.889214 -20.414214 22.000000
v 19.475000 -20.732051 22.000000
v 18.992638 -20.931852 22.000000
v 18.475000 -21.000000 22.000000
v 18.992638 -20.931852 -11.000000
v 18.992638 -20.931852 0.000000
v 18.992638 -20.931852 11.000000
v 19.475000 -20.732051 -11.000000
v 19.475000 -20.732051 0.000000
v 19.475000 -20.732051 11.000000
v 19.889214 -20.414214 -11.000000
v 19.889214 -20.414214 0.000000
v 19.889214 -20.414214 11.000000
v 20.207051 -20.000000 -11.000000
v 20.207051 -20.000000 0.000000
v 20.207051 -20.000000 11.000000
v 20.406852 -19.517638 -11.000000
v 20.406852 -19.517638 0.000000
v 20.406852 -19.517638 11.000000
v 20.475000 83.000000 22.000000
v 18.475000 85.000000 22.000000
v 18.992638 84.931852 22.000000
v 19.475000 84.732051 22.000000
v 19.889214 84.414214 22.000000
v 20.207051 84.000000 22.000000
v 20.406852 83.517638 22.000000
v 20.406852 83.517638 -11.000000
v 20.406852 83.517638 0.000000
v 20.406852 83.517638 11.000000
v 20.207051 84.000000 -11.000000
v 20.207051 84.000000 0.000000
v 20.207051 84.000000 11.000000
v 19.889214 84.414214 -11.000000
v 19.889214 84.414214 0.000000
v 19.889214 84.414214 11.000000
v 19.475000 84.732051 -11.000000
v 19.475000 84.732051 0.000000
v 19.475000 84.732051 11.000000
v 18.992638 84.931852 -11.000000
v 18.992638 84.931852 0.000000
v 18.992638 84.931852 11.000000
v -12.475000 85.000000 22.000000
v -14.475000 83.000000 22.000000
v -14.406852 83.517638 22.000000
v -14.207051 84.000000 22.000000
v -13.889214 84.414214 22.000000
v -13.475000 84.732051 22.000000
v -12.992638 84.931852 22.000000
v -12.992638 84.931852 -11.000000
v -12.992638 84.931852 0.000000
v -12.992638 84.931852 11.000000
v -13.475000 84.732051 -11.000000
v -13.475000 84.732051 0.000000
v -13.475000 84.732051 11.000000
v -13.889214 84.414214 -11.000000
v -13.889214 84.414214 0.000000
v -13.889214 84.414214 11.000000
v -14.207051 84.000000 -11.000000
v -14.207051 84.000000 0.000000
v -14.207051 84.000000 11.000000
v -14.406852 83.517638 -11.000000
v -14.406852 83.517638 0.000000
v -14.406852 83.517638 11.000000
v -14.475000 -19.000000 22.000000
v -12.475000 -21.000000 22.000000
v -12.992638 -20.931852 22.000000
v -13.475000 -20.732051 22.000000
v -13.889214 -20.414214 22.000000
v -14.207051 -20.000000 22.000000
v -14.406852 -19.517638 22.000000
v -14.406852 -19.517638 -11.000000
v -14.406852 -19.517638 0.000000
v -14.406852 -19.517638 11.000000
v -14.207051 -20.000000 -11.000000
v -14.207051 -20.000000 0.000000
v -14.207051 -20.000000 11.000000
v -13.889214 -20.414214 -11.000000
v -13.889214 -20.414214 0.000000
v -13.889214 -20.414214 11.000000
v -13.475000 -20.732051 -11.000000
v -13.475000 -20.732051 0.000000
v -13.475000 -20.732051 11.000000
v -12.992638 -20.931852 -11.000000
v -12.992638 -20.931852 0.000000
v -12.992638 -20.931852 11.000000
v -10.475000 -21.000000 -19.500000
v -10.475000 21.000000 -22.500000
v -10.475000 21.000000 -19.500000
v -12.475000 -20.500000 22.500000
v -12.475000 -20.629410 22.482963
v -12.475000 -20.750000 22.433013
v -12.475000 -20.853553 22.353553
v -12.475000 -20.933013 22.250000
v -12.475000 -20.982963 22.129410
v 18.475000 -20.982963 22.129410
v 18.475000 -20.933013 22.250000
v 18.475000 -20.853553 22.353553
v 18.475000 -20.750000 22.433013
v 18.475000 -20.629410 22.482963
v 18.475000 -20.500000 22.500000
v -9.661364 -20.629410 22.482963
v -6.847727 -20.629410 22.482963
v -4.034091 -20.629410 22.482963
v -1.220455 -20.629410 22.482963
v 1.593182 -20.629410 22.482963
v 4.406818 -20.629410 22.482963
v 7.220455 -20.629410 22.482963
v 10.034091 -20.629410 22.482963
v 12.847727 -20.629410 22.482963
v 15.661364 -20.629410 22.482963
v -9.661364 -20.750000 22.433013
v -6.847727 -20.750000 22.433013
v -4.034091 -20.750000 22.433013
v -1.220455 -20.750000 22.433013
v 1.593182 -20.750000 22.433013
v 4.406818 -20.750000 22.433013
v 7.220455 -20.750000 22.433013
v 10.034091 -20.750000 22.433013
v 12.847727 -20.750000 22.433013
v 15.661364 -20.750000 22.433013
v -9.661364 -20.853553 22.353553
v -6.847727 -20.853553 22.353553
v -4.034091 -20.853553 22.353553
v -1.220455 -20.853553 22.353553
v 1.593182 -20.853553 22.353553
v 4.406818 -20.853553 22.353553
v 7.220455 -20.853553 22.353553
v 10.034091 -20.853553 22.353553
v 12.847727 -20.853553 22.353553
v 15.661364 -20.853553 22.353553
v -9.661364 -20.933013 22.250000
v -6.847727 -20.933013 22.250000
v -4.034091 -20.933013 22.250000
v -1.220455 -20.933013 22.250000
v 1.593182 -20.933013 22.250000
v 4.406818 -20.933013 22.250000
v 7.220455 -20.933013 22.250000
v 10.034091 -20.933013 22.250000
v 12.847727 -20.933013 22.250000
v 15.661364 -20.933013 22.250000
v -9.661364 -20.982963 22.129410
v -6.847727 -20.982963 22.129410
v -4.034091 -20.982963 22.129410
v -1.220455 -20.982963 22.129410
v 1.593182 -20.982963 22.129410
v 4.406818 -20.982963 22.129410
v 7.220455 -20.982963 22.129410
v 10.034091 -20.982963 22.129410
v 12.847727 -20.982963 22.129410
v 15.661364 -20.982963 22.129410
v 20.457963 -19.000000 22.129410
v 20.408013 -19.000000 22.250000
v 20.328553 -19.000000 22.353553
v 20.225000 -19.000000 22.433013
v 20.104410 -19.000000 22.482963
v 19.975000 -19.000000 22.500000
v 19.923889 -19.388229 22.500000
v 19.774038 -19.750000 22.500000
v 19.535660 -20.060660 22.500000
v 19.225000 -20.299038 22.500000
v 18.863229 -20.448889 22.500000
v 20.048889 -19.421722 22.482963
v 20.165370 -19.452933 22.433013
v 20.265395 -19.479735 22.353553
v 20.342147 -19.500301 22.250000
v 20.390395 -19.513229 22.129410
v 19.886110 -19.814705 22.482963
v 19.990544 -19.875000 22.433013
v 20.080224 -19.926777 22.353553
v 20.149038 -19.966506 22.250000
v 20.192296 -19.991481 22.129410
v 19.627167 -20.152167 22.482963
v 19.712437 -20.237437 22.433013
v 19.785660 -20.310660 22.353553
v 19.841846 -20.366846 22.250000
v 19.877167 -20.402167 22.129410
v 19.289705 -20.411110 22.482963
v 19.350000 -20.515544 22.433013
v 19.401777 -20.605224 22.353553
v 19.441506 -20.674038 22.250000
v 19.466481 -20.717296 22.129410
v 18.896722 -20.573889 22.482963
v 18.927933 -20.690370 22.433013
v 18.954735 -20.790395 22.353553
v 18.975301 -20.867147 22.250000
v 18.988229 -20.915395 22.129410
v 20.457963 83.000000 22.129410
v 20.408013 83.000000 22.250000
v 20.328553 83.000000 22.353553
v 20.225000 83.000000 22.433013
v 20.104410 83.000000 22.482963
v 19.975000 83.000000 22.500000
v 20.457963 80.243243 22.129410
v 20.457963 77.486486 22.129410
v 20.457963 74.729730 22.129410
v 20.457963 71.972973 22.129410
v 20.457963 69.216216 22.129410
v 20.457963 66.459459 22.129410
v 20.457963 63.702703 22.129410
v 20.457963 60.945946 22.129410
v 20.457963 58.189189 22.129410
v 20.457963 55.432432 22.129410
v 20.457963 52.675676 22.129410
v 20.457963 49.918919 22.129410
v 20.457963 47.162162 22.129410
v 20.457963 44.405405 22.129410
v 20.457963 41.648649 22.129410
v 20.457963 38.891892 22.129410
v 20.457963 36.135135 22.129410
v 20.457963 33.378378 22.129410
v 20.457963 30.621622 22.129410
v 20.457963 27.864865 22.129410
v 20.457963 25.108108 22.129410
v 20.457963 22.351351 22.129410
v 20.457963 19.594595 22.129410
v 20.457963 16.837838 22.129410
v 20.457963 14.081081 22.129410
v 20.457963 11.324324 22.129410
v 20.457963 8.567568 22.129410
v 20.457963 5.810811 22.129410
v 20.457963 3.054054 22.129410
v 20.457963 0.297297 22.129410
v 20.457963 -2.459459 22.129410
v 20.457963 -5.216216 22.129410
v 20.457963 -7.972973 22.129410
v 20.457963 -10.729730 22.129410
v 20.457963 -13.486486 22.129410
v 20.457963 -16.243243 22.129410
v 20.408013 80.243243 22.250000
v 20.408013 77.486486 22.250000
v 20.408013 74.729730 22.250000
v 20.408013 71.972973 22.250000
v 20.408013 69.216216 22.250000
v 20.408013 66.459459 22.250000
v 20.408013 63.702703 22.250000
v 20.408013 60.945946 22.250000
v 20.408013 58.189189 22.250000
v 20.408013 55.432432 22.250000
v 20.408013 52.675676 22.250000
v 20.408013 49.918919 22.250000
v 20.408013 47.162162 22.250000
v 20.408013 44.405405 22.250000
v 20.408013 41.648649 22.250000
v 20.408013 38.891892 22.250000
v 20.408013 36.135135 22.250000
v 20.408013 33.378378 22.250000
v 20.408013 30.621622 22.250000
v 20.408013 27.864865 22.250000
v 20.408013 25.108108 22.250000
v 20.408013 22.351351 22.250000
v 20.408013 19.594595 22.250000
v 20.408013 16.837838 22.250000
v 20.408013 14.081081 22.250000
v 20.408013 11.324324 22.250000
v 20.408013 8.567568 22.250000
v 20.408013 5.810811 22.250000
v 20.408013 3.054054 22.250000
v 20.408013 0.297297 22.250000
v 20.408013 -2.459459 22.250000
v 20.408013 -5.216216 22.250000
v 20.408013 -7.972973 22.250000
v 20.408013 -10.729730 22.250000
v 20.408013 -13.486486 22.250000
v 20.408013 -16.243243 22.250000
v 20.328553 80.243243 22.353553
v 20.328553 77.486486 22.353553
v 20.328553 74.729730 22.353553
v 20.328553 71.972973 22.353553
v 20.328553 69.216216 22.353553
v 20.328553 66.459459 22.353553
v 20.328553 63.702703 22.353553
v 20.328553 60.945946 22.353553
v 20.328553 58.189189 22.353553
v 20.328553 55.432432 22.353553
v 20.328553 52.675676 22.353553
v 20.328553 49.918919 22.353553
v 20.328553 47.162162 22.353553
v 20.328553 44.405405 22.353553
v 20.328553 41.648649 22.353553
v 20.328553 38.891892 22.353553
v 20.328553 36.135135 22.353553
v 20.328553 33.378378 22.353553
v 20.328553 30.621622 22.353553
v 20.328553 27.864865 22.353553
v 20.328553 25.108108 22.353553
v 20.328553 22.351351 22.353553
v 20.328553 19.594595 22.353553
v 20.328553 16.837838 22.353553
v 20.328553 14.081081 22.353553
v 20.328553 11.324324 22.353553
v 20.328553 8.567568 22.353553
v 20.328553 5.810811 22.353553
v 20.328553 3.054054 22.353553
v 20.328553 0.297297 22.353553
v 20.328553 -2.459459 22.353553
v 20.328553 -5.216216 22.353553
v 20.328553 -7.972973 22.353553
v 20.328553 -10.729730 22.353553
v 20.328553 -13.486486 22.353553
v 20.328553 -16.243243 22.353553
v 20.225000 80.243243 22.433013
v 20.225000 77.486486 22.433013
v 20.225000 74.729730 22.433013
v 20.225000 71.972973 22.433013
v 20.225000 69.216216 22.433013
v 20.225000 66.459459 22.433013
v 20.225000 63.702703 22.433013
v 20.225000 60.945946 22.433013
v 20.225000 58.189189 22.433013
v 20.225000 55.432432 22.433013
v 20.225000 52.675676 22.433013
v 20.225000 49.918919 22.433013
v 20.225000 47.162162 22.433013
v 20.225000 44.405405 22.433013
v 20.225000 41.648649 22.433013
v 20.225000 38.891892 22.433013
v 20.225000 36.135135 22.433013
v 20.225000 33.378378 22.433013
v 20.225000 30.621622 22.433013
v 20.225000 27.864865 22.433013
v 20.225000 25.108108 22.433013
v 20.225000 22.351351 22.433013
v 20.225000 19.594595 22.433013
v 20.225000 16.837838 22.433013
v 20.225000 14.081081 22.433013
v 20.225000 11.324324 22.433013
v 20.225000 8.567568 22.433013
v 20.225000 5.810811 22.433013
v 20.225000 3.054054 22.433013
v 20.225000 0.297297 22.433013
v 20.225000 -2.459459 22.433013
v 20.225000 -5.216216 22.433013
v 20.225000 -7.972973 22.433013
v 20.225000 -10.729730 22.433013
v 20.225000 -13.486486 22.433013
v 20.225000 -16.243243 22.433013
v 20.104410 80.243243 22.482963
v 20.104410 77.486486 22.482963
v 20.104410 74.729730 22.482963
v 20.104410 71.972973 22.482963
v 20.104410 69.216216 22.482963
v 20.104410 66.459459 22.482963
v 20.104410 63.702703 22.482963
v 20.104410 60.945946 22.482963
v 20.104410 58.189189 22.482963
v 20.104410 55.432432 22.482963
v 20.104410 52.675676 22.482963
v 20.104410 49.918919 22.482963
v 20.104410 47.162162 22.482963
v 20.104410 44.405405 22.482963
v 20.104410 41.648649 22.482963
v 20.104410 38.891892 22.482963
v 20.104410 36.135135 22.482963
v 20.104410 33.378378 22.482963
v 20.104410 30.621622 22.482963
v 20.104410 27.864865 22.482963
v 20.104410 25.108108 22.482963
v 20.104410 22.351351 22.482963
v 20.104410 19.594595 22.482963
v 20.104410 16.837838 22.482963
v 20.104410 14.081081 22.482963
v 20.104410 11.324324 22.482963
v 20.104410 8.567568 22.482963
v 20.104410 5.810811 22.482963
v 20.104410 3.054054 22.482963
v 20.104410 0.297297 22.482963
v 20.104410 -2.459459 22.482963
v 20.104410 -5.216216 22.482963
v 20.104410 -7.972973 22.482963
v 20.104410 -10.729730 22.482963
v 20.104410 -13.486486 22.482963
v 20.104410 -16.243243 22.482963
v 18.475000 84.982963 22.129410
v 18.475000 84.933013 22.250000
v 18.475000 84.853553 22.353553
v 18.475000 84.750000 22.433013
v 18.475000 84.629410 22.482963
v 18.475000 84.500000 22.500000
v 18.863229 84.448889 22.500000
v 19.225000 84.299038 22.500000
v 19.535660 84.060660 22.500000
v 19.774038 83.750000 22.500000
v 19.923889 83.388229 22.500000
v 18.896722 84.573889 22.482963
v 18.927933 84.690370 22.433013
v 18.954735 84.790395 22.353553
v 18.975301 84.867147 22.250000
v 18.988229 84.915395 22.129410
v 19.289705 84.411110 22.482963
v 19.350000 84.515544 22.433013
v 19.401777 84.605224 22.353553
v 19.441506 84.674038 22.250000
v 19.466481 84.717296 22.129410
v 19.627167 84.152167 22.482963
v 19.712437 84.237437 22.433013
v 19.785660 84.310660 22.353553
v 19.841846 84.366846 22.250000
v 19.877167 84.402167 22.129410
v 19.886110 83.814705 22.482963
v 19.990544 83.875000 22.433013
v 20.080224 83.926777 22.353553
v 20.149038 83.966506 22.250000
v 20.192296 83.991481 22.129410
v 20.048889 83.421722 22.482963
v 20.165370 83.452933 22.433013
v 20.265395 83.479735 22.353553
v 20.342147 83.500301 22.250000
v 20.390395 83.513229 22.129410
v -12.475000 84.982963 22.129410
v -12.475000 84.933013 22.250000
v -12.475000 84.853553 22.353553
v -12.475000 84.750000 22.433013
v -12.475000 84.629410 22.482963
v -12.475000 84.500000 22.500000
v -9.661364 84.982963 22.129410
v -6.847727 84.982963 22.129410
v -4.034091 84.982963 22.129410
v -1.220455 84.982963 22.129410
v 1.593182 84.982963 22.129410
v 4.406818 84.982963 22.129410
v 7.220455 84.982963 22.129410
v 10.034091 84.982963 22.129410
v 12.847727 84.982963 22.129410
v 15.661364 84.982963 22.129410
v -9.661364 84.933013 22.250000
v -6.847727 84.933013 22.250000
v -4.034091 84.933013 22.250000
v -1.220455 84.933013 22.250000
v 1.593182 84.933013 22.250000
v 4.406818 84.933013 22.250000
v 7.220455 84.933013 22.250000
v 10.034091 84.933013 22.250000
v 12.847727 84.933013 22.250000
v 15.661364 84.933013 22.250000
v -9.661364 84.853553 22.353553
v -6.847727 84.853553 22.353553
v -4.034091 84.853553 22.353553
v -1.220455 84.853553 22.353553
v 1.593182 84.853553 22.353553
v 4.406818 84.853553 22.353553
v 7.220455 84.853553 22.353553
v 10.034091 84.853553 22.353553
v 12.847727 84.853553 22.353553
v 15.661364 84.853553 22.353553
v -9.661364 84.750000 22.433013
v -6.847727 84.750000 22.433013
v -4.034091 84.750000 22.433013
v -1.220455 84.750000 22.433013
v 1.593182 84.750000 22.433013
v 4.406818 84.750000 22.433013
v 7.220455 84.750000 22.433013
v 10.034091 84.750000 22.433013
v 12.847727 84.750000 22.433013
v 15.661364 84.750000 22.433013
v -9.661364 84.629410 22.482963
v -6.847727 84.629410 22.482963
v -4.034091 84.629410 22.482963
v -1.220455 84.629410 22.482963
v 1.593182 84.629410 22.482963
v 4.406818 84.629410 22.482963
v 7.220455 84.629410 22.482963
v 10.034091 84.629410 22.482963
v 12.847727 84.629410 22.482963
v 15.661364 84.629410 22.482963
v -14.457963 83.000000 22.129410
v -14.408013 83.000000 22.250000
v -14.328553 83.000000 22.353553
v -14.225000 83.000000 22.433013
v -14.104410 83.000000 22.482963
v -13.975000 83.000000 22.500000
v -13.923889 83.388229 22.500000
v -13.774038 83.750000 22.500000
v -13.535660 84.060660 22.500000
v -13.225000 84.299038 22.500000
v -12.863229 84.448889 22.500000
v -14.048889 83.421722 22.482963
v -14.165370 83.452933 22.433013
v -14.265395 83.479735 22.353553
v -14.342147 83.500301 22.250000
v -14.390395 83.513229 22.129410
v -13.886110 83.814705 22.482963
v -13.990544 83.875000 22.433013
v -14.080224 83.926777 22.353553
v -14.149038 83.966506 22.250000
v -14.192296 83.991481 22.129410
v -13.627167 84.152167 22.482963
v -13.712437 84.237437 22.433013
v -13.785660 84.310660 22.353553
v -13.841846 84.366846 22.250000
v -13.877167 84.402167 22.129410
v -13.289705 84.411110 22.482963
v -13.350000 84.515544 22.433013
v -13.401777 84.605224 22.353553
v -13.441506 84.674038 22.250000
v -13.466481 84.717296 22.129410
v -12.896722 84.573889 22.482963
v -12.927933 84.690370 22.433013
v -12.954735 84.790395 22.353553
v -12.975301 84.867147 22.250000
v -12.988229 84.915395 22.129410
v -14.457963 -19.000000 22.129410
v -14.408013 -19.000000 22.250000
v -14.328553 -19.000000 22.353553
v -14.225000 -19.000000 22.433013
v -14.104410 -19.000000 22.482963
v -13.975000 -19.000000 22.500000
v -14.457963 -16.243243 22.129410
v -14.457963 -13.486486 22.129410
v -14.457963 -10.729730 22.129410
v -14.457963 -7.972973 22.129410
v -14.457963 -5.216216 22.129410
v -14.457963 -2.459459 22.129410
v -14.457963 0.297297 22.129410
v -14.457963 3.054054 22.129410
v -14.457963 5.810811 22.129410
v -14.457963 8.567568 22.129410
v -14.457963 11.324324 22.129410
v -14.457963 14.081081 22.129410
v -14.457963 16.837838 22.129410
v -14.457963 19.594595 22.129410
v -14.457963 22.351351 22.129410
v -14.457963 25.108108 22.129410
v -14.457963 27.864865 22.129410
v -14.457963 30.621622 22.129410
v -14.457963 33.378378 22.129410
v -14.457963 36.135135 22.129410
v -14.457963 38.891892 22.129410
v -14.457963 41.648649 22.129410
v -14.457963 44.405405 22.129410
v -14.457963 47.162162 22.129410
v -14.457963 49.918919 22.129410
v -14.457963 52.675676 22.129410
v -14.457963 55.432432 22.129410
v -14.457963 58.189189 22.129410
v -14.457963 60.945946 22.129410
v -14.457963 63.702703 22.129410
v -14.457963 66.459459 22.129410
v -14.457963 69.216216 22.129410
v -14.457963 71.972973 22.129410
v -14.457963 74.729730 22.129410
v -14.457963 77.486486 22.129410
v -14.457963 80.243243 22.129410
v -14.408013 -16.243243 22.250000
v -14.408013 -13.486486 22.250000
v -14.408013 -10.729730 22.250000
v -14.408013 -7.972973 22.250000
v -14.408013 -5.216216 22.250000
v -14.408013 -2.459459 22.250000
v -14.408013 0.297297 22.250000
v -14.408013 3.054054 22.250000
v -14.408013 5.810811 22.250000
v -14.408013 8.567568 22.250000
v -14.408013 11.324324 22.250000
v -14.408013 14.081081 22.250000
v -14.408013 16.837838 22.250000
v -14.408013 19.594595 22.250000
v -14.408013 22.351351 22.250000
v -14.408013 25.108108 22.250000
v -14.408013 27.864865 22.250000
v -14.408013 30.621622 22.250000
v -14.408013 33.378378 22.250000
v -14.408013 36.135135 22.250000
v -14.408013 38.891892 22.250000
v -14.408013 41.648649 22.250000
v -14.408013 44.405405 22.250000
v -14.408013 47.162162 22.250000
v -14.408013 49.918919 22.250000
v -14.408013 52.675676 22.250000
v -14.408013 55.432432 22.250000
v -14.408013 58.189189 22.250000
v -14.408013 60.945946 22.250000
v -14.408013 63.702703 22.250000
v -14.408013 66.459459 22.250000
v -14.408013 69.216216 22.250000
v -14.408013 71.972973 22.250000
v -14.408013 74.729730 22.250000
v -14.408013 77.486486 22.250000
v -14.408013 80.243243 22.250000
v -14.328553 -16.243243 22.353553
v -14.328553 -13.486486 22.353553
v -14.328553 -10.729730 22.353553
v -14.328553 -7.972973 22.353553
v -14.328553 -5.216216 22.353553
v -14.328553 -2.459459 22.353553
v -14.328553 0.297297 22.353553
v -14.328553 3.054054 22.353553
v -14.328553 5.810811 22.353553
v -14.328553 8.567568 22.353553
v -14.328553 11.324324 22.353553
v -14.328553 14.081081 22.353553
v -14.328553 16.837838 22.353553
v -14.328553 19.594595 22.353553
v -14.328553 22.351351 22.353553
v -14.328553 25.108108 22.353553
v -14.328553 27.864865 22.353553
v -14.328553 30.621622 22.353553
v -14.328553 33.378378 22.353553
v -14.328553 36.135135 22.353553
v -14.328553 38.891892 22.353553
v -14.328553 41.648649 22.353553
v -14.328553 44.405405 22.353553
v -14.328553 47.162162 22.353553
v -14.328553 49.918919 22.353553
v -14.328553 52.675676 22.353553
v -14.328553 55.432432 22.353553
v -14.328553 58.189189 22.353553
v -14.328553 60.945946 22.353553
v -14.328553 63.702703 22.353553
v -14.328553 66.459459 22.353553
v -14.328553 69.216216 22.353553
v -14.328553 71.972973 22.353553
v -14.328553 74.729730 22.353553
v -14.328553 77.486486 22.353553
v -14.328553 80.243243 22.353553
v -14.225000 -16.243243 22.433013
v -14.225000 -13.486486 22.433013
v -14.225000 -10.729730 22.433013
v -14.225000 -7.972973 22.433013
v -14.225000 -5.216216 22.433013
v -14.225000 -2.459459 22.433013
v -14.225000 0.297297 22.433013
v -14.225000 3.054054 22.433013
v -14.225000 5.810811 22.433013
v -14.225000 8.567568 22.433013
v -14.225000 11.324324 22.433013
v -14.225000 14.081081 22.433013
v -14.225000 16.837838 22.433013
v -14.225000 19.594595 22.433013
v -14.225000 22.351351 22.433013
v -14.225000 25.108108 22.433013
v -14.225000 27.864865 22.433013
v -14.225000 30.621622 22.433013
v -14.225000 33.378378 22.433013
v -14.225000 36.135135 22.433013
v -14.225000 38.891892 22.433013
v -14.225000 41.648649 22.433013
v -14.225000 44.405405 22.433013
v -14.225000 47.162162 22.433013
v -14.225000 49.918919 22.433013
v -14.225000 52.675676 22.433013
v -14.225000 55.432432 22.433013
v -14.225000 58.189189 22.433013
v -14.225000 60.945946 22.433013
v -14.225000 63.702703 22.433013
v -14.225000 66.459459 22.433013
v -14.225000 69.216216 22.433013
v -14.225000 71.972973 22.433013
v -14.225000 74.729730 22.433013
v -14.225000 77.486486 22.433013
v -14.225000 80.243243 22.433013
v -14.104410 -16.243243 22.482963
v -14.104410 -13.486486 22.482963
v -14.104410 -10.729730 22.482963
v -14.104410 -7.972973 22.482963
v -14.104410 -5.216216 22.482963
v -14.104410 -2.459459 22.482963
v -14.104410 0.297297 22.482963
v -14.104410 3.054054 22.482963
v -14.104410 5.810811 22.482963
v -14.104410 8.567568 22.482963
v -14.104410 11.324324 22.482963
v -14.104410 14.081081 22.482963
v -14.104410 16.837838 22.482963
v -14.104410 19.594595 22.482963
v -14.104410 22.351351 22.482963
v -14.104410 25.108108 22.482963
v -14.104410 27.864865 22.482963
v -14.104410 30.621622 22.482963
v -14.104410 33.378378 22.482963
v -14.104410 36.135135 22.482963
v -14.104410 38.891892 22.482963
v -14.104410 41.648649 22.482963
v -14.104410 44.405405 22.482963
v -14.104410 47.162162 22.482963
v -14.104410 49.918919 22.482963
v -14.104410 52.675676 22.482963
v -14.104410 55.432432 22.482963
v -14.104410 58.189189 22.482963
v -14.104410 60.945946 22.482963
v -14.104410 63.702703 22.482963
v -14.104410 66.459459 22.482963
v -14.104410 69.216216 22.482963
v -14.104410 71.972973 22.482963
v -14.104410 74.729730 22.482963
v -14.104410 77.486486 22.482963
v -14.104410 80.243243 22.482963
v -12.863229 -20.448889 22.500000
v -13.225000 -20.299038 22.500000
v -13.535660 -20.060660 22.500000
v -13.774038 -19.750000 22.500000
v -13.923889 -19.388229 22.500000
v -12.896722 -20.573889 22.482963
v -12.927933 -20.690370 22.433013
v -12.954735 -20.790395 22.353553
v -12.975301 -20.867147 22.250000
v -12.988229 -20.915395 22.129410
v -13.289705 -20.411110 22.482963
v -13.350000 -20.515544 22.433013
v -13.401777 -20.605224 22.353553
v -13.441506 -20.674038 22.250000
v -13.466481 -20.717296 22.129410
v -13.627167 -20.152167 22.482963
v -13.712437 -20.237437 22.433013
v -13.785660 -20.310660 22.353553
v -13.841846 -20.366846 22.250000
v -13.877167 -20.402167 22.129410
v -13.886110 -19.814705 22.482963
v -13.990544 -19.875000 22.433013
v -14.080224 -19.926777 22.353553
v -14.149038 -19.966506 22.250000
v -14.192296 -19.991481 22.129410
v -14.048889 -19.421722 22.482963
v -14.165370 -19.452933 22.433013
v -14.265395 -19.479735 22.353553
v -14.342147 -19.500301 22.250000
v -14.390395 -19.513229 22.129410
v 16.475000 21.000000 -19.500000
v 16.475000 21.000000 -22.500000
v 18.475000 81.000000 -19.500000
v 18.406852 81.517638 -19.500000
v 18.207051 82.000000 -19.500000
v 17.889214 82.414214 -19.500000
v 17.475000 82.732051 -19.500000
v 16.992638 82.931852 -19.500000
v 16.475000 83.000000 -19.500000
v -10.475000 83.000000 -19.500000
v -10.992638 82.931852 -19.500000
v -11.475000 82.732051 -19.500000
v -11.889214 82.414214 -19.500000
v -12.207051 82.000000 -19.500000
v -12.406852 81.517638 -19.500000
v -12.406852 81.517638 -9.750000
v -12.406852 81.517638 0.000000
v -12.406852 81.517638 9.750000
v -12.207051 82.000000 -9.750000
v -12.207051 82.000000 0.000000
v -12.207051 82.000000 9.750000
v -11.889214 82.414214 -9.750000
v -11.889214 82.414214 0.000000
v -11.889214 82.414214 9.750000
v -11.475000 82.732051 -9.750000
v -11.475000 82.732051 0.000000
v -11.475000 82.732051 9.750000
v -10.992638 82.931852 -9.750000
v -10.992638 82.931852 0.000000
v -10.992638 82.931852 9.750000
v 16.992638 82.931852 -9.750000
v 16.992638 82.931852 0.000000
v 16.992638 82.931852 9.750000
v 17.475000 82.732051 -9.750000
v 17.475000 82.732051 0.000000
v 17.475000 82.732051 9.750000
v 17.889214 82.414214 -9.750000
v 17.889214 82.414214 0.000000
v 17.889214 82.414214 9.750000
v 18.207051 82.000000 -9.750000
v 18.207051 82.000000 0.000000
v 18.207051 82.000000 9.750000
v 18.406852 81.517638 -9.750000
v 18.406852 81.517638 0.000000
v 18.406852 81.517638 9.750000
vt -0.200000 0.000000 0.000000
vt 0.000000 0.000000 0.000000
vt -0.200000 0.026180 0.000000
vt -0.000000 0.026180 0.000000
vt -0.200000 0.052360 0.000000
vt -0.000000 0.052360 0.000000
vt -0.200000 0.078540 0.000000
vt -0.000000 0.078540 0.000000
vt -0.200000 0.104720 0.000000
vt -0.000000 0.104720 0.000000
vt -0.200000 0.130900 0.000000
vt -0.000000 0.130900 0.000000
vt -0.200000 0.157080 0.000000
vt -0.000000 0.157080 0.000000
vt 0.000000 0.000000 0.000000
vt 4.000000 0.000000 0.000000
vt -0.000000 0.200000 0.000000
vt 4.000000 0.200000 0.000000
vt -0.200000 -0.000000 0.000000
vt -0.000000 -0.000000 0.000000
vt -0.200000 0.026180 0.000000
vt -0.000000 0.026180 0.000000
vt -0.200000 0.052360 0.000000
vt -0.000000 0.052360 0.000000
vt -0.200000 0.078540 0.000000
vt -0.000000 0.078540 0.000000
vt -0.200000 0.104720 0.000000
vt -0.000000 0.104720 0.000000
vt -0.200000 0.130900 0.000000
vt -0.000000 0.130900 0.000000
vt -0.200000 0.157080 0.000000
vt -0.000000 0.157080 0.000000
vt 0.050000 1.900000 0.000000
vt 0.046593 1.925882 0.000000
vt 0.050000 -1.900000 0.000000
vt 0.046593 -1.925882 0.000000
vt 0.036603 1.950000 0.000000
vt 0.036603 -1.950000 0.000000
vt 0.020711 1.970711 0.000000
vt 0.020711 -1.970711 0.000000
vt -0.000000 1.986603 0.000000
vt 0.000000 -1.986603 0.000000
vt -0.024118 1.996593 0.000000
vt -0.024118 -1.996593 0.000000
vt -0.050000 -2.000000 0.000000
vt -0.050000 2.000000 0.000000
vt 0.447500 3.735000 0.000000
vt 0.447500 2.735000 0.000000
vt 0.450907 3.709118 0.000000
vt 0.450907 2.760882 0.000000
vt 0.460897 3.685000 0.000000
vt 0.460897 2.785000 0.000000
vt 0.476789 3.664289 0.000000
vt 0.476789 2.805711 0.000000
vt 0.497500 3.648397 0.000000
vt 0.497500 2.821603 0.000000
vt 0.521618 3.638407 0.000000
vt 0.521618 2.831593 0.000000
vt 0.547500 3.635000 0.000000
vt 0.547500 2.835000 0.000000
vt 1.347500 5.100000 0.000000
vt 1.547500 4.900000 0.000000
vt 1.399264 5.093185 0.000000
vt 1.447500 5.073205 0.000000
vt 1.488921 5.041421 0.000000
vt 1.520705 5.000000 0.000000
vt 1.540685 4.951764 0.000000
vt 0.547500 -1.165000 0.000000
vt 1.547500 -4.900000 0.000000
vt 0.547500 -1.965000 0.000000
vt 0.547500 -2.967500 0.000000
vt 0.521618 -1.968407 0.000000
vt 0.521618 -1.161593 0.000000
vt 0.497500 -1.978397 0.000000
vt 0.497500 -1.151603 0.000000
vt 0.476789 -1.994289 0.000000
vt 0.476789 -1.135711 0.000000
vt 0.460897 -2.015000 0.000000
vt 0.460897 -1.115000 0.000000
vt 0.450907 -2.039118 0.000000
vt 0.450907 -1.090882 0.000000
vt 0.447500 -2.065000 0.000000
vt 0.447500 -1.065000 0.000000
vt 0.541423 -3.036959 0.000000
vt 1.541149 -4.950000 0.000000
vt 1.544669 -4.933532 0.000000
vt 0.523377 -3.104308 0.000000
vt 0.493910 -3.167500 0.000000
vt 0.453918 -3.224615 0.000000
vt 0.404615 -3.273918 0.000000
vt 0.347500 -3.313910 0.000000
vt 0.284308 -3.343377 0.000000
vt 0.216959 -3.361423 0.000000
vt 0.147500 -3.367500 0.000000
vt -0.147500 -3.367500 0.000000
vt -1.541149 -4.950000 0.000000
vt -0.216959 -3.361423 0.000000
vt -0.284308 -3.343377 0.000000
vt -0.347500 -3.313910 0.000000
vt -0.404615 -3.273918 0.000000
vt -0.453918 -3.224615 0.000000
vt -0.493910 -3.167500 0.000000
vt -0.523377 -3.104308 0.000000
vt -0.541423 -3.036959 0.000000
vt -1.547500 -4.900000 0.000000
vt -0.547500 -2.967500 0.000000
vt -1.547500 4.900000 0.000000
vt -0.547500 4.567500 0.000000
vt -1.347500 5.100000 0.000000
vt -0.541423 4.636959 0.000000
vt -0.523377 4.704308 0.000000
vt -0.493910 4.767500 0.000000
vt -0.453918 4.824615 0.000000
vt -0.404615 4.873918 0.000000
vt -0.347500 4.913910 0.000000
vt -0.284308 4.943377 0.000000
vt -0.216959 4.961423 0.000000
vt -0.147500 4.967500 0.000000
vt 0.147500 4.967500 0.000000
vt 0.216959 4.961423 0.000000
vt 0.284308 4.943377 0.000000
vt 0.347500 4.913910 0.000000
vt 0.404615 4.873918 0.000000
vt 0.453918 4.824615 0.000000
vt 0.493910 4.767500 0.000000
vt 0.523377 4.704308 0.000000
vt 0.541423 4.636959 0.000000
vt 0.547500 4.567500 0.000000
vt 1.546791 -4.916825 0.000000
vt -1.399264 5.093185 0.000000
vt -1.447500 5.073205 0.000000
vt -1.488921 5.041421 0.000000
vt -1.520705 5.000000 0.000000
vt -1.540685 4.951764 0.000000
vt -1.546791 -4.916825 0.000000
vt -1.544669 -4.933532 0.000000
vt -0.200000 0.000000 0.000000
vt 0.000000 0.000000 0.000000
vt -0.200000 0.026180 0.000000
vt -0.000000 0.026180 0.000000
vt -0.200000 0.052360 0.000000
vt -0.000000 0.052360 0.000000
vt -0.200000 0.078540 0.000000
vt -0.000000 0.078540 0.000000
vt -0.200000 0.104720 0.000000
vt -0.000000 0.104720 0.000000
vt -0.200000 0.130900 0.000000
vt -0.000000 0.130900 0.000000
vt -0.200000 0.157080 0.000000
vt -0.000000 0.157080 0.000000
vt 0.000000 0.000000 0.000000
vt 1.002500 0.000000 0.000000
vt -0.000000 0.200000 0.000000
vt 1.002500 0.200000 0.000000
vt -0.200000 -0.000000 0.000000
vt -0.000000 0.000000 0.000000
vt -0.200000 0.069813 0.000000
vt -0.000000 0.069813 0.000000
vt -0.000000 0.139626 0.000000
vt -0.200000 0.139626 0.000000
vt -0.000000 0.209440 0.000000
vt -0.200000 0.209440 0.000000
vt -0.000000 0.279253 0.000000
vt -0.200000 0.279253 0.000000
vt -0.000000 0.349066 0.000000
vt -0.200000 0.349066 0.000000
vt -0.000000 0.418879 0.000000
vt -0.200000 0.418879 0.000000
vt -0.000000 0.488692 0.000000
vt -0.200000 0.488692 0.000000
vt -0.000000 0.558505 0.000000
vt -0.200000 0.558505 0.000000
vt -0.200000 0.628319 0.000000
vt 0.000000 0.628319 0.000000
vt 0.000000 -0.000000 0.000000
vt 0.295000 0.000000 0.000000
vt -0.000000 0.200000 0.000000
vt 0.295000 0.200000 0.000000
vt -0.200000 0.000000 0.000000
vt -0.000000 0.000000 0.000000
vt -0.200000 0.069813 0.000000
vt -0.000000 0.069813 0.000000
vt -0.000000 0.139626 0.000000
vt -0.200000 0.139626 0.000000
vt -0.000000 0.209440 0.000000
vt -0.200000 0.209440 0.000000
vt -0.000000 0.279253 0.000000
vt -0.200000 0.279253 0.000000
vt -0.000000 0.349066 0.000000
vt -0.200000 0.349066 0.000000
vt -0.000000 0.418879 0.000000
vt -0.200000 0.418879 0.000000
vt -0.000000 0.488692 0.000000
vt -0.200000 0.488692 0.000000
vt -0.000000 0.558505 0.000000
vt -0.200000 0.558505 0.000000
vt -0.200000 0.628319 0.000000
vt -0.000000 0.628319 0.000000
vt 0.000000 0.000000 0.000000
vt 7.535000 0.000000 0.000000
vt 0.000000 0.200000 0.000000
vt 7.535000 0.200000 0.000000
vt -0.200000 0.000000 0.000000
vt 0.000000 0.000000 0.000000
vt -0.200000 0.069813 0.000000
vt -0.000000 0.069813 0.000000
vt -0.000000 0.139626 0.000000
vt -0.200000 0.139626 0.000000
vt -0.000000 0.209440 0.000000
vt -0.200000 0.209440 0.000000
vt -0.000000 0.279253 0.000000
vt -0.200000 0.279253 0.000000
vt -0.000000 0.349066 0.000000
vt -0.200000 0.349066 0.000000
vt -0.000000 0.418879 0.000000
vt -0.200000 0.418879 0.000000
vt -0.000000 0.488692 0.000000
vt -0.200000 0.488692 0.000000
vt -0.000000 0.558505 0.000000
vt -0.200000 0.558505 0.000000
vt -0.200000 0.628319 0.000000
vt -0.000000 0.628319 0.000000
vt 0.000000 0.000000 0.000000
vt 0.295000 0.000000 0.000000
vt 0.000000 0.200000 0.000000
vt 0.295000 0.200000 0.000000
vt -0.200000 0.000000 0.000000
vt 0.000000 0.000000 0.000000
vt -0.200000 0.069813 0.000000
vt -0.000000 0.069813 0.000000
vt -0.000000 0.139626 0.000000
vt -0.200000 0.139626 0.000000
vt -0.000000 0.209440 0.000000
vt -0.200000 0.209440 0.000000
vt -0.000000 0.279253 0.000000
vt -0.200000 0.279253 0.000000
vt -0.000000 0.349066 0.000000
vt -0.200000 0.349066 0.000000
vt -0.000000 0.418879 0.000000
vt -0.200000 0.418879 0.000000
vt -0.000000 0.488692 0.000000
vt -0.200000 0.488692 0.000000
vt -0.000000 0.558505 0.000000
vt -0.200000 0.558505 0.000000
vt -0.200000 0.628319 0.000000
vt 0.000000 0.628319 0.000000
vt -0.000000 -0.000000 0.000000
vt 0.932500 0.000000 0.000000
vt -0.000000 0.200000 0.000000
vt 0.932500 0.200000 0.000000
vt -0.200000 0.000000 0.000000
vt -0.000000 0.000000 0.000000
vt -0.200000 0.026180 0.000000
vt -0.000000 0.026180 0.000000
vt -0.200000 0.052360 0.000000
vt -0.000000 0.052360 0.000000
vt -0.200000 0.078540 0.000000
vt -0.000000 0.078540 0.000000
vt -0.200000 0.104720 0.000000
vt -0.000000 0.104720 0.000000
vt -0.200000 0.130900 0.000000
vt -0.000000 0.130900 0.000000
vt -0.200000 0.157080 0.000000
vt -0.000000 0.157080 0.000000
vt -0.450907 -2.909118 0.000000
vt -0.460897 -2.885000 0.000000
vt -0.447500 -2.935000 0.000000
vt -0.447500 -3.767500 0.000000
vt -0.476789 -2.864289 0.000000
vt -0.497500 -2.848397 0.000000
vt -0.547500 -3.767500 0.000000
vt -0.521618 -2.838407 0.000000
vt -0.547500 -2.835000 0.000000
vt -0.541423 -3.836959 0.000000
vt -0.523377 -3.904308 0.000000
vt -0.493910 -3.967500 0.000000
vt -0.453918 -4.024615 0.000000
vt -0.439978 -3.834256 0.000000
vt -0.417791 -3.897665 0.000000
vt -0.404615 -4.073918 0.000000
vt -0.382049 -3.954547 0.000000
vt -0.347500 -4.113910 0.000000
vt -0.334547 -4.002049 0.000000
vt -0.284308 -4.143377 0.000000
vt -0.277665 -4.037791 0.000000
vt -0.216959 -4.161423 0.000000
vt -0.214256 -4.059978 0.000000
vt -0.147500 -4.167500 0.000000
vt -0.147500 -4.067500 0.000000
vt 0.147500 -4.167500 0.000000
vt 0.147500 -4.067500 0.000000
vt 0.214256 -4.059978 0.000000
vt 0.216959 -4.161423 0.000000
vt 0.277665 -4.037791 0.000000
vt 0.284308 -4.143377 0.000000
vt 0.334547 -4.002049 0.000000
vt 0.347500 -4.113910 0.000000
vt 0.382049 -3.954547 0.000000
vt 0.404615 -4.073918 0.000000
vt 0.417791 -3.897665 0.000000
vt 0.453918 -4.024615 0.000000
vt 0.439978 -3.834256 0.000000
vt 0.447500 -3.767500 0.000000
vt 0.493910 -3.967500 0.000000
vt 0.523377 -3.904308 0.000000
vt 0.541423 -3.836959 0.000000
vt 0.547500 -3.767500 0.000000
vt 0.447500 3.767500 0.000000
vt 0.547500 3.767500 0.000000
vt 0.523377 3.904308 0.000000
vt 0.541423 3.836959 0.000000
vt 0.493910 3.967500 0.000000
vt 0.453918 4.024615 0.000000
vt 0.439978 3.834256 0.000000
vt 0.417791 3.897665 0.000000
vt 0.404615 4.073918 0.000000
vt 0.382049 3.954547 0.000000
vt 0.347500 4.113910 0.000000
vt 0.334547 4.002049 0.000000
vt 0.284308 4.143377 0.000000
vt 0.277665 4.037791 0.000000
vt 0.216959 4.161423 0.000000
vt 0.214256 4.059978 0.000000
vt 0.147500 4.167500 0.000000
vt 0.147500 4.067500 0.000000
vt -0.147500 4.167500 0.000000
vt -0.147500 4.067500 0.000000
vt -0.214256 4.059978 0.000000
vt -0.216959 4.161423 0.000000
vt -0.277665 4.037791 0.000000
vt -0.284308 4.143377 0.000000
vt -0.334547 4.002049 0.000000
vt -0.347500 4.113910 0.000000
vt -0.382049 3.954547 0.000000
vt -0.404615 4.073918 0.000000
vt -0.417791 3.897665 0.000000
vt -0.453918 4.024615 0.000000
vt -0.439978 3.834256 0.000000
vt -0.447500 3.767500 0.000000
vt -0.493910 3.967500 0.000000
vt -0.523377 3.904308 0.000000
vt -0.541423 3.836959 0.000000
vt -0.547500 3.767500 0.000000
vt -0.547500 2.765000 0.000000
vt -0.521618 2.768407 0.000000
vt -0.497500 2.778397 0.000000
vt -0.476789 2.794289 0.000000
vt -0.460897 2.815000 0.000000
vt -0.450907 2.839118 0.000000
vt -0.447500 2.865000 0.000000
vt 3.821276 -0.139843 0.000000
vt 2.950000 -0.157080 0.000000
vt 3.800000 -0.169612 0.000000
vt 2.950000 -0.209440 0.000000
vt 3.800000 -0.217795 0.000000
vt 2.950000 -0.261799 0.000000
vt 3.800000 -0.265977 0.000000
vt 3.800000 -0.314159 0.000000
vt 2.000000 -0.261799 0.000000
vt 1.050000 -0.261799 0.000000
vt 1.050000 -0.209440 0.000000
vt 0.253073 -0.235619 0.000000
vt 0.322228 -0.196350 0.000000
vt 1.050000 -0.157080 0.000000
vt 0.382843 -0.157080 0.000000
vt 0.432588 -0.117810 0.000000
vt 1.050000 -0.104720 0.000000
vt 0.452769 -0.098175 0.000000
vt 0.469552 -0.078540 0.000000
vt 1.050000 -0.052360 0.000000
vt 0.482776 -0.058905 0.000000
vt 0.492314 -0.039270 0.000000
vt 0.498074 -0.019635 0.000000
vt 0.500000 0.000000 0.000000
vt 2.000000 -0.052360 0.000000
vt 3.900000 -0.016845 0.000000
vt 2.950000 -0.052360 0.000000
vt 3.900000 -0.033691 0.000000
vt 3.900000 -0.050536 0.000000
vt 3.871835 -0.080305 0.000000
vt 2.950000 -0.104720 0.000000
vt 3.845399 -0.110074 0.000000
vt 3.900000 0.000000 0.000000
vt 0.178036 -0.274889 0.000000
vt 0.100000 -0.314159 0.000000
vt 2.000000 -0.157080 0.000000
vt 2.000000 -0.209440 0.000000
vt 2.000000 -0.104720 0.000000
vt -0.150000 -0.282836 0.000000
vt 0.050000 -0.282836 0.000000
vt 0.049995 0.282836 0.000000
vt 0.050000 0.282836 0.000000
vt -0.200000 3.800010 0.000000
vt -0.200000 0.200000 0.000000
vt -0.000000 3.800010 0.000000
vt -0.000000 0.000000 0.000000
vt -0.200000 0.000000 0.000000
vt 0.000011 4.000000 0.000000
vt 0.198755 0.033706 0.000000
vt 0.447214 3.600010 0.000000
vt 0.276072 0.015224 0.000000
vt 0.359967 0.003843 0.000000
vt 0.000000 4.000000 0.000000
vt 0.000000 0.200000 0.000000
vt 0.034042 0.123463 0.000000
vt 0.052806 0.105721 0.000000
vt 0.002153 0.180397 0.000000
vt 0.008593 0.160982 0.000000
vt 0.019257 0.141943 0.000000
vt 0.075369 0.088886 0.000000
vt 0.130986 0.058579 0.000000
vt 0.447214 0.000000 0.000000
vt 0.050000 -0.282836 0.000000
vt -0.149995 0.282836 0.000000
vt -0.150000 -0.282836 0.000000
vt -0.150000 0.282836 0.000000
vt 0.199990 0.100000 0.000000
vt 0.199990 0.099995 0.000000
vt 0.200000 0.100000 0.000000
vt 0.000000 3.600010 0.000000
vt 0.248459 0.033706 0.000000
vt 0.447202 4.000000 0.000000
vt 0.316228 0.058579 0.000000
vt 0.371845 0.088886 0.000000
vt 0.000000 0.000000 0.000000
vt 0.087247 0.003843 0.000000
vt 0.171141 0.015224 0.000000
vt 0.394407 0.105721 0.000000
vt 0.413171 0.123463 0.000000
vt 0.447214 0.200000 0.000000
vt 0.427957 0.141943 0.000000
vt 0.438621 0.160982 0.000000
vt 0.445060 0.180397 0.000000
vt 0.447214 4.000000 0.000000
vt 0.000000 1.347500 0.000000
vt 0.000000 -1.347500 0.000000
vt 0.005776 1.395218 0.000000
vt 0.005776 -1.395218 0.000000
vt 0.022770 1.440179 0.000000
vt 0.022770 -1.440179 0.000000
vt 0.050000 -1.479788 0.000000
vt 0.050000 1.479788 0.000000
vt 0.000000 1.479788 0.000000
vt 0.000000 -1.479788 0.000000
vt 0.030089 1.500569 0.000000
vt 0.030089 -1.500569 0.000000
vt 0.064204 1.517966 0.000000
vt 0.064204 -1.517966 0.000000
vt 0.101591 1.531593 0.000000
vt 0.101591 -1.531593 0.000000
vt 0.141421 -1.541149 0.000000
vt 0.141421 1.541149 0.000000
vt 3.900000 -0.280469 0.000000
vt 3.900000 -0.263623 0.000000
vt 2.950000 -0.261799 0.000000
vt 3.871835 -0.233854 0.000000
vt 2.950000 -0.209440 0.000000
vt 3.845399 -0.204085 0.000000
vt 3.821276 -0.174316 0.000000
vt 2.950000 -0.157080 0.000000
vt 3.800000 -0.144547 0.000000
vt 2.950000 -0.104720 0.000000
vt 3.800000 -0.096365 0.000000
vt 2.950000 -0.052360 0.000000
vt 3.800000 -0.048182 0.000000
vt 0.100000 -0.000000 0.000000
vt 3.800000 -0.000000 0.000000
vt 0.178036 -0.039270 0.000000
vt 1.050000 -0.052360 0.000000
vt 2.000000 -0.052360 0.000000
vt 0.253073 -0.078540 0.000000
vt 1.050000 -0.104720 0.000000
vt 2.000000 -0.104720 0.000000
vt 2.000000 -0.157080 0.000000
vt 0.322228 -0.117810 0.000000
vt 1.050000 -0.157080 0.000000
vt 2.000000 -0.209440 0.000000
vt 0.382843 -0.157080 0.000000
vt 0.432588 -0.196350 0.000000
vt 1.050000 -0.209440 0.000000
vt 0.452769 -0.215984 0.000000
vt 0.469552 -0.235619 0.000000
vt 1.050000 -0.261799 0.000000
vt 0.482776 -0.255254 0.000000
vt 0.492314 -0.274889 0.000000
vt 0.498074 -0.294524 0.000000
vt 2.000000 -0.261799 0.000000
vt 3.900000 -0.297314 0.000000
vt 0.500000 -0.314159 0.000000
vt 3.900000 -0.314159 0.000000
vt -1.347500 0.000000 0.000000
vt 0.269500 -0.024981 0.000000
vt 1.347500 0.000000 0.000000
vt 0.808500 -0.024981 0.000000
vt 1.347500 -0.024981 0.000000
vt 1.347500 -0.049962 0.000000
vt 0.808500 -0.049962 0.000000
vt 1.347500 -0.074943 0.000000
vt 0.808500 -0.074943 0.000000
vt 1.347500 -0.099924 0.000000
vt 0.808500 -0.099924 0.000000
vt 1.347500 -0.124905 0.000000
vt 0.808500 -0.124905 0.000000
vt 1.347500 -0.149885 0.000000
vt 0.808500 -0.149885 0.000000
vt 1.347500 -0.174866 0.000000
vt 0.808500 -0.174866 0.000000
vt 1.347500 -0.199847 0.000000
vt 0.808500 -0.199847 0.000000
vt 1.347500 -0.224828 0.000000
vt 0.808500 -0.224828 0.000000
vt 1.347500 -0.249809 0.000000
vt 0.269500 -0.224828 0.000000
vt -0.269500 -0.224828 0.000000
vt -0.269500 -0.199847 0.000000
vt -0.808500 -0.199847 0.000000
vt -0.808500 -0.174866 0.000000
vt -1.347500 -0.174866 0.000000
vt -1.347500 -0.149885 0.000000
vt -0.808500 -0.149885 0.000000
vt -1.347500 -0.124905 0.000000
vt -0.808500 -0.124905 0.000000
vt -1.347500 -0.099924 0.000000
vt -0.808500 -0.099924 0.000000
vt -1.347500 -0.074943 0.000000
vt -0.808500 -0.074943 0.000000
vt -1.347500 -0.049962 0.000000
vt -0.808500 -0.049962 0.000000
vt -1.347500 -0.024981 0.000000
vt -0.808500 -0.024981 0.000000
vt -0.269500 -0.024981 0.000000
vt 0.269500 -0.049962 0.000000
vt -1.347500 -0.199847 0.000000
vt -0.808500 -0.224828 0.000000
vt -1.347500 -0.249809 0.000000
vt -1.347500 -0.224828 0.000000
vt -0.269500 -0.049962 0.000000
vt -0.269500 -0.074943 0.000000
vt -0.269500 -0.099924 0.000000
vt -0.269500 -0.124905 0.000000
vt -0.269500 -0.149885 0.000000
vt -0.269500 -0.174866 0.000000
vt 0.269500 -0.074943 0.000000
vt 0.269500 -0.099924 0.000000
vt 0.269500 -0.124905 0.000000
vt 0.269500 -0.149885 0.000000
vt 0.269500 -0.174866 0.000000
vt 0.269500 -0.199847 0.000000
vt -0.020000 -1.347500 0.000000
vt -0.000000 -1.347500 0.000000
vt -0.020000 1.347500 0.000000
vt 0.000000 1.347500 0.000000
vt 0.199990 -0.099995 0.000000
vt 0.199990 -0.100000 0.000000
vt 0.200000 -0.100000 0.000000
vt -9.800000 0.500000 0.000000
vt -6.000000 0.500000 0.000000
vt -9.800000 3.900000 0.000000
vt -0.000000 3.900000 0.000000
vt -0.000000 0.000000 0.000000
vt -6.000000 0.499990 0.000000
vt -6.399990 0.100000 0.000000
vt -10.200000 0.100000 0.000000
vt -10.200000 0.000000 0.000000
vt 0.000000 3.800010 0.000000
vt -0.200000 3.800010 0.000000
vt 0.000000 0.200000 0.000000
vt -0.200000 0.000000 0.000000
vt -0.000000 0.000000 0.000000
vt 0.500000 0.235619 0.000000
vt -0.000000 0.235619 0.000000
vt 0.500000 0.168300 0.000000
vt 0.000000 0.168300 0.000000
vt 0.500000 0.100980 0.000000
vt 0.000000 0.100980 0.000000
vt 0.500000 0.033660 0.000000
vt 0.000000 0.033660 0.000000
vt 0.500000 -0.033660 0.000000
vt 0.000000 -0.033660 0.000000
vt 0.500000 -0.100980 0.000000
vt 0.000000 -0.100980 0.000000
vt 0.500000 -0.168300 0.000000
vt 0.000000 -0.168300 0.000000
vt 0.500000 -0.235619 0.000000
vt 0.000000 -0.235619 0.000000
vt -7.835000 0.000000 0.000000
vt -0.300000 0.000000 0.000000
vt -7.835000 0.500000 0.000000
vt -0.300000 0.500000 0.000000
vt 0.500000 0.235619 0.000000
vt 0.000000 0.235619 0.000000
vt 0.500000 0.168300 0.000000
vt 0.000000 0.168300 0.000000
vt 0.500000 0.100980 0.000000
vt 0.000000 0.100980 0.000000
vt 0.500000 0.033660 0.000000
vt -0.000000 0.033660 0.000000
vt 0.500000 -0.033660 0.000000
vt 0.000000 -0.033660 0.000000
vt 0.500000 -0.100980 0.000000
vt -0.000000 -0.100980 0.000000
vt 0.500000 -0.168300 0.000000
vt 0.000000 -0.168300 0.000000
vt 0.500000 -0.235619 0.000000
vt -0.000000 -0.235619 0.000000
vt -0.300000 0.500000 0.000000
vt -0.595000 0.500000 0.000000
vt -0.300000 0.000000 0.000000
vt -0.595000 0.000000 0.000000
vt 0.500000 0.235619 0.000000
vt -0.000000 0.235619 0.000000
vt 0.500000 0.168300 0.000000
vt -0.000000 0.168300 0.000000
vt 0.500000 0.100980 0.000000
vt 0.000000 0.100980 0.000000
vt 0.500000 0.033660 0.000000
vt 0.000000 0.033660 0.000000
vt 0.500000 -0.033660 0.000000
vt -0.000000 -0.033660 0.000000
vt 0.500000 -0.100980 0.000000
vt -0.000000 -0.100980 0.000000
vt 0.500000 -0.168300 0.000000
vt 0.000000 -0.168300 0.000000
vt 0.500000 -0.235619 0.000000
vt 0.000000 -0.235619 0.000000
vt -0.300000 0.500000 0.000000
vt -1.202500 0.300000 0.000000
vt -0.300000 0.000000 0.000000
vt -2.202500 0.300000 0.000000
vt -7.835000 0.000000 0.000000
vt -6.002500 0.300000 0.000000
vt -7.002500 0.300000 0.000000
vt -1.202500 0.500000 0.000000
vt -2.202500 0.500000 0.000000
vt -6.002500 0.500000 0.000000
vt -7.002500 0.500000 0.000000
vt -7.835000 0.500000 0.000000
vt 0.500000 0.235619 0.000000
vt 0.000000 0.235619 0.000000
vt 0.500000 0.168300 0.000000
vt 0.000000 0.168300 0.000000
vt 0.500000 0.100980 0.000000
vt -0.000000 0.100980 0.000000
vt 0.500000 0.033660 0.000000
vt -0.000000 0.033660 0.000000
vt 0.500000 -0.033660 0.000000
vt 0.000000 -0.033660 0.000000
vt 0.500000 -0.100980 0.000000
vt 0.000000 -0.100980 0.000000
vt 0.500000 -0.168300 0.000000
vt -0.000000 -0.168300 0.000000
vt 0.500000 -0.235619 0.000000
vt 0.000000 -0.235619 0.000000
vt -0.300000 0.500000 0.000000
vt -0.595000 0.500000 0.000000
vt -0.300000 0.000000 0.000000
vt -0.595000 0.000000 0.000000
vt -0.773750 -0.039270 0.000000
vt -0.573750 -0.039270 0.000000
vt -0.773750 -0.026180 0.000000
vt -0.573750 -0.026180 0.000000
vt -0.773750 -0.013090 0.000000
vt -0.573750 -0.013090 0.000000
vt -0.773750 -0.000000 0.000000
vt -0.573750 0.000000 0.000000
vt -0.773750 0.013090 0.000000
vt -0.573750 0.013090 0.000000
vt -0.773750 0.026180 0.000000
vt -0.573750 0.026180 0.000000
vt -0.773750 0.039270 0.000000
vt -0.573750 0.039270 0.000000
vt -0.000000 0.000000 0.000000
vt -0.013090 0.000000 0.000000
vt -0.000000 -0.048526 0.000000
vt -0.013090 -0.048526 0.000000
vt -0.000000 -0.097052 0.000000
vt -0.013090 -0.097052 0.000000
vt -0.000000 -0.145578 0.000000
vt -0.013090 -0.145578 0.000000
vt -0.000000 -0.194104 0.000000
vt -0.013090 -0.194104 0.000000
vt -0.000000 -0.242630 0.000000
vt -0.013090 -0.242630 0.000000
vt -0.000000 -0.291155 0.000000
vt -0.013090 -0.291155 0.000000
vt -0.026180 -0.242630 0.000000
vt -0.026180 -0.291155 0.000000
vt -0.039270 -0.242630 0.000000
vt -0.039270 -0.291155 0.000000
vt -0.052360 -0.242630 0.000000
vt -0.052360 -0.291155 0.000000
vt -0.065450 -0.242630 0.000000
vt -0.065450 -0.291155 0.000000
vt -0.078540 -0.242630 0.000000
vt -0.078540 -0.291155 0.000000
vt -0.026180 0.000000 0.000000
vt -0.026180 -0.048526 0.000000
vt -0.026180 -0.097052 0.000000
vt -0.026180 -0.145578 0.000000
vt -0.026180 -0.194104 0.000000
vt -0.039270 0.000000 0.000000
vt -0.039270 -0.048526 0.000000
vt -0.039270 -0.097052 0.000000
vt -0.039270 -0.145578 0.000000
vt -0.039270 -0.194104 0.000000
vt -0.052360 0.000000 0.000000
vt -0.052360 -0.048526 0.000000
vt -0.052360 -0.097052 0.000000
vt -0.052360 -0.145578 0.000000
vt -0.052360 -0.194104 0.000000
vt -0.065450 0.000000 0.000000
vt -0.065450 -0.048526 0.000000
vt -0.065450 -0.097052 0.000000
vt -0.065450 -0.145578 0.000000
vt -0.065450 -0.194104 0.000000
vt -0.078540 0.000000 0.000000
vt -0.078540 -0.048526 0.000000
vt -0.078540 -0.097052 0.000000
vt -0.078540 -0.145578 0.000000
vt -0.078540 -0.194104 0.000000
vt -2.550000 0.026180 0.000000
vt -2.274324 0.026180 0.000000
vt -2.550000 0.039270 0.000000
vt -1.998649 0.026180 0.000000
vt -1.722973 0.026180 0.000000
vt -1.722973 0.013090 0.000000
vt -1.447297 0.013090 0.000000
vt -1.447297 -0.000000 0.000000
vt -1.171622 -0.000000 0.000000
vt -1.171622 -0.013090 0.000000
vt -0.895946 -0.013090 0.000000
vt -0.895946 -0.026180 0.000000
vt -0.620270 -0.026180 0.000000
vt -2.550000 -0.039270 0.000000
vt -0.344595 -0.026180 0.000000
vt -0.068919 -0.026180 0.000000
vt -0.344595 -0.013090 0.000000
vt -0.068919 -0.013090 0.000000
vt -0.344595 -0.000000 0.000000
vt -0.068919 -0.000000 0.000000
vt -0.344595 0.013090 0.000000
vt -0.068919 0.013090 0.000000
vt -0.344595 0.026180 0.000000
vt -0.068919 0.026180 0.000000
vt 0.206757 0.026180 0.000000
vt 0.482432 0.026180 0.000000
vt 0.482432 0.013090 0.000000
vt 0.758108 0.013090 0.000000
vt 0.758108 -0.000000 0.000000
vt 1.033784 -0.000000 0.000000
vt 1.033784 -0.013090 0.000000
vt 1.309459 -0.013090 0.000000
vt 1.309459 -0.026180 0.000000
vt 1.585135 -0.026180 0.000000
vt 1.860811 -0.026180 0.000000
vt 2.136486 -0.026180 0.000000
vt 1.860811 -0.013090 0.000000
vt 2.136486 -0.013090 0.000000
vt 1.860811 -0.000000 0.000000
vt 2.136486 -0.000000 0.000000
vt 1.860811 0.013090 0.000000
vt 2.136486 0.013090 0.000000
vt 1.860811 0.026180 0.000000
vt 2.136486 0.026180 0.000000
vt 2.412162 0.026180 0.000000
vt 2.687838 0.026180 0.000000
vt 2.687838 0.013090 0.000000
vt 2.963514 0.013090 0.000000
vt 2.963514 -0.000000 0.000000
vt 3.239189 -0.000000 0.000000
vt 3.239189 -0.013090 0.000000
vt 3.514865 -0.013090 0.000000
vt 3.514865 -0.026180 0.000000
vt 3.790541 -0.026180 0.000000
vt 7.650000 -0.039270 0.000000
vt 4.066216 -0.026180 0.000000
vt 4.341892 -0.026180 0.000000
vt 4.066216 -0.013090 0.000000
vt 4.341892 -0.013090 0.000000
vt 4.066216 -0.000000 0.000000
vt 4.341892 -0.000000 0.000000
vt 4.066216 0.013090 0.000000
vt 4.341892 0.013090 0.000000
vt 4.066216 0.026180 0.000000
vt 4.341892 0.026180 0.000000
vt 7.650000 0.039270 0.000000
vt 4.617568 0.026180 0.000000
vt 4.893243 0.026180 0.000000
vt 4.893243 0.013090 0.000000
vt 5.168919 0.013090 0.000000
vt 5.168919 -0.000000 0.000000
vt 5.444595 -0.000000 0.000000
vt 5.444595 -0.013090 0.000000
vt 5.720270 -0.013090 0.000000
vt 5.720270 -0.026180 0.000000
vt 5.995946 -0.026180 0.000000
vt 6.271622 -0.026180 0.000000
vt 6.547297 -0.026180 0.000000
vt 6.271622 -0.013090 0.000000
vt 6.547297 -0.013090 0.000000
vt 6.271622 -0.000000 0.000000
vt 6.547297 -0.000000 0.000000
vt 6.271622 0.013090 0.000000
vt 6.547297 0.013090 0.000000
vt 6.271622 0.026180 0.000000
vt 6.547297 0.026180 0.000000
vt 6.822973 0.026180 0.000000
vt 7.098649 0.026180 0.000000
vt 7.098649 0.013090 0.000000
vt 7.374324 0.013090 0.000000
vt 7.374324 -0.000000 0.000000
vt 7.650000 -0.000000 0.000000
vt 7.650000 -0.013090 0.000000
vt 7.374324 -0.013090 0.000000
vt 7.650000 -0.026180 0.000000
vt 7.374324 -0.026180 0.000000
vt 7.098649 -0.026180 0.000000
vt 6.822973 -0.026180 0.000000
vt 6.822973 -0.013090 0.000000
vt -2.274324 0.013090 0.000000
vt -2.550000 0.013090 0.000000
vt -2.274324 -0.000000 0.000000
vt -2.550000 -0.000000 0.000000
vt -2.274324 -0.013090 0.000000
vt -2.550000 -0.013090 0.000000
vt -2.274324 -0.026180 0.000000
vt -2.550000 -0.026180 0.000000
vt 2.412162 -0.026180 0.000000
vt 2.687838 -0.026180 0.000000
vt 2.963514 -0.026180 0.000000
vt 2.687838 -0.013090 0.000000
vt 2.963514 -0.013090 0.000000
vt 2.687838 -0.000000 0.000000
vt 7.650000 0.013090 0.000000
vt 7.374324 0.026180 0.000000
vt 7.650000 0.026180 0.000000
vt 2.963514 0.026180 0.000000
vt 3.239189 0.026180 0.000000
vt 3.239189 0.013090 0.000000
vt 3.514865 0.013090 0.000000
vt 3.514865 -0.000000 0.000000
vt 3.790541 -0.000000 0.000000
vt 3.790541 -0.013090 0.000000
vt -1.998649 0.013090 0.000000
vt -1.998649 -0.000000 0.000000
vt -1.998649 -0.013090 0.000000
vt -1.998649 -0.026180 0.000000
vt -1.447297 0.026180 0.000000
vt -1.171622 0.026180 0.000000
vt -0.895946 0.026180 0.000000
vt -0.895946 0.013090 0.000000
vt -0.620270 0.013090 0.000000
vt -0.620270 -0.000000 0.000000
vt -1.171622 0.013090 0.000000
vt -0.620270 0.026180 0.000000
vt 0.206757 0.013090 0.000000
vt 0.206757 -0.000000 0.000000
vt 0.206757 -0.013090 0.000000
vt 0.206757 -0.026180 0.000000
vt 0.758108 0.026180 0.000000
vt 1.033784 0.026180 0.000000
vt 1.309459 0.026180 0.000000
vt 1.309459 0.013090 0.000000
vt 1.585135 0.013090 0.000000
vt 1.585135 -0.000000 0.000000
vt 1.033784 0.013090 0.000000
vt 1.585135 0.026180 0.000000
vt 2.412162 0.013090 0.000000
vt 2.412162 -0.000000 0.000000
vt 2.412162 -0.013090 0.000000
vt 3.514865 0.026180 0.000000
vt 3.790541 0.026180 0.000000
vt 3.790541 0.013090 0.000000
vt 4.617568 0.013090 0.000000
vt 4.617568 -0.000000 0.000000
vt 4.617568 -0.013090 0.000000
vt 4.617568 -0.026180 0.000000
vt 5.168919 0.026180 0.000000
vt 5.444595 0.026180 0.000000
vt 5.720270 0.026180 0.000000
vt 5.720270 0.013090 0.000000
vt 5.995946 0.013090 0.000000
vt 5.995946 -0.000000 0.000000
vt 5.444595 0.013090 0.000000
vt 5.995946 0.026180 0.000000
vt 6.822973 0.013090 0.000000
vt 6.822973 -0.000000 0.000000
vt -1.722973 -0.000000 0.000000
vt -1.447297 -0.013090 0.000000
vt -1.171622 -0.026180 0.000000
vt -0.895946 -0.000000 0.000000
vt 0.482432 -0.000000 0.000000
vt 0.758108 -0.013090 0.000000
vt 1.033784 -0.026180 0.000000
vt 1.309459 -0.000000 0.000000
vt 4.893243 -0.000000 0.000000
vt 5.168919 -0.013090 0.000000
vt 5.444595 -0.026180 0.000000
vt 5.720270 -0.000000 0.000000
vt 7.098649 -0.000000 0.000000
vt -1.722973 -0.013090 0.000000
vt -1.722973 -0.026180 0.000000
vt -0.620270 -0.013090 0.000000
vt 0.482432 -0.013090 0.000000
vt 0.482432 -0.026180 0.000000
vt 1.585135 -0.013090 0.000000
vt 4.893243 -0.013090 0.000000
vt 4.893243 -0.026180 0.000000
vt 5.995946 -0.013090 0.000000
vt 7.098649 -0.013090 0.000000
vt -1.447297 -0.026180 0.000000
vt 0.758108 -0.026180 0.000000
vt 3.239189 -0.026180 0.000000
vt 5.168919 -0.026180 0.000000
vt 0.000000 0.291155 0.000000
vt -0.013090 0.291155 0.000000
vt -0.000000 0.242630 0.000000
vt -0.013090 0.242630 0.000000
vt -0.000000 0.194104 0.000000
vt -0.013090 0.194104 0.000000
vt -0.000000 0.145578 0.000000
vt -0.013090 0.145578 0.000000
vt -0.000000 0.097052 0.000000
vt -0.013090 0.097052 0.000000
vt -0.000000 0.048526 0.000000
vt -0.013090 0.048526 0.000000
vt -0.000000 0.000000 0.000000
vt -0.013090 0.000000 0.000000
vt -0.026180 0.048526 0.000000
vt -0.026180 0.000000 0.000000
vt -0.039270 0.048526 0.000000
vt -0.039270 0.000000 0.000000
vt -0.052360 0.048526 0.000000
vt -0.052360 0.000000 0.000000
vt -0.065450 0.048526 0.000000
vt -0.065450 0.000000 0.000000
vt -0.078540 0.048526 0.000000
vt -0.078540 0.000000 0.000000
vt -0.026180 0.291155 0.000000
vt -0.026180 0.242630 0.000000
vt -0.026180 0.194104 0.000000
vt -0.026180 0.145578 0.000000
vt -0.026180 0.097052 0.000000
vt -0.039270 0.291155 0.000000
vt -0.039270 0.242630 0.000000
vt -0.039270 0.194104 0.000000
vt -0.039270 0.145578 0.000000
vt -0.039270 0.097052 0.000000
vt -0.052360 0.291155 0.000000
vt -0.052360 0.242630 0.000000
vt -0.052360 0.194104 0.000000
vt -0.052360 0.145578 0.000000
vt -0.052360 0.097052 0.000000
vt -0.065450 0.291155 0.000000
vt -0.065450 0.242630 0.000000
vt -0.065450 0.194104 0.000000
vt -0.065450 0.145578 0.000000
vt -0.065450 0.097052 0.000000
vt -0.078540 0.291155 0.000000
vt -0.078540 0.242630 0.000000
vt -0.078540 0.194104 0.000000
vt -0.078540 0.145578 0.000000
vt -0.078540 0.097052 0.000000
vt -0.773750 0.026180 0.000000
vt -0.492386 0.026180 0.000000
vt -0.773750 0.039270 0.000000
vt -0.211023 0.026180 0.000000
vt 0.070341 0.026180 0.000000
vt 0.070341 0.013090 0.000000
vt 0.351705 0.013090 0.000000
vt 0.351705 -0.000000 0.000000
vt 0.633068 -0.000000 0.000000
vt 0.633068 -0.013090 0.000000
vt 0.914432 -0.013090 0.000000
vt 0.914432 -0.026180 0.000000
vt 1.195795 -0.026180 0.000000
vt 2.321250 -0.039270 0.000000
vt 1.477159 -0.026180 0.000000
vt 1.758523 -0.026180 0.000000
vt 1.477159 -0.013090 0.000000
vt 1.758523 -0.013090 0.000000
vt 1.477159 -0.000000 0.000000
vt 1.758523 -0.000000 0.000000
vt 1.477159 0.013090 0.000000
vt 1.758523 0.013090 0.000000
vt 1.477159 0.026180 0.000000
vt 1.758523 0.026180 0.000000
vt 2.321250 0.039270 0.000000
vt 2.039886 0.026180 0.000000
vt 2.321250 0.026180 0.000000
vt 2.321250 0.013090 0.000000
vt 2.039886 0.013090 0.000000
vt 2.321250 -0.000000 0.000000
vt 2.039886 -0.000000 0.000000
vt 2.321250 -0.013090 0.000000
vt 2.039886 -0.013090 0.000000
vt 2.321250 -0.026180 0.000000
vt 2.039886 -0.026180 0.000000
vt -0.492386 0.013090 0.000000
vt -0.773750 0.013090 0.000000
vt -0.492386 -0.000000 0.000000
vt -0.773750 -0.000000 0.000000
vt -0.492386 -0.013090 0.000000
vt -0.773750 -0.013090 0.000000
vt -0.492386 -0.026180 0.000000
vt -0.773750 -0.026180 0.000000
vt -0.773750 -0.039270 0.000000
vt 0.633068 -0.026180 0.000000
vt 0.351705 -0.026180 0.000000
vt 0.070341 -0.026180 0.000000
vt 0.070341 -0.013090 0.000000
vt -0.211023 -0.013090 0.000000
vt -0.211023 -0.000000 0.000000
vt 0.914432 0.026180 0.000000
vt 1.195795 0.026180 0.000000
vt -0.211023 0.013090 0.000000
vt 0.351705 0.026180 0.000000
vt 0.633068 0.026180 0.000000
vt 0.914432 0.013090 0.000000
vt 1.195795 0.013090 0.000000
vt 1.195795 -0.000000 0.000000
vt 0.633068 0.013090 0.000000
vt 0.070341 -0.000000 0.000000
vt 0.351705 -0.013090 0.000000
vt 0.914432 -0.000000 0.000000
vt 1.195795 -0.013090 0.000000
vt -0.211023 -0.026180 0.000000
vt 0.000000 -0.582311 0.000000
vt -0.013090 -0.582311 0.000000
vt 0.000000 -0.630837 0.000000
vt -0.013090 -0.630837 0.000000
vt 0.000000 -0.679363 0.000000
vt -0.013090 -0.679363 0.000000
vt 0.000000 -0.727889 0.000000
vt -0.013090 -0.727889 0.000000
vt 0.000000 -0.776415 0.000000
vt -0.013090 -0.776415 0.000000
vt 0.000000 -0.824941 0.000000
vt -0.013090 -0.824941 0.000000
vt 0.000000 -0.873466 0.000000
vt -0.013090 -0.873466 0.000000
vt -0.026180 -0.824941 0.000000
vt -0.026180 -0.873466 0.000000
vt -0.039270 -0.824941 0.000000
vt -0.039270 -0.873466 0.000000
vt -0.052360 -0.824941 0.000000
vt -0.052360 -0.873466 0.000000
vt -0.065450 -0.824941 0.000000
vt -0.065450 -0.873466 0.000000
vt -0.078540 -0.824941 0.000000
vt -0.078540 -0.873466 0.000000
vt -0.026180 -0.582311 0.000000
vt -0.026180 -0.630837 0.000000
vt -0.026180 -0.679363 0.000000
vt -0.026180 -0.727889 0.000000
vt -0.026180 -0.776415 0.000000
vt -0.039270 -0.582311 0.000000
vt -0.039270 -0.630837 0.000000
vt -0.039270 -0.679363 0.000000
vt -0.039270 -0.727889 0.000000
vt -0.039270 -0.776415 0.000000
vt -0.052360 -0.582311 0.000000
vt -0.052360 -0.630837 0.000000
vt -0.052360 -0.679363 0.000000
vt -0.052360 -0.727889 0.000000
vt -0.052360 -0.776415 0.000000
vt -0.065450 -0.582311 0.000000
vt -0.065450 -0.630837 0.000000
vt -0.065450 -0.679363 0.000000
vt -0.065450 -0.727889 0.000000
vt -0.065450 -0.776415 0.000000
vt -0.078540 -0.582311 0.000000
vt -0.078540 -0.630837 0.000000
vt -0.078540 -0.679363 0.000000
vt -0.078540 -0.727889 0.000000
vt -0.078540 -0.776415 0.000000
vt -2.550000 0.026180 0.000000
vt -2.274324 0.026180 0.000000
vt -2.550000 0.039270 0.000000
vt -1.998649 0.026180 0.000000
vt -1.722973 0.026180 0.000000
vt -1.722973 0.013090 0.000000
vt -1.447297 0.013090 0.000000
vt -1.447297 -0.000000 0.000000
vt -1.171622 -0.000000 0.000000
vt -1.171622 -0.013090 0.000000
vt -0.895946 -0.013090 0.000000
vt -0.895946 -0.026180 0.000000
vt -0.620270 -0.026180 0.000000
vt -2.550000 -0.039270 0.000000
vt -0.344595 -0.026180 0.000000
vt -0.068919 -0.026180 0.000000
vt -0.344595 -0.013090 0.000000
vt -0.068919 -0.013090 0.000000
vt -0.344595 -0.000000 0.000000
vt -0.068919 -0.000000 0.000000
vt -0.344595 0.013090 0.000000
vt -0.068919 0.013090 0.000000
vt -0.344595 0.026180 0.000000
vt -0.068919 0.026180 0.000000
vt 0.206757 0.026180 0.000000
vt 0.482432 0.026180 0.000000
vt 0.482432 0.013090 0.000000
vt 0.758108 0.013090 0.000000
vt 0.758108 -0.000000 0.000000
vt 1.033784 -0.000000 0.000000
vt 1.033784 -0.013090 0.000000
vt 1.309459 -0.013090 0.000000
vt 1.309459 -0.026180 0.000000
vt 1.585135 -0.026180 0.000000
vt 1.860811 -0.026180 0.000000
vt 2.136486 -0.026180 0.000000
vt 1.860811 -0.013090 0.000000
vt 2.136486 -0.013090 0.000000
vt 1.860811 -0.000000 0.000000
vt 2.136486 -0.000000 0.000000
vt 1.860811 0.013090 0.000000
vt 2.136486 0.013090 0.000000
vt 1.860811 0.026180 0.000000
vt 2.136486 0.026180 0.000000
vt 2.412162 0.026180 0.000000
vt 2.687838 0.026180 0.000000
vt 2.687838 0.013090 0.000000
vt 2.963514 0.013090 0.000000
vt 2.963514 -0.000000 0.000000
vt 3.239189 -0.000000 0.000000
vt 3.239189 -0.013090 0.000000
vt 3.514865 -0.013090 0.000000
vt 3.514865 -0.026180 0.000000
vt 3.790541 -0.026180 0.000000
vt 7.650000 -0.039270 0.000000
vt 4.066216 -0.026180 0.000000
vt 4.341892 -0.026180 0.000000
vt 4.066216 -0.013090 0.000000
vt 4.341892 -0.013090 0.000000
vt 4.066216 -0.000000 0.000000
vt 4.341892 -0.000000 0.000000
vt 4.066216 0.013090 0.000000
vt 4.341892 0.013090 0.000000
vt 4.066216 0.026180 0.000000
vt 4.341892 0.026180 0.000000
vt 7.650000 0.039270 0.000000
vt 4.617568 0.026180 0.000000
vt 4.893243 0.026180 0.000000
vt 4.893243 0.013090 0.000000
vt 5.168919 0.013090 0.000000
vt 5.168919 -0.000000 0.000000
vt 5.444595 -0.000000 0.000000
vt 5.444595 -0.013090 0.000000
vt 5.720270 -0.013090 0.000000
vt 5.720270 -0.026180 0.000000
vt 5.995946 -0.026180 0.000000
vt 6.271622 -0.026180 0.000000
vt 6.547297 -0.026180 0.000000
vt 6.271622 -0.013090 0.000000
vt 6.547297 -0.013090 0.000000
vt 6.271622 -0.000000 0.000000
vt 6.547297 -0.000000 0.000000
vt 6.271622 0.013090 0.000000
vt 6.547297 0.013090 0.000000
vt 6.271622 0.026180 0.000000
vt 6.547297 0.026180 0.000000
vt 6.822973 0.026180 0.000000
vt 7.098649 0.026180 0.000000
vt 7.098649 0.013090 0.000000
vt 7.374324 0.013090 0.000000
vt 7.374324 -0.000000 0.000000
vt 7.650000 -0.000000 0.000000
vt 7.650000 -0.013090 0.000000
vt 7.374324 -0.013090 0.000000
vt 7.650000 -0.026180 0.000000
vt 7.374324 -0.026180 0.000000
vt 7.098649 -0.026180 0.000000
vt 6.822973 -0.026180 0.000000
vt 6.822973 -0.013090 0.000000
vt -2.274324 0.013090 0.000000
vt -2.550000 0.013090 0.000000
vt -2.274324 -0.000000 0.000000
vt -2.550000 -0.000000 0.000000
vt -2.274324 -0.013090 0.000000
vt -2.550000 -0.013090 0.000000
vt -2.274324 -0.026180 0.000000
vt -2.550000 -0.026180 0.000000
vt 2.412162 -0.026180 0.000000
vt 2.687838 -0.026180 0.000000
vt 2.963514 -0.026180 0.000000
vt 2.687838 -0.013090 0.000000
vt 2.963514 -0.013090 0.000000
vt 2.687838 -0.000000 0.000000
vt 7.650000 0.013090 0.000000
vt 7.374324 0.026180 0.000000
vt 7.650000 0.026180 0.000000
vt 2.963514 0.026180 0.000000
vt 3.239189 0.026180 0.000000
vt 3.239189 0.013090 0.000000
vt 3.514865 0.013090 0.000000
vt 3.514865 -0.000000 0.000000
vt 3.790541 -0.000000 0.000000
vt 3.790541 -0.013090 0.000000
vt -1.998649 0.013090 0.000000
vt -1.998649 -0.000000 0.000000
vt -1.998649 -0.013090 0.000000
vt -1.998649 -0.026180 0.000000
vt -1.447297 0.026180 0.000000
vt -1.171622 0.026180 0.000000
vt -0.895946 0.026180 0.000000
vt -0.895946 0.013090 0.000000
vt -0.620270 0.013090 0.000000
vt -0.620270 -0.000000 0.000000
vt -1.171622 0.013090 0.000000
vt -0.620270 0.026180 0.000000
vt 0.206757 0.013090 0.000000
vt 0.206757 -0.000000 0.000000
vt 0.206757 -0.013090 0.000000
vt 0.206757 -0.026180 0.000000
vt 0.758108 0.026180 0.000000
vt 1.033784 0.026180 0.000000
vt 1.309459 0.026180 0.000000
vt 1.309459 0.013090 0.000000
vt 1.585135 0.013090 0.000000
vt 1.585135 -0.000000 0.000000
vt 1.033784 0.013090 0.000000
vt 1.585135 0.026180 0.000000
vt 2.412162 0.013090 0.000000
vt 2.412162 -0.000000 0.000000
vt 2.412162 -0.013090 0.000000
vt 3.514865 0.026180 0.000000
vt 3.790541 0.026180 0.000000
vt 3.790541 0.013090 0.000000
vt 4.617568 0.013090 0.000000
vt 4.617568 -0.000000 0.000000
vt 4.617568 -0.013090 0.000000
vt 4.617568 -0.026180 0.000000
vt 5.168919 0.026180 0.000000
vt 5.444595 0.026180 0.000000
vt 5.720270 0.026180 0.000000
vt 5.720270 0.013090 0.000000
vt 5.995946 0.013090 0.000000
vt 5.995946 -0.000000 0.000000
vt 5.444595 0.013090 0.000000
vt 5.995946 0.026180 0.000000
vt 6.822973 0.013090 0.000000
vt 6.822973 -0.000000 0.000000
vt -1.722973 -0.000000 0.000000
vt -1.447297 -0.013090 0.000000
vt -1.171622 -0.026180 0.000000
vt -0.895946 -0.000000 0.000000
vt 0.482432 -0.000000 0.000000
vt 0.758108 -0.013090 0.000000
vt 1.033784 -0.026180 0.000000
vt 1.309459 -0.000000 0.000000
vt 4.893243 -0.000000 0.000000
vt 5.168919 -0.013090 0.000000
vt 5.444595 -0.026180 0.000000
vt 5.720270 -0.000000 0.000000
vt 7.098649 -0.000000 0.000000
vt -1.722973 -0.013090 0.000000
vt -1.722973 -0.026180 0.000000
vt -0.620270 -0.013090 0.000000
vt 0.482432 -0.013090 0.000000
vt 0.482432 -0.026180 0.000000
vt 1.585135 -0.013090 0.000000
vt 4.893243 -0.013090 0.000000
vt 4.893243 -0.026180 0.000000
vt 5.995946 -0.013090 0.000000
vt 7.098649 -0.013090 0.000000
vt -1.447297 -0.026180 0.000000
vt 0.758108 -0.026180 0.000000
vt 3.239189 -0.026180 0.000000
vt 5.168919 -0.026180 0.000000
vt -0.000000 -0.291155 0.000000
vt -0.013090 -0.291155 0.000000
vt -0.000000 -0.339681 0.000000
vt -0.013090 -0.339681 0.000000
vt -0.000000 -0.388207 0.000000
vt -0.013090 -0.388207 0.000000
vt -0.000000 -0.436733 0.000000
vt -0.013090 -0.436733 0.000000
vt -0.000000 -0.485259 0.000000
vt -0.013090 -0.485259 0.000000
vt -0.000000 -0.533785 0.000000
vt -0.013090 -0.533785 0.000000
vt 0.000000 -0.582311 0.000000
vt -0.013090 -0.582311 0.000000
vt -0.026180 -0.533785 0.000000
vt -0.026180 -0.582311 0.000000
vt -0.039270 -0.533785 0.000000
vt -0.039270 -0.582311 0.000000
vt -0.052360 -0.533785 0.000000
vt -0.052360 -0.582311 0.000000
vt -0.065450 -0.533785 0.000000
vt -0.065450 -0.582311 0.000000
vt -0.078540 -0.533785 0.000000
vt -0.078540 -0.582311 0.000000
vt -0.026180 -0.291155 0.000000
vt -0.026180 -0.339681 0.000000
vt -0.026180 -0.388207 0.000000
vt -0.026180 -0.436733 0.000000
vt -0.026180 -0.485259 0.000000
vt -0.039270 -0.291155 0.000000
vt -0.039270 -0.339681 0.000000
vt -0.039270 -0.388207 0.000000
vt -0.039270 -0.436733 0.000000
vt -0.039270 -0.485259 0.000000
vt -0.052360 -0.291155 0.000000
vt -0.052360 -0.339681 0.000000
vt -0.052360 -0.388207 0.000000
vt -0.052360 -0.436733 0.000000
vt -0.052360 -0.485259 0.000000
vt -0.065450 -0.291155 0.000000
vt -0.065450 -0.339681 0.000000
vt -0.065450 -0.388207 0.000000
vt -0.065450 -0.436733 0.000000
vt -0.065450 -0.485259 0.000000
vt -0.078540 -0.291155 0.000000
vt -0.078540 -0.339681 0.000000
vt -0.078540 -0.388207 0.000000
vt -0.078540 -0.436733 0.000000
vt -0.078540 -0.485259 0.000000
vt 2.321250 0.039270 0.000000
vt 2.121250 0.039270 0.000000
vt 2.321250 0.026180 0.000000
vt 2.121250 0.026180 0.000000
vt 2.321250 0.013090 0.000000
vt 2.121250 0.013090 0.000000
vt 2.321250 -0.000000 0.000000
vt 2.121250 -0.000000 0.000000
vt 2.321250 -0.013090 0.000000
vt 2.121250 -0.013090 0.000000
vt 2.321250 -0.026180 0.000000
vt 2.121250 -0.026180 0.000000
vt 2.321250 -0.039270 0.000000
vt 2.121250 -0.039270 0.000000
vt 2.895000 -2.200000 0.000000
vt 3.095000 -2.200000 0.000000
vt 2.895000 -1.950000 0.000000
vt 3.095000 -1.950000 0.000000
vt 2.200000 0.000000 0.000000
vt 2.200000 0.052360 0.000000
vt 1.950000 0.000000 0.000000
vt 1.850000 0.000000 0.000000
vt 1.100000 0.052360 0.000000
vt 0.000000 0.052360 0.000000
vt 0.000000 0.104720 0.000000
vt -1.100000 0.104720 0.000000
vt -1.100000 0.157080 0.000000
vt -2.200000 0.157080 0.000000
vt -2.200000 0.209440 0.000000
vt -1.100000 0.209440 0.000000
vt -2.200000 0.261799 0.000000
vt -1.100000 0.261799 0.000000
vt -2.200000 0.314159 0.000000
vt 0.000000 0.261799 0.000000
vt 2.200000 0.314159 0.000000
vt 1.100000 0.261799 0.000000
vt 2.200000 0.261799 0.000000
vt 2.200000 0.209440 0.000000
vt 1.100000 0.209440 0.000000
vt 2.200000 0.157080 0.000000
vt 1.100000 0.157080 0.000000
vt 2.200000 0.104720 0.000000
vt 1.100000 0.104720 0.000000
vt -2.200000 0.104720 0.000000
vt -1.100000 0.052360 0.000000
vt -2.200000 0.000000 0.000000
vt -2.200000 0.052360 0.000000
vt 0.000000 0.157080 0.000000
vt 0.000000 0.209440 0.000000
vt 0.000000 -2.200000 0.000000
vt 10.200000 -2.200000 0.000000
vt 0.000000 2.200000 0.000000
vt 10.200000 2.200000 0.000000
vt 2.200000 0.052360 0.000000
vt 1.100000 0.052360 0.000000
vt 2.200000 0.000000 0.000000
vt 0.000000 0.052360 0.000000
vt -2.200000 0.000000 0.000000
vt -1.100000 0.052360 0.000000
vt -2.200000 0.052360 0.000000
vt -2.200000 0.104720 0.000000
vt -1.100000 0.104720 0.000000
vt -2.200000 0.157080 0.000000
vt -1.100000 0.157080 0.000000
vt -2.200000 0.209440 0.000000
vt -1.100000 0.209440 0.000000
vt -2.200000 0.261799 0.000000
vt -1.100000 0.261799 0.000000
vt -2.200000 0.314159 0.000000
vt 0.000000 0.261799 0.000000
vt 2.200000 0.314159 0.000000
vt 1.100000 0.261799 0.000000
vt 2.200000 0.261799 0.000000
vt 2.200000 0.209440 0.000000
vt 1.100000 0.209440 0.000000
vt 2.200000 0.157080 0.000000
vt 1.100000 0.157080 0.000000
vt 2.200000 0.104720 0.000000
vt 1.100000 0.104720 0.000000
vt 0.000000 0.104720 0.000000
vt 0.000000 0.157080 0.000000
vt 0.000000 0.209440 0.000000
vt 0.000000 -2.200000 0.000000
vt 3.095000 -2.200000 0.000000
vt -0.000000 2.200000 0.000000
vt 3.095000 2.200000 0.000000
vt 2.200000 0.052360 0.000000
vt 1.100000 0.052360 0.000000
vt 2.200000 0.000000 0.000000
vt 0.000000 0.052360 0.000000
vt -2.200000 0.000000 0.000000
vt -1.100000 0.052360 0.000000
vt -2.200000 0.052360 0.000000
vt -2.200000 0.104720 0.000000
vt -1.100000 0.104720 0.000000
vt -2.200000 0.157080 0.000000
vt -1.100000 0.157080 0.000000
vt -2.200000 0.209440 0.000000
vt -1.100000 0.209440 0.000000
vt -2.200000 0.261799 0.000000
vt -1.100000 0.261799 0.000000
vt -2.200000 0.314159 0.000000
vt 0.000000 0.261799 0.000000
vt 2.200000 0.314159 0.000000
vt 1.100000 0.261799 0.000000
vt 2.200000 0.261799 0.000000
vt 2.200000 0.209440 0.000000
vt 1.100000 0.209440 0.000000
vt 2.200000 0.157080 0.000000
vt 1.100000 0.157080 0.000000
vt 2.200000 0.104720 0.000000
vt 1.100000 0.104720 0.000000
vt 0.000000 0.104720 0.000000
vt 0.000000 0.157080 0.000000
vt 0.000000 0.209440 0.000000
vt 0.000000 -2.200000 0.000000
vt 10.200000 -2.200000 0.000000
vt -0.000000 2.200000 0.000000
vt 10.200000 2.200000 0.000000
vt 2.200000 0.052360 0.000000
vt 1.100000 0.052360 0.000000
vt 2.200000 -0.000000 0.000000
vt 0.000000 0.052360 0.000000
vt -2.200000 0.000000 0.000000
vt -1.100000 0.052360 0.000000
vt -2.200000 0.052360 0.000000
vt -2.200000 0.104720 0.000000
vt -1.100000 0.104720 0.000000
vt -2.200000 0.157080 0.000000
vt -1.100000 0.157080 0.000000
vt -2.200000 0.209440 0.000000
vt -1.100000 0.209440 0.000000
vt -2.200000 0.261799 0.000000
vt -1.100000 0.261799 0.000000
vt -2.200000 0.314159 0.000000
vt 0.000000 0.261799 0.000000
vt 1.850000 0.314159 0.000000
vt 1.100000 0.261799 0.000000
vt 2.200000 0.261799 0.000000
vt 2.200000 0.209440 0.000000
vt 1.100000 0.209440 0.000000
vt 2.200000 0.157080 0.000000
vt 1.100000 0.157080 0.000000
vt 2.200000 0.104720 0.000000
vt 1.100000 0.104720 0.000000
vt 2.200000 0.314159 0.000000
vt 1.950000 0.314159 0.000000
vt 0.000000 0.104720 0.000000
vt 0.000000 0.157080 0.000000
vt 0.000000 0.209440 0.000000
vt 0.000000 -2.200000 0.000000
vt 0.200000 -2.200000 0.000000
vt -0.000000 -1.950000 0.000000
vt 0.200000 -1.950000 0.000000
vt 0.262941 0.001704 0.000000
vt 0.300000 4.200000 0.000000
vt 0.250000 -0.000000 0.000000
vt -0.000000 4.200000 0.000000
vt -0.000000 -0.000000 0.000000
vt 0.275000 0.006699 0.000000
vt 0.300000 0.050000 0.000000
vt 0.285355 0.014645 0.000000
vt 0.293301 0.025000 0.000000
vt 0.298296 0.037059 0.000000
vt 0.773750 -0.026180 0.000000
vt 0.492386 -0.026180 0.000000
vt 0.773750 -0.039270 0.000000
vt 0.211023 -0.026180 0.000000
vt -0.070341 -0.026180 0.000000
vt -0.070341 -0.013090 0.000000
vt -0.351705 -0.013090 0.000000
vt -0.351705 -0.000000 0.000000
vt -0.633068 -0.000000 0.000000
vt -0.633068 0.013090 0.000000
vt -0.914432 0.013090 0.000000
vt -0.914432 0.026180 0.000000
vt -1.195795 0.026180 0.000000
vt -2.321250 0.039270 0.000000
vt -1.477159 0.026180 0.000000
vt -1.758523 0.026180 0.000000
vt -1.477159 0.013090 0.000000
vt -1.758523 0.013090 0.000000
vt -1.477159 -0.000000 0.000000
vt -1.758523 -0.000000 0.000000
vt -1.477159 -0.013090 0.000000
vt -1.758523 -0.013090 0.000000
vt -1.477159 -0.026180 0.000000
vt -1.758523 -0.026180 0.000000
vt -2.321250 -0.039270 0.000000
vt -2.039886 -0.026180 0.000000
vt -2.321250 -0.026180 0.000000
vt -2.321250 -0.013090 0.000000
vt -2.039886 -0.013090 0.000000
vt -2.321250 -0.000000 0.000000
vt -2.039886 -0.000000 0.000000
vt -2.321250 0.013090 0.000000
vt -2.039886 0.013090 0.000000
vt -2.321250 0.026180 0.000000
vt -2.039886 0.026180 0.000000
vt 0.492386 -0.013090 0.000000
vt 0.773750 -0.013090 0.000000
vt 0.492386 -0.000000 0.000000
vt 0.773750 -0.000000 0.000000
vt 0.492386 0.013090 0.000000
vt 0.773750 0.013090 0.000000
vt 0.492386 0.026180 0.000000
vt 0.773750 0.026180 0.000000
vt 0.773750 0.039270 0.000000
vt -0.633068 0.026180 0.000000
vt -0.351705 0.026180 0.000000
vt -0.070341 0.026180 0.000000
vt -0.070341 0.013090 0.000000
vt 0.211023 0.013090 0.000000
vt 0.211023 -0.000000 0.000000
vt -0.914432 -0.026180 0.000000
vt -1.195795 -0.026180 0.000000
vt 0.211023 -0.013090 0.000000
vt -0.351705 -0.026180 0.000000
vt -0.633068 -0.026180 0.000000
vt -0.914432 -0.013090 0.000000
vt -1.195795 -0.013090 0.000000
vt -1.195795 -0.000000 0.000000
vt -0.633068 -0.013090 0.000000
vt -0.070341 -0.000000 0.000000
vt -0.351705 0.013090 0.000000
vt -0.914432 -0.000000 0.000000
vt -1.195795 0.013090 0.000000
vt 0.211023 0.026180 0.000000
vt -0.000000 0.000000 0.000000
vt -0.013090 0.000000 0.000000
vt -0.000000 -0.048526 0.000000
vt -0.013090 -0.048526 0.000000
vt -0.000000 -0.097052 0.000000
vt -0.013090 -0.097052 0.000000
vt -0.000000 -0.145578 0.000000
vt -0.013090 -0.145578 0.000000
vt -0.000000 -0.194104 0.000000
vt -0.013090 -0.194104 0.000000
vt -0.000000 -0.242630 0.000000
vt -0.013090 -0.242630 0.000000
vt -0.000000 -0.291155 0.000000
vt -0.013090 -0.291155 0.000000
vt -0.026180 -0.242630 0.000000
vt -0.026180 -0.291155 0.000000
vt -0.039270 -0.242630 0.000000
vt -0.039270 -0.291155 0.000000
vt -0.052360 -0.242630 0.000000
vt -0.052360 -0.291155 0.000000
vt -0.065450 -0.242630 0.000000
vt -0.065450 -0.291155 0.000000
vt -0.078540 -0.242630 0.000000
vt -0.078540 -0.291155 0.000000
vt -0.026180 0.000000 0.000000
vt -0.026180 -0.048526 0.000000
vt -0.026180 -0.097052 0.000000
vt -0.026180 -0.145578 0.000000
vt -0.026180 -0.194104 0.000000
vt -0.039270 0.000000 0.000000
vt -0.039270 -0.048526 0.000000
vt -0.039270 -0.097052 0.000000
vt -0.039270 -0.145578 0.000000
vt -0.039270 -0.194104 0.000000
vt -0.052360 0.000000 0.000000
vt -0.052360 -0.048526 0.000000
vt -0.052360 -0.097052 0.000000
vt -0.052360 -0.145578 0.000000
vt -0.052360 -0.194104 0.000000
vt -0.065450 0.000000 0.000000
vt -0.065450 -0.048526 0.000000
vt -0.065450 -0.097052 0.000000
vt -0.065450 -0.145578 0.000000
vt -0.065450 -0.194104 0.000000
vt -0.078540 0.000000 0.000000
vt -0.078540 -0.048526 0.000000
vt -0.078540 -0.097052 0.000000
vt -0.078540 -0.145578 0.000000
vt -0.078540 -0.194104 0.000000
vt -7.650000 0.026180 0.000000
vt -7.374324 0.026180 0.000000
vt -7.650000 0.039270 0.000000
vt -7.098649 0.026180 0.000000
vt -6.822973 0.026180 0.000000
vt -6.822973 0.013090 0.000000
vt -6.547297 0.013090 0.000000
vt -6.547297 -0.000000 0.000000
vt -6.271622 -0.000000 0.000000
vt -6.271622 -0.013090 0.000000
vt -5.995946 -0.013090 0.000000
vt -5.995946 -0.026180 0.000000
vt -5.720270 -0.026180 0.000000
vt -7.650000 -0.039270 0.000000
vt -5.444595 -0.026180 0.000000
vt -5.168919 -0.026180 0.000000
vt -5.444595 -0.013090 0.000000
vt -5.168919 -0.013090 0.000000
vt -5.444595 -0.000000 0.000000
vt -5.168919 -0.000000 0.000000
vt -5.444595 0.013090 0.000000
vt -5.168919 0.013090 0.000000
vt -5.444595 0.026180 0.000000
vt -5.168919 0.026180 0.000000
vt -4.893243 0.026180 0.000000
vt -4.617568 0.026180 0.000000
vt -4.617568 0.013090 0.000000
vt -4.341892 0.013090 0.000000
vt -4.341892 -0.000000 0.000000
vt -4.066216 -0.000000 0.000000
vt -4.066216 -0.013090 0.000000
vt -3.790541 -0.013090 0.000000
vt -3.790541 -0.026180 0.000000
vt -3.514865 -0.026180 0.000000
vt -3.239189 -0.026180 0.000000
vt -2.963514 -0.026180 0.000000
vt -3.239189 -0.013090 0.000000
vt -2.963514 -0.013090 0.000000
vt -3.239189 -0.000000 0.000000
vt -2.963514 -0.000000 0.000000
vt -3.239189 0.013090 0.000000
vt -2.963514 0.013090 0.000000
vt -3.239189 0.026180 0.000000
vt -2.963514 0.026180 0.000000
vt -2.687838 0.026180 0.000000
vt -2.412162 0.026180 0.000000
vt -2.412162 0.013090 0.000000
vt -2.136486 0.013090 0.000000
vt -2.136486 -0.000000 0.000000
vt -1.860811 -0.000000 0.000000
vt -1.860811 -0.013090 0.000000
vt -1.585135 -0.013090 0.000000
vt -1.585135 -0.026180 0.000000
vt -1.309459 -0.026180 0.000000
vt 2.550000 -0.039270 0.000000
vt -1.033784 -0.026180 0.000000
vt -0.758108 -0.026180 0.000000
vt -1.033784 -0.013090 0.000000
vt -0.758108 -0.013090 0.000000
vt -1.033784 -0.000000 0.000000
vt -0.758108 -0.000000 0.000000
vt -1.033784 0.013090 0.000000
vt -0.758108 0.013090 0.000000
vt -1.033784 0.026180 0.000000
vt -0.758108 0.026180 0.000000
vt 2.550000 0.039270 0.000000
vt -0.482432 0.026180 0.000000
vt -0.206757 0.026180 0.000000
vt -0.206757 0.013090 0.000000
vt 0.068919 0.013090 0.000000
vt 0.068919 -0.000000 0.000000
vt 0.344595 -0.000000 0.000000
vt 0.344595 -0.013090 0.000000
vt 0.620270 -0.013090 0.000000
vt 0.620270 -0.026180 0.000000
vt 0.895946 -0.026180 0.000000
vt 1.171622 -0.026180 0.000000
vt 1.447297 -0.026180 0.000000
vt 1.171622 -0.013090 0.000000
vt 1.447297 -0.013090 0.000000
vt 1.171622 -0.000000 0.000000
vt 1.447297 -0.000000 0.000000
vt 1.171622 0.013090 0.000000
vt 1.447297 0.013090 0.000000
vt 1.171622 0.026180 0.000000
vt 1.447297 0.026180 0.000000
vt 1.722973 0.026180 0.000000
vt 1.998649 0.026180 0.000000
vt 1.998649 0.013090 0.000000
vt 2.274324 0.013090 0.000000
vt 2.274324 -0.000000 0.000000
vt 2.550000 -0.000000 0.000000
vt 2.550000 -0.013090 0.000000
vt 2.274324 -0.013090 0.000000
vt 2.550000 -0.026180 0.000000
vt 2.274324 -0.026180 0.000000
vt 1.998649 -0.026180 0.000000
vt 1.722973 -0.026180 0.000000
vt 1.722973 -0.013090 0.000000
vt -7.374324 0.013090 0.000000
vt -7.650000 0.013090 0.000000
vt -7.374324 -0.000000 0.000000
vt -7.650000 -0.000000 0.000000
vt -7.374324 -0.013090 0.000000
vt -7.650000 -0.013090 0.000000
vt -7.374324 -0.026180 0.000000
vt -7.650000 -0.026180 0.000000
vt -2.687838 -0.026180 0.000000
vt -2.412162 -0.026180 0.000000
vt -2.136486 -0.026180 0.000000
vt -2.412162 -0.013090 0.000000
vt -2.136486 -0.013090 0.000000
vt -2.412162 -0.000000 0.000000
vt 2.550000 0.013090 0.000000
vt 2.274324 0.026180 0.000000
vt 2.550000 0.026180 0.000000
vt -2.136486 0.026180 0.000000
vt -1.860811 0.026180 0.000000
vt -1.860811 0.013090 0.000000
vt -1.585135 0.013090 0.000000
vt -1.585135 -0.000000 0.000000
vt -1.309459 -0.000000 0.000000
vt -1.309459 -0.013090 0.000000
vt -7.098649 0.013090 0.000000
vt -7.098649 -0.000000 0.000000
vt -7.098649 -0.013090 0.000000
vt -7.098649 -0.026180 0.000000
vt -6.547297 0.026180 0.000000
vt -6.271622 0.026180 0.000000
vt -5.995946 0.026180 0.000000
vt -5.995946 0.013090 0.000000
vt -5.720270 0.013090 0.000000
vt -5.720270 -0.000000 0.000000
vt -6.271622 0.013090 0.000000
vt -5.720270 0.026180 0.000000
vt -4.893243 0.013090 0.000000
vt -4.893243 -0.000000 0.000000
vt -4.893243 -0.013090 0.000000
vt -4.893243 -0.026180 0.000000
vt -4.341892 0.026180 0.000000
vt -4.066216 0.026180 0.000000
vt -3.790541 0.026180 0.000000
vt -3.790541 0.013090 0.000000
vt -3.514865 0.013090 0.000000
vt -3.514865 -0.000000 0.000000
vt -4.066216 0.013090 0.000000
vt -3.514865 0.026180 0.000000
vt -2.687838 0.013090 0.000000
vt -2.687838 -0.000000 0.000000
vt -2.687838 -0.013090 0.000000
vt -1.585135 0.026180 0.000000
vt -1.309459 0.026180 0.000000
vt -1.309459 0.013090 0.000000
vt -0.482432 0.013090 0.000000
vt -0.482432 -0.000000 0.000000
vt -0.482432 -0.013090 0.000000
vt -0.482432 -0.026180 0.000000
vt 0.068919 0.026180 0.000000
vt 0.344595 0.026180 0.000000
vt 0.620270 0.026180 0.000000
vt 0.620270 0.013090 0.000000
vt 0.895946 0.013090 0.000000
vt 0.895946 -0.000000 0.000000
vt 0.344595 0.013090 0.000000
vt 0.895946 0.026180 0.000000
vt 1.722973 0.013090 0.000000
vt 1.722973 -0.000000 0.000000
vt -6.822973 -0.000000 0.000000
vt -6.547297 -0.013090 0.000000
vt -6.271622 -0.026180 0.000000
vt -5.995946 -0.000000 0.000000
vt -4.617568 -0.000000 0.000000
vt -4.341892 -0.013090 0.000000
vt -4.066216 -0.026180 0.000000
vt -3.790541 -0.000000 0.000000
vt -0.206757 -0.000000 0.000000
vt 0.068919 -0.013090 0.000000
vt 0.344595 -0.026180 0.000000
vt 0.620270 -0.000000 0.000000
vt 1.998649 -0.000000 0.000000
vt -6.822973 -0.013090 0.000000
vt -6.822973 -0.026180 0.000000
vt -5.720270 -0.013090 0.000000
vt -4.617568 -0.013090 0.000000
vt -4.617568 -0.026180 0.000000
vt -3.514865 -0.013090 0.000000
vt -0.206757 -0.013090 0.000000
vt -0.206757 -0.026180 0.000000
vt 0.895946 -0.013090 0.000000
vt 1.998649 -0.013090 0.000000
vt -6.547297 -0.026180 0.000000
vt -4.341892 -0.026180 0.000000
vt -1.860811 -0.026180 0.000000
vt 0.068919 -0.026180 0.000000
vt -0.000000 0.291155 0.000000
vt -0.013090 0.291155 0.000000
vt -0.000000 0.242630 0.000000
vt -0.013090 0.242630 0.000000
vt -0.000000 0.194104 0.000000
vt -0.013090 0.194104 0.000000
vt -0.000000 0.145578 0.000000
vt -0.013090 0.145578 0.000000
vt -0.000000 0.097052 0.000000
vt -0.013090 0.097052 0.000000
vt -0.000000 0.048526 0.000000
vt -0.013090 0.048526 0.000000
vt -0.000000 0.000000 0.000000
vt -0.013090 0.000000 0.000000
vt -0.026180 0.048526 0.000000
vt -0.026180 0.000000 0.000000
vt -0.039270 0.048526 0.000000
vt -0.039270 0.000000 0.000000
vt -0.052360 0.048526 0.000000
vt -0.052360 0.000000 0.000000
vt -0.065450 0.048526 0.000000
vt -0.065450 0.000000 0.000000
vt -0.078540 0.048526 0.000000
vt -0.078540 0.000000 0.000000
vt -0.026180 0.291155 0.000000
vt -0.026180 0.242630 0.000000
vt -0.026180 0.194104 0.000000
vt -0.026180 0.145578 0.000000
vt -0.026180 0.097052 0.000000
vt -0.039270 0.291155 0.000000
vt -0.039270 0.242630 0.000000
vt -0.039270 0.194104 0.000000
vt -0.039270 0.145578 0.000000
vt -0.039270 0.097052 0.000000
vt -0.052360 0.291155 0.000000
vt -0.052360 0.242630 0.000000
vt -0.052360 0.194104 0.000000
vt -0.052360 0.145578 0.000000
vt -0.052360 0.097052 0.000000
vt -0.065450 0.291155 0.000000
vt -0.065450 0.242630 0.000000
vt -0.065450 0.194104 0.000000
vt -0.065450 0.145578 0.000000
vt -0.065450 0.097052 0.000000
vt -0.078540 0.291155 0.000000
vt -0.078540 0.242630 0.000000
vt -0.078540 0.194104 0.000000
vt -0.078540 0.145578 0.000000
vt -0.078540 0.097052 0.000000
vt -2.321250 0.026180 0.000000
vt -2.039886 0.026180 0.000000
vt -2.321250 0.039270 0.000000
vt -1.758523 0.026180 0.000000
vt -1.477159 0.026180 0.000000
vt -1.477159 0.013090 0.000000
vt -1.195795 0.013090 0.000000
vt -1.195795 -0.000000 0.000000
vt -0.914432 -0.000000 0.000000
vt -0.914432 -0.013090 0.000000
vt -0.633068 -0.013090 0.000000
vt -0.633068 -0.026180 0.000000
vt -0.351705 -0.026180 0.000000
vt 0.773750 -0.039270 0.000000
vt -0.070341 -0.026180 0.000000
vt 0.211023 -0.026180 0.000000
vt -0.070341 -0.013090 0.000000
vt 0.211023 -0.013090 0.000000
vt -0.070341 -0.000000 0.000000
vt 0.211023 -0.000000 0.000000
vt -0.070341 0.013090 0.000000
vt 0.211023 0.013090 0.000000
vt -0.070341 0.026180 0.000000
vt 0.211023 0.026180 0.000000
vt 0.773750 0.039270 0.000000
vt 0.492386 0.026180 0.000000
vt 0.773750 0.026180 0.000000
vt 0.773750 0.013090 0.000000
vt 0.492386 0.013090 0.000000
vt 0.773750 -0.000000 0.000000
vt 0.492386 -0.000000 0.000000
vt 0.773750 -0.013090 0.000000
vt 0.492386 -0.013090 0.000000
vt 0.773750 -0.026180 0.000000
vt 0.492386 -0.026180 0.000000
vt -2.039886 0.013090 0.000000
vt -2.321250 0.013090 0.000000
vt -2.039886 -0.000000 0.000000
vt -2.321250 -0.000000 0.000000
vt -2.039886 -0.013090 0.000000
vt -2.321250 -0.013090 0.000000
vt -2.039886 -0.026180 0.000000
vt -2.321250 -0.026180 0.000000
vt -2.321250 -0.039270 0.000000
vt -0.914432 -0.026180 0.000000
vt -1.195795 -0.026180 0.000000
vt -1.477159 -0.026180 0.000000
vt -1.477159 -0.013090 0.000000
vt -1.758523 -0.013090 0.000000
vt -1.758523 -0.000000 0.000000
vt -0.633068 0.026180 0.000000
vt -0.351705 0.026180 0.000000
vt -1.758523 0.013090 0.000000
vt -1.195795 0.026180 0.000000
vt -0.914432 0.026180 0.000000
vt -0.633068 0.013090 0.000000
vt -0.351705 0.013090 0.000000
vt -0.351705 -0.000000 0.000000
vt -0.914432 0.013090 0.000000
vt -1.477159 -0.000000 0.000000
vt -1.195795 -0.013090 0.000000
vt -0.633068 -0.000000 0.000000
vt -0.351705 -0.013090 0.000000
vt -1.758523 -0.026180 0.000000
vt -0.000000 -0.582311 0.000000
vt -0.013090 -0.582311 0.000000
vt -0.000000 -0.630837 0.000000
vt -0.013090 -0.630837 0.000000
vt -0.000000 -0.679363 0.000000
vt -0.013090 -0.679363 0.000000
vt -0.000000 -0.727889 0.000000
vt -0.013090 -0.727889 0.000000
vt -0.000000 -0.776415 0.000000
vt -0.013090 -0.776415 0.000000
vt -0.000000 -0.824941 0.000000
vt -0.013090 -0.824941 0.000000
vt -0.000000 -0.873466 0.000000
vt -0.013090 -0.873466 0.000000
vt -0.026180 -0.824941 0.000000
vt -0.026180 -0.873466 0.000000
vt -0.039270 -0.824941 0.000000
vt -0.039270 -0.873466 0.000000
vt -0.052360 -0.824941 0.000000
vt -0.052360 -0.873466 0.000000
vt -0.065450 -0.824941 0.000000
vt -0.065450 -0.873466 0.000000
vt -0.078540 -0.824941 0.000000
vt -0.078540 -0.873466 0.000000
vt -0.026180 -0.582311 0.000000
vt -0.026180 -0.630837 0.000000
vt -0.026180 -0.679363 0.000000
vt -0.026180 -0.727889 0.000000
vt -0.026180 -0.776415 0.000000
vt -0.039270 -0.582311 0.000000
vt -0.039270 -0.630837 0.000000
vt -0.039270 -0.679363 0.000000
vt -0.039270 -0.727889 0.000000
vt -0.039270 -0.776415 0.000000
vt -0.052360 -0.582311 0.000000
vt -0.052360 -0.630837 0.000000
vt -0.052360 -0.679363 0.000000
vt -0.052360 -0.727889 0.000000
vt -0.052360 -0.776415 0.000000
vt -0.065450 -0.582311 0.000000
vt -0.065450 -0.630837 0.000000
vt -0.065450 -0.679363 0.000000
vt -0.065450 -0.727889 0.000000
vt -0.065450 -0.776415 0.000000
vt -0.078540 -0.582311 0.000000
vt -0.078540 -0.630837 0.000000
vt -0.078540 -0.679363 0.000000
vt -0.078540 -0.727889 0.000000
vt -0.078540 -0.776415 0.000000
vt -7.650000 0.026180 0.000000
vt -7.374324 0.026180 0.000000
vt -7.650000 0.039270 0.000000
vt -7.098649 0.026180 0.000000
vt -6.822973 0.026180 0.000000
vt -6.822973 0.013090 0.000000
vt -6.547297 0.013090 0.000000
vt -6.547297 -0.000000 0.000000
vt -6.271622 -0.000000 0.000000
vt -6.271622 -0.013090 0.000000
vt -5.995946 -0.013090 0.000000
vt -5.995946 -0.026180 0.000000
vt -5.720270 -0.026180 0.000000
vt -7.650000 -0.039270 0.000000
vt -5.444595 -0.026180 0.000000
vt -5.168919 -0.026180 0.000000
vt -5.444595 -0.013090 0.000000
vt -5.168919 -0.013090 0.000000
vt -5.444595 -0.000000 0.000000
vt -5.168919 -0.000000 0.000000
vt -5.444595 0.013090 0.000000
vt -5.168919 0.013090 0.000000
vt -5.444595 0.026180 0.000000
vt -5.168919 0.026180 0.000000
vt -4.893243 0.026180 0.000000
vt -4.617568 0.026180 0.000000
vt -4.617568 0.013090 0.000000
vt -4.341892 0.013090 0.000000
vt -4.341892 -0.000000 0.000000
vt -4.066216 -0.000000 0.000000
vt -4.066216 -0.013090 0.000000
vt -3.790541 -0.013090 0.000000
vt -3.790541 -0.026180 0.000000
vt -3.514865 -0.026180 0.000000
vt -3.239189 -0.026180 0.000000
vt -2.963514 -0.026180 0.000000
vt -3.239189 -0.013090 0.000000
vt -2.963514 -0.013090 0.000000
vt -3.239189 -0.000000 0.000000
vt -2.963514 -0.000000 0.000000
vt -3.239189 0.013090 0.000000
vt -2.963514 0.013090 0.000000
vt -3.239189 0.026180 0.000000
vt -2.963514 0.026180 0.000000
vt -2.687838 0.026180 0.000000
vt -2.412162 0.026180 0.000000
vt -2.412162 0.013090 0.000000
vt -2.136486 0.013090 0.000000
vt -2.136486 -0.000000 0.000000
vt -1.860811 -0.000000 0.000000
vt -1.860811 -0.013090 0.000000
vt -1.585135 -0.013090 0.000000
vt -1.585135 -0.026180 0.000000
vt -1.309459 -0.026180 0.000000
vt 2.550000 -0.039270 0.000000
vt -1.033784 -0.026180 0.000000
vt -0.758108 -0.026180 0.000000
vt -1.033784 -0.013090 0.000000
vt -0.758108 -0.013090 0.000000
vt -1.033784 -0.000000 0.000000
vt -0.758108 -0.000000 0.000000
vt -1.033784 0.013090 0.000000
vt -0.758108 0.013090 0.000000
vt -1.033784 0.026180 0.000000
vt -0.758108 0.026180 0.000000
vt 2.550000 0.039270 0.000000
vt -0.482432 0.026180 0.000000
vt -0.206757 0.026180 0.000000
vt -0.206757 0.013090 0.000000
vt 0.068919 0.013090 0.000000
vt 0.068919 -0.000000 0.000000
vt 0.344595 -0.000000 0.000000
vt 0.344595 -0.013090 0.000000
vt 0.620270 -0.013090 0.000000
vt 0.620270 -0.026180 0.000000
vt 0.895946 -0.026180 0.000000
vt 1.171622 -0.026180 0.000000
vt 1.447297 -0.026180 0.000000
vt 1.171622 -0.013090 0.000000
vt 1.447297 -0.013090 0.000000
vt 1.171622 -0.000000 0.000000
vt 1.447297 -0.000000 0.000000
vt 1.171622 0.013090 0.000000
vt 1.447297 0.013090 0.000000
vt 1.171622 0.026180 0.000000
vt 1.447297 0.026180 0.000000
vt 1.722973 0.026180 0.000000
vt 1.998649 0.026180 0.000000
vt 1.998649 0.013090 0.000000
vt 2.274324 0.013090 0.000000
vt 2.274324 -0.000000 0.000000
vt 2.550000 -0.000000 0.000000
vt 2.550000 -0.013090 0.000000
vt 2.274324 -0.013090 0.000000
vt 2.550000 -0.026180 0.000000
vt 2.274324 -0.026180 0.000000
vt 1.998649 -0.026180 0.000000
vt 1.722973 -0.026180 0.000000
vt 1.722973 -0.013090 0.000000
vt -7.374324 0.013090 0.000000
vt -7.650000 0.013090 0.000000
vt -7.374324 -0.000000 0.000000
vt -7.650000 -0.000000 0.000000
vt -7.374324 -0.013090 0.000000
vt -7.650000 -0.013090 0.000000
vt -7.374324 -0.026180 0.000000
vt -7.650000 -0.026180 0.000000
vt -2.687838 -0.026180 0.000000
vt -2.412162 -0.026180 0.000000
vt -2.136486 -0.026180 0.000000
vt -2.412162 -0.013090 0.000000
vt -2.136486 -0.013090 0.000000
vt -2.412162 -0.000000 0.000000
vt 2.550000 0.013090 0.000000
vt 2.274324 0.026180 0.000000
vt 2.550000 0.026180 0.000000
vt -2.136486 0.026180 0.000000
vt -1.860811 0.026180 0.000000
vt -1.860811 0.013090 0.000000
vt -1.585135 0.013090 0.000000
vt -1.585135 -0.000000 0.000000
vt -1.309459 -0.000000 0.000000
vt -1.309459 -0.013090 0.000000
vt -7.098649 0.013090 0.000000
vt -7.098649 -0.000000 0.000000
vt -7.098649 -0.013090 0.000000
vt -7.098649 -0.026180 0.000000
vt -6.547297 0.026180 0.000000
vt -6.271622 0.026180 0.000000
vt -5.995946 0.026180 0.000000
vt -5.995946 0.013090 0.000000
vt -5.720270 0.013090 0.000000
vt -5.720270 -0.000000 0.000000
vt -6.271622 0.013090 0.000000
vt -5.720270 0.026180 0.000000
vt -4.893243 0.013090 0.000000
vt -4.893243 -0.000000 0.000000
vt -4.893243 -0.013090 0.000000
vt -4.893243 -0.026180 0.000000
vt -4.341892 0.026180 0.000000
vt -4.066216 0.026180 0.000000
vt -3.790541 0.026180 0.000000
vt -3.790541 0.013090 0.000000
vt -3.514865 0.013090 0.000000
vt -3.514865 -0.000000 0.000000
vt -4.066216 0.013090 0.000000
vt -3.514865 0.026180 0.000000
vt -2.687838 0.013090 0.000000
vt -2.687838 -0.000000 0.000000
vt -2.687838 -0.013090 0.000000
vt -1.585135 0.026180 0.000000
vt -1.309459 0.026180 0.000000
vt -1.309459 0.013090 0.000000
vt -0.482432 0.013090 0.000000
vt -0.482432 -0.000000 0.000000
vt -0.482432 -0.013090 0.000000
vt -0.482432 -0.026180 0.000000
vt 0.068919 0.026180 0.000000
vt 0.344595 0.026180 0.000000
vt 0.620270 0.026180 0.000000
vt 0.620270 0.013090 0.000000
vt 0.895946 0.013090 0.000000
vt 0.895946 -0.000000 0.000000
vt 0.344595 0.013090 0.000000
vt 0.895946 0.026180 0.000000
vt 1.722973 0.013090 0.000000
vt 1.722973 -0.000000 0.000000
vt -6.822973 -0.000000 0.000000
vt -6.547297 -0.013090 0.000000
vt -6.271622 -0.026180 0.000000
vt -5.995946 -0.000000 0.000000
vt -4.617568 -0.000000 0.000000
vt -4.341892 -0.013090 0.000000
vt -4.066216 -0.026180 0.000000
vt -3.790541 -0.000000 0.000000
vt -0.206757 -0.000000 0.000000
vt 0.068919 -0.013090 0.000000
vt 0.344595 -0.026180 0.000000
vt 0.620270 -0.000000 0.000000
vt 1.998649 -0.000000 0.000000
vt -6.822973 -0.013090 0.000000
vt -6.822973 -0.026180 0.000000
vt -5.720270 -0.013090 0.000000
vt -4.617568 -0.013090 0.000000
vt -4.617568 -0.026180 0.000000
vt -3.514865 -0.013090 0.000000
vt -0.206757 -0.013090 0.000000
vt -0.206757 -0.026180 0.000000
vt 0.895946 -0.013090 0.000000
vt 1.998649 -0.013090 0.000000
vt -6.547297 -0.026180 0.000000
vt -4.341892 -0.026180 0.000000
vt -1.860811 -0.026180 0.000000
vt 0.068919 -0.026180 0.000000
vt -0.000000 -0.291155 0.000000
vt -0.013090 -0.291155 0.000000
vt -0.000000 -0.339681 0.000000
vt -0.013090 -0.339681 0.000000
vt -0.000000 -0.388207 0.000000
vt -0.013090 -0.388207 0.000000
vt -0.000000 -0.436733 0.000000
vt -0.013090 -0.436733 0.000000
vt -0.000000 -0.485259 0.000000
vt -0.013090 -0.485259 0.000000
vt -0.000000 -0.533785 0.000000
vt -0.013090 -0.533785 0.000000
vt -0.000000 -0.582311 0.000000
vt -0.013090 -0.582311 0.000000
vt -0.026180 -0.533785 0.000000
vt -0.026180 -0.582311 0.000000
vt -0.039270 -0.533785 0.000000
vt -0.039270 -0.582311 0.000000
vt -0.052360 -0.533785 0.000000
vt -0.052360 -0.582311 0.000000
vt -0.065450 -0.533785 0.000000
vt -0.065450 -0.582311 0.000000
vt -0.078540 -0.533785 0.000000
vt -0.078540 -0.582311 0.000000
vt -0.026180 -0.291155 0.000000
vt -0.026180 -0.339681 0.000000
vt -0.026180 -0.388207 0.000000
vt -0.026180 -0.436733 0.000000
vt -0.026180 -0.485259 0.000000
vt -0.039270 -0.291155 0.000000
vt -0.039270 -0.339681 0.000000
vt -0.039270 -0.388207 0.000000
vt -0.039270 -0.436733 0.000000
vt -0.039270 -0.485259 0.000000
vt -0.052360 -0.291155 0.000000
vt -0.052360 -0.339681 0.000000
vt -0.052360 -0.388207 0.000000
vt -0.052360 -0.436733 0.000000
vt -0.052360 -0.485259 0.000000
vt -0.065450 -0.291155 0.000000
vt -0.065450 -0.339681 0.000000
vt -0.065450 -0.388207 0.000000
vt -0.065450 -0.436733 0.000000
vt -0.065450 -0.485259 0.000000
vt -0.078540 -0.291155 0.000000
vt -0.078540 -0.339681 0.000000
vt -0.078540 -0.388207 0.000000
vt -0.078540 -0.436733 0.000000
vt -0.078540 -0.485259 0.000000
vt 2.895000 -1.850000 0.000000
vt 3.095000 -1.850000 0.000000
vt 2.895000 1.910000 0.000000
vt 3.095000 2.200000 0.000000
vt 0.000000 2.200000 0.000000
vt 0.200000 1.910000 0.000000
vt -0.000000 -1.850000 0.000000
vt 0.200000 -1.850000 0.000000
vt 0.447500 -2.967500 0.000000
vt 1.697500 5.100000 0.000000
vt 0.447500 4.567500 0.000000
vt 1.547500 5.250000 0.000000
vt 0.439978 4.634256 0.000000
vt 0.417791 4.697665 0.000000
vt 0.382049 4.754547 0.000000
vt 0.334547 4.802049 0.000000
vt 0.277665 4.837791 0.000000
vt 0.214256 4.859978 0.000000
vt 0.147500 4.867500 0.000000
vt -1.547500 5.250000 0.000000
vt -0.147500 4.867500 0.000000
vt -0.214256 4.859978 0.000000
vt -0.277665 4.837791 0.000000
vt -0.334547 4.802049 0.000000
vt -0.382049 4.754547 0.000000
vt -0.417791 4.697665 0.000000
vt -0.439978 4.634256 0.000000
vt -0.447500 4.567500 0.000000
vt -1.697500 5.100000 0.000000
vt -0.447500 -2.967500 0.000000
vt -1.697500 -5.100000 0.000000
vt -1.547500 -5.250000 0.000000
vt -1.586323 -5.244889 0.000000
vt -1.622500 -5.229904 0.000000
vt -1.653566 -5.206066 0.000000
vt -1.677404 -5.175000 0.000000
vt -1.692389 -5.138823 0.000000
vt 0.439978 -3.034256 0.000000
vt 1.547500 -5.250000 0.000000
vt 1.697500 -5.100000 0.000000
vt 0.417791 -3.097665 0.000000
vt 0.382049 -3.154547 0.000000
vt 0.334547 -3.202049 0.000000
vt 0.277665 -3.237791 0.000000
vt 0.214256 -3.259978 0.000000
vt 0.147500 -3.267500 0.000000
vt -0.147500 -3.267500 0.000000
vt -0.214256 -3.259978 0.000000
vt -0.277665 -3.237791 0.000000
vt -0.334547 -3.202049 0.000000
vt -0.382049 -3.154547 0.000000
vt -0.417791 -3.097665 0.000000
vt -0.439978 -3.034256 0.000000
vt 1.586323 -5.244889 0.000000
vt 1.622500 -5.229904 0.000000
vt 1.653566 -5.206066 0.000000
vt 1.677404 -5.175000 0.000000
vt 1.692389 -5.138823 0.000000
vt 1.692389 5.138823 0.000000
vt 1.677404 5.175000 0.000000
vt 1.653566 5.206066 0.000000
vt 1.622500 5.229904 0.000000
vt 1.586323 5.244889 0.000000
vt -1.586323 5.244889 0.000000
vt -1.622500 5.229904 0.000000
vt -1.653566 5.206066 0.000000
vt -1.677404 5.175000 0.000000
vt -1.692389 5.138823 0.000000
vt -0.100000 0.200000 0.000000
vt -3.899741 0.107188 0.000000
vt -0.100000 -0.000000 0.000000
vt -3.898422 0.082307 0.000000
vt -3.890993 0.058524 0.000000
vt -3.800000 0.200000 0.000000
vt -3.847909 0.187777 0.000000
vt -3.868122 0.173208 0.000000
vt -3.884106 0.154094 0.000000
vt -3.824722 0.196896 0.000000
vt -3.894868 0.131623 0.000000
vt -3.877915 0.037316 0.000000
vt -3.860000 0.020000 0.000000
vt -3.860000 -0.000000 0.000000
vt -4.098296 0.037059 0.000000
vt -4.093301 0.025000 0.000000
vt -4.100000 0.050000 0.000000
vt -4.085355 0.014645 0.000000
vt -4.075000 0.006699 0.000000
vt -4.100000 4.200000 0.000000
vt -4.062941 0.001704 0.000000
vt -4.050000 -0.000000 0.000000
vt -3.800000 -0.000000 0.000000
vt -3.800000 4.200000 0.000000
vt -1.347500 -5.300000 0.000000
vt -1.347500 -1.100000 0.000000
vt -1.547500 -5.300000 0.000000
vt -1.547500 4.900000 0.000000
vt -1.347500 5.100000 0.000000
vt -1.399264 5.093185 0.000000
vt 1.347500 -1.100000 0.000000
vt 1.347500 5.100000 0.000000
vt 1.547500 4.900000 0.000000
vt 1.399264 5.093185 0.000000
vt 1.447500 5.073205 0.000000
vt 1.488921 5.041421 0.000000
vt 1.520705 5.000000 0.000000
vt 1.540685 4.951764 0.000000
vt 1.347500 -5.300000 0.000000
vt 1.547500 -5.300000 0.000000
vt -1.447500 5.073205 0.000000
vt -1.488921 5.041421 0.000000
vt -1.520705 5.000000 0.000000
vt -1.540685 4.951764 0.000000
vt -0.000000 0.300000 0.000000
vt -2.695000 0.300000 0.000000
vt -0.000000 0.000000 0.000000
vt -2.695000 0.000000 0.000000
vt -3.700000 -0.000000 0.000000
vt 0.099741 0.107188 0.000000
vt -3.700000 0.200000 0.000000
vt 0.094868 0.131623 0.000000
vt 0.084106 0.154094 0.000000
vt 0.060000 -0.000000 0.000000
vt 0.060000 0.020000 0.000000
vt 0.077915 0.037316 0.000000
vt 0.090993 0.058524 0.000000
vt 0.098422 0.082307 0.000000
vt 0.068122 0.173208 0.000000
vt 0.047909 0.187777 0.000000
vt 0.000000 0.200000 0.000000
vt 0.024722 0.196896 0.000000
vt 0.000000 -0.052360 0.000000
vt 0.975000 -0.052360 0.000000
vt 0.000000 0.000000 0.000000
vt 1.950000 -0.052360 0.000000
vt 3.900000 0.000000 0.000000
vt 2.925000 -0.052360 0.000000
vt 3.900000 -0.052360 0.000000
vt 3.900000 -0.104720 0.000000
vt 2.925000 -0.104720 0.000000
vt 3.900000 -0.157080 0.000000
vt 2.925000 -0.157080 0.000000
vt 3.900000 -0.209440 0.000000
vt 2.925000 -0.209440 0.000000
vt 3.900000 -0.261799 0.000000
vt 2.925000 -0.261799 0.000000
vt 3.900000 -0.314159 0.000000
vt 1.950000 -0.261799 0.000000
vt 0.000000 -0.314159 0.000000
vt 0.975000 -0.261799 0.000000
vt 0.000000 -0.261799 0.000000
vt 0.000000 -0.209440 0.000000
vt 0.975000 -0.209440 0.000000
vt 0.000000 -0.157080 0.000000
vt 0.975000 -0.157080 0.000000
vt 0.000000 -0.104720 0.000000
vt 0.975000 -0.104720 0.000000
vt 1.950000 -0.104720 0.000000
vt 1.950000 -0.157080 0.000000
vt 1.950000 -0.209440 0.000000
vt -2.695000 0.000000 0.000000
vt -0.000000 0.000000 0.000000
vt -2.695000 3.900000 0.000000
vt -0.000000 3.900000 0.000000
vt 0.000000 -0.052360 0.000000
vt 0.975000 -0.052360 0.000000
vt 0.000000 0.000000 0.000000
vt 1.950000 -0.052360 0.000000
vt 3.900000 0.000000 0.000000
vt 2.925000 -0.052360 0.000000
vt 3.900000 -0.052360 0.000000
vt 3.900000 -0.104720 0.000000
vt 2.925000 -0.104720 0.000000
vt 3.900000 -0.157080 0.000000
vt 2.925000 -0.157080 0.000000
vt 3.900000 -0.209440 0.000000
vt 2.925000 -0.209440 0.000000
vt 3.900000 -0.261799 0.000000
vt 2.925000 -0.261799 0.000000
vt 3.900000 -0.314159 0.000000
vt 1.950000 -0.261799 0.000000
vt 0.000000 -0.314159 0.000000
vt 0.975000 -0.261799 0.000000
vt 0.000000 -0.261799 0.000000
vt 0.000000 -0.209440 0.000000
vt 0.975000 -0.209440 0.000000
vt 0.000000 -0.157080 0.000000
vt 0.975000 -0.157080 0.000000
vt 0.000000 -0.104720 0.000000
vt 0.975000 -0.104720 0.000000
vt 1.950000 -0.104720 0.000000
vt 1.950000 -0.157080 0.000000
vt 1.950000 -0.209440 0.000000
vt -0.000000 0.500000 0.000000
vt -0.000000 3.900000 0.000000
vt -3.800000 0.500000 0.000000
vt -9.800000 3.900000 0.000000
vt -9.800000 0.000000 0.000000
vt 0.400000 0.000000 0.000000
vt -3.400010 0.100000 0.000000
vt -3.800000 0.499990 0.000000
vt 0.400000 0.100000 0.000000
vt -1.347500 -5.250000 0.000000
vt -1.347500 -1.100000 0.000000
vt -1.547500 -5.250000 0.000000
vt -1.697500 -5.100000 0.000000
vt -1.586323 -5.244889 0.000000
vt -1.622500 -5.229904 0.000000
vt -1.653566 -5.206066 0.000000
vt -1.677404 -5.175000 0.000000
vt -1.692389 -5.138823 0.000000
vt 1.347500 -1.100000 0.000000
vt -1.547500 5.250000 0.000000
vt -1.697500 5.100000 0.000000
vt 1.347500 -5.250000 0.000000
vt 1.547500 -5.250000 0.000000
vt 1.697500 -5.100000 0.000000
vt 1.697500 5.100000 0.000000
vt 1.586323 -5.244889 0.000000
vt 1.622500 -5.229904 0.000000
vt 1.653566 -5.206066 0.000000
vt 1.677404 -5.175000 0.000000
vt 1.692389 -5.138823 0.000000
vt 1.692389 5.138823 0.000000
vt 1.677404 5.175000 0.000000
vt 1.653566 5.206066 0.000000
vt 1.622500 5.229904 0.000000
vt 1.586323 5.244889 0.000000
vt 1.547500 5.250000 0.000000
vt -1.586323 5.244889 0.000000
vt -1.622500 5.229904 0.000000
vt -1.653566 5.206066 0.000000
vt -1.677404 5.175000 0.000000
vt -1.692389 5.138823 0.000000
vn 0.000000 0.100000 0.000000
vn 0.000000 0.100000 0.000000
vn 0.025882 0.096593 0.000000
vn 0.025882 0.096593 0.000000
vn 0.050000 0.086603 0.000000
vn 0.050000 0.086603 0.000000
vn 0.070711 0.070711 0.000000
vn 0.070711 0.070711 0.000000
vn 0.086603 0.050000 0.000000
vn 0.086603 0.050000 0.000000
vn 0.096593 0.025882 0.000000
vn 0.096593 0.025882 0.000000
vn 0.100000 -0.000000 0.000000
vn 0.100000 -0.000000 0.000000
vn -0.100000 0.000000 0.000000
vn -0.100000 0.000000 0.000000
vn -0.100000 0.000000 0.000000
vn -0.100000 0.000000 0.000000
vn 0.100000 0.000000 0.000000
vn 0.100000 0.000000 0.000000
vn 0.096593 -0.025882 0.000000
vn 0.096593 -0.025882 0.000000
vn 0.086603 -0.050000 0.000000
vn 0.086603 -0.050000 0.000000
vn 0.070711 -0.070711 0.000000
vn 0.070711 -0.070711 0.000000
vn 0.050000 -0.086603 0.000000
vn 0.050000 -0.086603 0.000000
vn 0.025882 -0.096593 0.000000
vn 0.025882 -0.096593 0.000000
vn -0.000000 -0.100000 0.000000
vn -0.000000 -0.100000 0.000000
vn -0.000000 0.000000 -0.100000
vn -0.000000 0.000000 -0.100000
vn -0.000000 0.000000 -0.100000
vn -0.000000 0.000000 -0.100000
vn -0.000000 0.000000 -0.100000
vn -0.000000 0.000000 -0.100000
vn -0.000000 0.000000 -0.100000
vn -0.000000 0.000000 -0.100000
vn -0.000000 0.000000 -0.100000
vn -0.000000 0.000000 -0.100000
vn -0.000000 0.000000 -0.100000
vn -0.000000 0.000000 -0.100000
vn -0.000000 0.000000 -0.100000
vn -0.000000 0.000000 -0.100000
vn 0.000000 0.000000 -0.100000
vn 0.000000 0.000000 -0.100000
vn 0.000000 0.000000 -0.100000
vn 0.000000 0.000000 -0.100000
vn 0.000000 0.000000 -0.100000
vn 0.000000 0.000000 -0.100000
vn 0.000000 0.000000 -0.100000
vn 0.000000 0.000000 -0.100000
vn 0.000000 0.000000 -0.100000
vn 0.000000 0.000000 -0.100000
vn 0.000000 0.000000 -0.100000
vn 0.000000 0.000000 -0.100000
vn 0.000000 0.000000 -0.100000
vn 0.000000 0.000000 -0.100000
vn 0.000000 0.000000 -0.100000
vn 0.000000 0.000000 -0.100000
vn 0.000000 0.000000 -0.100000
vn 0.000000 0.000000 -0.100000
vn 0.000000 0.000000 -0.100000
vn 0.000000 0.000000 -0.100000
vn 0.000000 0.000000 -0.100000
vn 0.000000 0.000000 -0.100000
vn 0.000000 0.000000 -0.100000
vn 0.000000 0.000000 -0.100000
vn 0.000000 0.000000 -0.100000
vn 0.000000 0.000000 -0.100000
vn 0.000000 0.000000 -0.100000
vn 0.000000 0.000000 -0.100000
vn 0.000000 0.000000 -0.100000
vn 0.000000 0.000000 -0.100000
vn 0.000000 0.000000 -0.100000
vn 0.000000 0.000000 -0.100000
vn 0.000000 0.000000 -0.100000
vn 0.000000 0.000000 -0.100000
vn 0.000000 0.000000 -0.100000
vn 0.000000 0.000000 -0.100000
vn 0.000000 0.000000 -0.100000
vn 0.000000 0.000000 -0.100000
vn 0.000000 0.000000 -0.100000
vn 0.000000 0.000000 -0.100000
vn 0.000000 0.000000 -0.100000
vn 0.000000 0.000000 -0.100000
vn 0.000000 0.000000 -0.100000
vn 0.000000 0.000000 -0.100000
vn 0.000000 0.000000 -0.100000
vn 0.000000 0.000000 -0.100000
vn 0.000000 0.000000 -0.100000
vn 0.000000 0.000000 -0.100000
vn 0.000000 0.000000 -0.100000
vn 0.000000 0.000000 -0.100000
vn 0.000000 0.000000 -0.100000
vn 0.000000 0.000000 -0.100000
vn 0.000000 0.000000 -0.100000
vn 0.000000 0.000000 -0.100000
vn 0.000000 0.000000 -0.100000
vn 0.000000 0.000000 -0.100000
vn 0.000000 0.000000 -0.100000
vn 0.000000 0.000000 -0.100000
vn 0.000000 0.000000 -0.100000
vn 0.000000 0.000000 -0.100000
vn 0.000000 0.000000 -0.100000
vn 0.000000 0.000000 -0.100000
vn 0.000000 0.000000 -0.100000
vn 0.000000 0.000000 -0.100000
vn 0.000000 0.000000 -0.100000
vn 0.000000 0.000000 -0.100000
vn 0.000000 0.000000 -0.100000
vn 0.000000 0.000000 -0.100000
vn 0.000000 0.000000 -0.100000
vn 0.000000 0.000000 -0.100000
vn 0.000000 0.000000 -0.100000
vn 0.000000 0.000000 -0.100000
vn 0.000000 0.000000 -0.100000
vn 0.000000 0.000000 -0.100000
vn 0.000000 0.000000 -0.100000
vn 0.000000 0.000000 -0.100000
vn 0.000000 0.000000 -0.100000
vn 0.000000 0.000000 -0.100000
vn 0.000000 0.000000 -0.100000
vn 0.000000 0.000000 -0.100000
vn 0.000000 0.000000 -0.100000
vn 0.000000 0.000000 -0.100000
vn 0.000000 0.000000 -0.100000
vn 0.000000 0.000000 -0.100000
vn 0.000000 0.000000 -0.100000
vn 0.000000 0.000000 -0.100000
vn 0.000000 0.000000 -0.100000
vn 0.000000 0.000000 -0.100000
vn 0.000000 0.000000 -0.100000
vn 0.000000 0.000000 -0.100000
vn 0.000000 0.100000 0.000000
vn 0.000000 0.100000 0.000000
vn 0.025882 0.096593 0.000000
vn 0.025882 0.096593 0.000000
vn 0.050000 0.086603 0.000000
vn 0.050000 0.086603 0.000000
vn 0.070711 0.070711 0.000000
vn 0.070711 0.070711 0.000000
vn 0.086603 0.050000 0.000000
vn 0.086603 0.050000 0.000000
vn 0.096593 0.025882 0.000000
vn 0.096593 0.025882 0.000000
vn 0.100000 0.000000 0.000000
vn 0.100000 0.000000 0.000000
vn -0.100000 0.000000 0.000000
vn -0.100000 0.000000 0.000000
vn -0.100000 0.000000 0.000000
vn -0.100000 0.000000 0.000000
vn 0.000000 -0.100000 0.000000
vn 0.000000 -0.100000 0.000000
vn -0.017365 -0.098481 0.000000
vn -0.017365 -0.098481 0.000000
vn -0.034202 -0.093969 0.000000
vn -0.034202 -0.093969 0.000000
vn -0.050000 -0.086603 0.000000
vn -0.050000 -0.086603 0.000000
vn -0.064279 -0.076604 0.000000
vn -0.064279 -0.076604 0.000000
vn -0.076604 -0.064279 0.000000
vn -0.076604 -0.064279 0.000000
vn -0.086603 -0.050000 0.000000
vn -0.086603 -0.050000 0.000000
vn -0.093969 -0.034202 0.000000
vn -0.093969 -0.034202 0.000000
vn -0.098481 -0.017365 0.000000
vn -0.098481 -0.017365 0.000000
vn 0.000000 -0.100000 0.000000
vn 0.000000 -0.100000 0.000000
vn 0.100000 0.000000 0.000000
vn 0.100000 0.000000 0.000000
vn 0.098481 -0.017365 0.000000
vn 0.098481 -0.017365 0.000000
vn 0.093969 -0.034202 0.000000
vn 0.093969 -0.034202 0.000000
vn 0.086603 -0.050000 0.000000
vn 0.086603 -0.050000 0.000000
vn 0.076604 -0.064279 0.000000
vn 0.076604 -0.064279 0.000000
vn 0.064279 -0.076604 0.000000
vn 0.064279 -0.076604 0.000000
vn 0.050000 -0.086603 0.000000
vn 0.050000 -0.086603 0.000000
vn 0.034202 -0.093969 0.000000
vn 0.034202 -0.093969 0.000000
vn 0.017365 -0.098481 0.000000
vn 0.017365 -0.098481 0.000000
vn 0.100000 0.000000 0.000000
vn 0.100000 0.000000 0.000000
vn -0.000000 0.100000 -0.000000
vn -0.000000 0.100000 -0.000000
vn 0.017365 0.098481 0.000000
vn 0.017365 0.098481 0.000000
vn 0.034202 0.093969 0.000000
vn 0.034202 0.093969 0.000000
vn 0.050000 0.086603 0.000000
vn 0.050000 0.086603 0.000000
vn 0.064279 0.076604 0.000000
vn 0.064279 0.076604 0.000000
vn 0.076604 0.064279 0.000000
vn 0.076604 0.064279 0.000000
vn 0.086603 0.050000 0.000000
vn 0.086603 0.050000 0.000000
vn 0.093969 0.034202 0.000000
vn 0.093969 0.034202 0.000000
vn 0.098481 0.017365 0.000000
vn 0.098481 0.017365 0.000000
vn 0.100000 -0.000000 0.000000
vn 0.100000 -0.000000 0.000000
vn 0.000000 0.100000 0.000000
vn 0.000000 0.100000 0.000000
vn -0.100000 0.000000 -0.000000
vn -0.100000 0.000000 -0.000000
vn -0.098481 0.017365 -0.000000
vn -0.098481 0.017365 -0.000000
vn -0.093969 0.034202 -0.000000
vn -0.093969 0.034202 -0.000000
vn -0.086603 0.050000 -0.000000
vn -0.086603 0.050000 -0.000000
vn -0.076604 0.064279 -0.000000
vn -0.076604 0.064279 -0.000000
vn -0.064279 0.076604 -0.000000
vn -0.064279 0.076604 -0.000000
vn -0.050000 0.086603 -0.000000
vn -0.050000 0.086603 -0.000000
vn -0.034202 0.093969 -0.000000
vn -0.034202 0.093969 -0.000000
vn -0.017365 0.098481 -0.000000
vn -0.017365 0.098481 -0.000000
vn -0.100000 0.000000 0.000000
vn -0.100000 0.000000 0.000000
vn 0.100000 -0.000000 0.000000
vn 0.100000 -0.000000 0.000000
vn 0.096593 -0.025882 0.000000
vn 0.096593 -0.025882 0.000000
vn 0.086603 -0.050000 0.000000
vn 0.086603 -0.050000 0.000000
vn 0.070711 -0.070711 0.000000
vn 0.070711 -0.070711 0.000000
vn 0.050000 -0.086603 0.000000
vn 0.050000 -0.086603 0.000000
vn 0.025882 -0.096593 0.000000
vn 0.025882 -0.096593 0.000000
vn -0.000000 -0.100000 0.000000
vn -0.000000 -0.100000 0.000000
vn 0.000000 0.000000 -0.100000
vn 0.000000 0.000000 -0.100000
vn 0.000000 0.000000 -0.100000
vn 0.000000 0.000000 -0.100000
vn 0.000000 0.000000 -0.100000
vn 0.000000 0.000000 -0.100000
vn 0.000000 0.000000 -0.100000
vn 0.000000 0.000000 -0.100000
vn 0.000000 0.000000 -0.100000
vn 0.000000 0.000000 -0.100000
vn 0.000000 0.000000 -0.100000
vn 0.000000 0.000000 -0.100000
vn 0.000000 0.000000 -0.100000
vn 0.000000 0.000000 -0.100000
vn 0.000000 0.000000 -0.100000
vn 0.000000 0.000000 -0.100000
vn 0.000000 0.000000 -0.100000
vn 0.000000 0.000000 -0.100000
vn 0.000000 0.000000 -0.100000
vn 0.000000 0.000000 -0.100000
vn 0.000000 0.000000 -0.100000
vn 0.000000 0.000000 -0.100000
vn 0.000000 0.000000 -0.100000
vn 0.000000 0.000000 -0.100000
vn 0.000000 0.000000 -0.100000
vn 0.000000 0.000000 -0.100000
vn 0.000000 0.000000 -0.100000
vn 0.000000 0.000000 -0.100000
vn 0.000000 0.000000 -0.100000
vn 0.000000 0.000000 -0.100000
vn 0.000000 0.000000 -0.100000
vn 0.000000 0.000000 -0.100000
vn 0.000000 0.000000 -0.100000
vn 0.000000 0.000000 -0.100000
vn 0.000000 0.000000 -0.100000
vn 0.000000 0.000000 -0.100000
vn 0.000000 0.000000 -0.100000
vn 0.000000 0.000000 -0.100000
vn 0.000000 0.000000 -0.100000
vn 0.000000 0.000000 -0.100000
vn 0.000000 0.000000 -0.100000
vn 0.000000 0.000000 -0.100000
vn 0.000000 0.000000 -0.100000
vn 0.000000 0.000000 -0.100000
vn 0.000000 0.000000 -0.100000
vn 0.000000 0.000000 -0.100000
vn 0.000000 0.000000 -0.100000
vn 0.000000 0.000000 -0.100000
vn 0.000000 0.000000 -0.100000
vn 0.000000 0.000000 -0.100000
vn 0.000000 0.000000 -0.100000
vn 0.000000 0.000000 -0.100000
vn 0.000000 0.000000 -0.100000
vn 0.000000 0.000000 -0.100000
vn 0.000000 0.000000 -0.100000
vn 0.000000 0.000000 -0.100000
vn 0.000000 0.000000 -0.100000
vn 0.000000 0.000000 -0.100000
vn 0.000000 0.000000 -0.100000
vn 0.000000 0.000000 -0.100000
vn 0.000000 0.000000 -0.100000
vn 0.000000 0.000000 -0.100000
vn 0.000000 0.000000 -0.100000
vn 0.000000 0.000000 -0.100000
vn 0.000000 0.000000 -0.100000
vn 0.000000 0.000000 -0.100000
vn 0.000000 0.000000 -0.100000
vn 0.000000 0.000000 -0.100000
vn 0.000000 0.000000 -0.100000
vn 0.000000 0.000000 -0.100000
vn 0.000000 0.000000 -0.100000
vn 0.000000 0.000000 -0.100000
vn 0.000000 0.000000 -0.100000
vn 0.000000 0.000000 -0.100000
vn 0.000000 0.000000 -0.100000
vn 0.000000 0.000000 -0.100000
vn 0.000000 0.000000 -0.100000
vn 0.000000 0.000000 -0.100000
vn 0.000000 0.000000 -0.100000
vn 0.000000 0.000000 -0.100000
vn 0.000000 0.000000 -0.100000
vn 0.000000 0.000000 -0.100000
vn 0.000000 0.000000 -0.100000
vn 0.000000 0.000000 -0.100000
vn 0.000000 0.000000 -0.100000
vn 0.000000 0.000000 -0.100000
vn -0.076535 0.064362 0.000000
vn -0.070711 0.070711 0.000000
vn -0.066144 0.075000 0.000000
vn -0.050000 0.086603 0.000000
vn -0.046340 0.088615 0.000000
vn -0.025882 0.096593 0.000000
vn -0.023859 0.097112 0.000000
vn -0.000000 0.100000 0.000000
vn -0.025882 0.096593 0.000000
vn -0.025882 0.096593 0.000000
vn -0.050000 0.086603 0.000000
vn -0.038268 0.092388 0.000000
vn -0.055557 0.083147 0.000000
vn -0.070711 0.070711 0.000000
vn -0.070711 0.070711 0.000000
vn -0.083147 0.055557 0.000000
vn -0.086603 0.050000 0.000000
vn -0.088192 0.047140 0.000000
vn -0.092388 0.038268 0.000000
vn -0.096593 0.025882 0.000000
vn -0.095694 0.029028 0.000000
vn -0.098079 0.019509 0.000000
vn -0.099518 0.009802 0.000000
vn -0.100000 0.000000 0.000000
vn -0.096593 0.025882 0.000000
vn -0.099646 0.008413 0.000000
vn -0.096593 0.025882 0.000000
vn -0.098585 0.016766 0.000000
vn -0.096825 0.025000 0.000000
vn -0.092047 0.039082 0.000000
vn -0.086603 0.050000 0.000000
vn -0.085233 0.052300 0.000000
vn -0.100000 0.000000 0.000000
vn -0.019509 0.098079 0.000000
vn -0.000000 0.100000 0.000000
vn -0.070711 0.070711 0.000000
vn -0.050000 0.086603 0.000000
vn -0.086603 0.050000 0.000000
vn 0.000000 0.070711 -0.070711
vn 0.000000 0.070711 -0.070711
vn 0.000000 0.070711 -0.070711
vn 0.000000 0.070711 -0.070711
vn 0.000000 0.000000 -0.100000
vn 0.000000 0.000000 -0.100000
vn 0.000000 0.000000 -0.100000
vn 0.000000 0.000000 -0.100000
vn 0.000000 0.000000 -0.100000
vn 0.089443 -0.000000 0.044721
vn 0.089443 -0.000000 0.044721
vn 0.089443 -0.000000 0.044721
vn 0.089443 -0.000000 0.044721
vn 0.089443 -0.000000 0.044721
vn 0.089443 -0.000000 0.044721
vn 0.089443 -0.000000 0.044721
vn 0.089443 -0.000000 0.044721
vn 0.089443 -0.000000 0.044721
vn 0.089443 -0.000000 0.044721
vn 0.089443 -0.000000 0.044721
vn 0.089443 -0.000000 0.044721
vn 0.089443 -0.000000 0.044721
vn 0.089443 -0.000000 0.044721
vn 0.089443 -0.000000 0.044721
vn 0.000000 0.070711 -0.070711
vn 0.000000 0.070711 -0.070711
vn 0.000000 0.070711 -0.070711
vn 0.000000 0.070711 -0.070711
vn 0.000000 0.100000 0.000000
vn 0.000000 0.100000 0.000000
vn 0.000000 0.100000 0.000000
vn -0.089443 0.000000 0.044721
vn -0.089443 0.000000 0.044721
vn -0.089443 0.000000 0.044721
vn -0.089443 0.000000 0.044721
vn -0.089443 0.000000 0.044721
vn -0.089443 0.000000 0.044721
vn -0.089443 0.000000 0.044721
vn -0.089443 0.000000 0.044721
vn -0.089443 0.000000 0.044721
vn -0.089443 0.000000 0.044721
vn -0.089443 0.000000 0.044721
vn -0.089443 0.000000 0.044721
vn -0.089443 0.000000 0.044721
vn -0.089443 0.000000 0.044721
vn -0.089443 0.000000 0.044721
vn 0.000000 0.000000 -0.100000
vn 0.000000 0.000000 -0.100000
vn 0.000000 0.000000 -0.100000
vn 0.000000 0.000000 -0.100000
vn 0.000000 0.000000 -0.100000
vn 0.000000 0.000000 -0.100000
vn 0.000000 0.000000 -0.100000
vn 0.000000 0.000000 -0.100000
vn 0.000000 0.070711 -0.070711
vn 0.000000 0.070711 -0.070711
vn 0.000000 0.070711 -0.070711
vn 0.000000 0.070711 -0.070711
vn 0.000000 0.070711 -0.070711
vn 0.000000 0.070711 -0.070711
vn 0.000000 0.070711 -0.070711
vn 0.000000 0.070711 -0.070711
vn 0.000000 0.070711 -0.070711
vn 0.000000 0.070711 -0.070711
vn 0.098585 0.016766 0.000000
vn 0.096825 0.025000 0.000000
vn 0.096593 0.025882 0.000000
vn 0.092047 0.039082 0.000000
vn 0.086603 0.050000 0.000000
vn 0.085233 0.052300 0.000000
vn 0.076535 0.064362 0.000000
vn 0.070711 0.070711 0.000000
vn 0.066144 0.075000 0.000000
vn 0.050000 0.086603 0.000000
vn 0.046340 0.088615 0.000000
vn 0.025882 0.096593 0.000000
vn 0.023859 0.097112 0.000000
vn 0.000000 0.100000 0.000000
vn 0.000000 0.100000 0.000000
vn 0.019509 0.098079 0.000000
vn 0.025882 0.096593 0.000000
vn 0.025882 0.096593 0.000000
vn 0.038268 0.092388 0.000000
vn 0.050000 0.086603 0.000000
vn 0.050000 0.086603 0.000000
vn 0.070711 0.070711 0.000000
vn 0.055557 0.083147 0.000000
vn 0.070711 0.070711 0.000000
vn 0.086603 0.050000 0.000000
vn 0.070711 0.070711 0.000000
vn 0.083147 0.055557 0.000000
vn 0.086603 0.050000 0.000000
vn 0.088192 0.047140 0.000000
vn 0.092388 0.038268 0.000000
vn 0.096593 0.025882 0.000000
vn 0.095694 0.029028 0.000000
vn 0.098079 0.019509 0.000000
vn 0.099518 0.009802 0.000000
vn 0.096593 0.025882 0.000000
vn 0.099646 0.008413 0.000000
vn 0.100000 0.000000 0.000000
vn 0.100000 0.000000 0.000000
vn 0.000000 0.080000 -0.060000
vn 0.000000 0.062684 -0.077915
vn 0.000000 0.080000 -0.060000
vn 0.000000 0.062684 -0.077915
vn 0.000000 0.062684 -0.077915
vn 0.000000 0.041476 -0.090993
vn 0.000000 0.041476 -0.090993
vn 0.000000 0.017693 -0.098422
vn 0.000000 0.017693 -0.098422
vn 0.000000 -0.007188 -0.099741
vn 0.000000 -0.007188 -0.099741
vn 0.000000 -0.031623 -0.094868
vn 0.000000 -0.031623 -0.094868
vn 0.000000 -0.054094 -0.084106
vn 0.000000 -0.054094 -0.084106
vn 0.000000 -0.073208 -0.068122
vn 0.000000 -0.073208 -0.068122
vn 0.000000 -0.087777 -0.047909
vn 0.000000 -0.087777 -0.047909
vn 0.000000 -0.096896 -0.024722
vn 0.000000 -0.096896 -0.024722
vn 0.000000 -0.100000 -0.000000
vn 0.000000 -0.096896 -0.024722
vn 0.000000 -0.096896 -0.024722
vn 0.000000 -0.087777 -0.047909
vn 0.000000 -0.087777 -0.047909
vn 0.000000 -0.073208 -0.068122
vn 0.000000 -0.073208 -0.068122
vn 0.000000 -0.054094 -0.084106
vn 0.000000 -0.054094 -0.084106
vn 0.000000 -0.031623 -0.094868
vn 0.000000 -0.031623 -0.094868
vn 0.000000 -0.007188 -0.099741
vn 0.000000 -0.007188 -0.099741
vn 0.000000 0.017693 -0.098422
vn 0.000000 0.017693 -0.098422
vn 0.000000 0.041476 -0.090993
vn 0.000000 0.041476 -0.090993
vn 0.000000 0.062684 -0.077915
vn 0.000000 0.062684 -0.077915
vn 0.000000 0.062684 -0.077915
vn 0.000000 0.041476 -0.090993
vn 0.000000 -0.087777 -0.047909
vn 0.000000 -0.096896 -0.024722
vn 0.000000 -0.100000 -0.000000
vn 0.000000 -0.096896 -0.024722
vn 0.000000 0.041476 -0.090993
vn 0.000000 0.017693 -0.098422
vn 0.000000 -0.007188 -0.099741
vn 0.000000 -0.031623 -0.094868
vn 0.000000 -0.054094 -0.084106
vn 0.000000 -0.073208 -0.068122
vn 0.000000 0.017693 -0.098422
vn 0.000000 -0.007188 -0.099741
vn 0.000000 -0.031623 -0.094868
vn 0.000000 -0.054094 -0.084106
vn 0.000000 -0.073208 -0.068122
vn 0.000000 -0.087777 -0.047909
vn 0.000000 0.000000 -0.100000
vn 0.000000 0.000000 -0.100000
vn 0.000000 0.000000 -0.100000
vn 0.000000 0.000000 -0.100000
vn 0.000000 0.100000 0.000000
vn 0.000000 0.100000 0.000000
vn 0.000000 0.100000 0.000000
vn 0.100000 0.000000 0.000000
vn 0.100000 0.000000 0.000000
vn 0.100000 0.000000 0.000000
vn 0.100000 0.000000 0.000000
vn 0.100000 0.000000 0.000000
vn 0.100000 0.000000 0.000000
vn 0.100000 0.000000 0.000000
vn 0.000000 0.000000 -0.100000
vn 0.000000 0.000000 -0.100000
vn 0.000000 0.000000 -0.100000
vn 0.000000 0.000000 -0.100000
vn 0.000000 0.000000 -0.100000
vn 0.000000 0.100000 0.000000
vn 0.000000 0.100000 0.000000
vn -0.022252 0.097493 0.000000
vn -0.022252 0.097493 0.000000
vn -0.043388 0.090097 0.000000
vn -0.043388 0.090097 0.000000
vn -0.062349 0.078183 0.000000
vn -0.062349 0.078183 0.000000
vn -0.078183 0.062349 0.000000
vn -0.078183 0.062349 0.000000
vn -0.090097 0.043388 0.000000
vn -0.090097 0.043388 0.000000
vn -0.097493 0.022252 0.000000
vn -0.097493 0.022252 0.000000
vn -0.100000 -0.000000 0.000000
vn -0.100000 0.000000 0.000000
vn -0.100000 0.000000 0.000000
vn -0.100000 0.000000 0.000000
vn -0.100000 0.000000 0.000000
vn 0.100000 -0.000000 0.000000
vn 0.100000 0.000000 0.000000
vn 0.097493 0.022252 0.000000
vn 0.097493 0.022252 0.000000
vn 0.090097 0.043388 0.000000
vn 0.090097 0.043388 0.000000
vn 0.078183 0.062349 0.000000
vn 0.078183 0.062349 0.000000
vn 0.062349 0.078183 0.000000
vn 0.062349 0.078183 0.000000
vn 0.043388 0.090097 0.000000
vn 0.043388 0.090097 0.000000
vn 0.022252 0.097493 0.000000
vn 0.022252 0.097493 0.000000
vn 0.000000 0.100000 0.000000
vn 0.000000 0.100000 0.000000
vn 0.000000 -0.100000 0.000000
vn 0.000000 -0.100000 0.000000
vn 0.022252 -0.097493 0.000000
vn 0.022252 -0.097493 0.000000
vn 0.043388 -0.090097 0.000000
vn 0.043388 -0.090097 0.000000
vn 0.062349 -0.078183 0.000000
vn 0.062349 -0.078183 0.000000
vn 0.078183 -0.062349 0.000000
vn 0.078183 -0.062349 0.000000
vn 0.090097 -0.043388 0.000000
vn 0.090097 -0.043388 0.000000
vn 0.097493 -0.022252 0.000000
vn 0.097493 -0.022252 0.000000
vn 0.100000 0.000000 0.000000
vn 0.100000 -0.000000 0.000000
vn 0.100000 0.000000 0.000000
vn 0.100000 0.000000 0.000000
vn 0.100000 0.000000 0.000000
vn 0.100000 0.000000 0.000000
vn 0.100000 0.000000 0.000000
vn -0.100000 0.000000 0.000000
vn -0.097493 -0.022252 0.000000
vn -0.097493 -0.022252 0.000000
vn -0.090097 -0.043388 0.000000
vn -0.090097 -0.043388 0.000000
vn -0.078183 -0.062349 0.000000
vn -0.078183 -0.062349 0.000000
vn -0.062349 -0.078183 0.000000
vn -0.062349 -0.078183 0.000000
vn -0.043388 -0.090097 0.000000
vn -0.043388 -0.090097 0.000000
vn -0.022252 -0.097493 0.000000
vn -0.022252 -0.097493 0.000000
vn 0.000000 -0.100000 0.000000
vn -0.000000 -0.100000 0.000000
vn 0.000000 -0.000000 -0.100000
vn 0.000000 -0.000000 -0.100000
vn 0.000000 -0.025882 -0.096593
vn 0.000000 -0.025882 -0.096593
vn 0.000000 -0.050000 -0.086603
vn 0.000000 -0.050000 -0.086603
vn 0.000000 -0.070711 -0.070711
vn 0.000000 -0.070711 -0.070711
vn 0.000000 -0.086603 -0.050000
vn 0.000000 -0.086603 -0.050000
vn 0.000000 -0.096593 -0.025882
vn 0.000000 -0.096593 -0.025882
vn 0.000000 -0.100000 -0.000000
vn 0.000000 -0.100000 -0.000000
vn -0.100000 0.000000 0.000000
vn -0.096593 0.000000 -0.025882
vn -0.096593 -0.025882 0.000000
vn -0.093301 -0.025000 -0.025882
vn -0.086603 -0.050000 0.000000
vn -0.083652 -0.048296 -0.025882
vn -0.070711 -0.070711 0.000000
vn -0.068301 -0.068301 -0.025882
vn -0.050000 -0.086603 0.000000
vn -0.048296 -0.083652 -0.025882
vn -0.025882 -0.096593 0.000000
vn -0.025000 -0.093301 -0.025882
vn -0.022414 -0.083652 -0.050000
vn -0.018301 -0.068301 -0.070711
vn -0.012941 -0.048296 -0.086603
vn -0.006699 -0.025000 -0.096593
vn 0.000000 0.000000 -0.100000
vn -0.086603 0.000000 -0.050000
vn -0.083652 -0.022414 -0.050000
vn -0.075000 -0.043301 -0.050000
vn -0.061237 -0.061237 -0.050000
vn -0.043301 -0.075000 -0.050000
vn -0.070711 0.000000 -0.070711
vn -0.068301 -0.018301 -0.070711
vn -0.061237 -0.035355 -0.070711
vn -0.050000 -0.050000 -0.070711
vn -0.035355 -0.061237 -0.070711
vn -0.050000 0.000000 -0.086603
vn -0.048296 -0.012941 -0.086603
vn -0.043301 -0.025000 -0.086603
vn -0.035355 -0.035355 -0.086603
vn -0.025000 -0.043301 -0.086603
vn -0.025882 0.000000 -0.096593
vn -0.025000 -0.006699 -0.096593
vn -0.022414 -0.012941 -0.096593
vn -0.018301 -0.018301 -0.096593
vn -0.012941 -0.022414 -0.096593
vn 0.000000 0.000000 -0.100000
vn 0.000000 0.000000 -0.100000
vn 0.000000 0.000000 -0.100000
vn -0.000000 -0.000000 -0.100000
vn 0.000000 0.000000 -0.100000
vn -0.096593 0.000000 -0.025882
vn -0.096593 0.000000 -0.025882
vn -0.100000 0.000000 0.000000
vn -0.096593 0.000000 -0.025882
vn -0.096593 0.000000 -0.025882
vn -0.086603 0.000000 -0.050000
vn -0.086603 0.000000 -0.050000
vn -0.070711 0.000000 -0.070711
vn -0.070711 0.000000 -0.070711
vn -0.050000 0.000000 -0.086603
vn -0.050000 0.000000 -0.086603
vn -0.025882 0.000000 -0.096593
vn -0.025882 0.000000 -0.096593
vn 0.000000 0.000000 -0.100000
vn -0.025882 0.000000 -0.096593
vn -0.025882 0.000000 -0.096593
vn -0.050000 0.000000 -0.086603
vn -0.050000 0.000000 -0.086603
vn -0.070711 0.000000 -0.070711
vn -0.070711 0.000000 -0.070711
vn -0.086603 0.000000 -0.050000
vn -0.086603 0.000000 -0.050000
vn -0.096593 0.000000 -0.025882
vn -0.096593 0.000000 -0.025882
vn -0.096593 0.000000 -0.025882
vn -0.096593 0.000000 -0.025882
vn -0.086603 0.000000 -0.050000
vn -0.086603 0.000000 -0.050000
vn -0.070711 0.000000 -0.070711
vn -0.070711 0.000000 -0.070711
vn -0.050000 0.000000 -0.086603
vn -0.050000 0.000000 -0.086603
vn -0.025882 0.000000 -0.096593
vn -0.025882 0.000000 -0.096593
vn -0.025882 0.000000 -0.096593
vn -0.025882 0.000000 -0.096593
vn -0.050000 0.000000 -0.086603
vn -0.050000 0.000000 -0.086603
vn -0.070711 0.000000 -0.070711
vn -0.070711 0.000000 -0.070711
vn -0.086603 0.000000 -0.050000
vn -0.086603 0.000000 -0.050000
vn -0.096593 0.000000 -0.025882
vn -0.096593 0.000000 -0.025882
vn -0.096593 0.000000 -0.025882
vn -0.096593 0.000000 -0.025882
vn -0.086603 0.000000 -0.050000
vn -0.086603 0.000000 -0.050000
vn -0.070711 0.000000 -0.070711
vn -0.070711 0.000000 -0.070711
vn -0.050000 0.000000 -0.086603
vn -0.050000 0.000000 -0.086603
vn -0.025882 0.000000 -0.096593
vn -0.025882 0.000000 -0.096593
vn -0.025882 0.000000 -0.096593
vn -0.025882 0.000000 -0.096593
vn -0.050000 0.000000 -0.086603
vn -0.050000 0.000000 -0.086603
vn -0.070711 0.000000 -0.070711
vn -0.070711 0.000000 -0.070711
vn -0.086603 0.000000 -0.050000
vn -0.086603 0.000000 -0.050000
vn -0.096593 0.000000 -0.025882
vn -0.096593 0.000000 -0.025882
vn -0.096593 0.000000 -0.025882
vn -0.096593 0.000000 -0.025882
vn -0.086603 0.000000 -0.050000
vn -0.086603 0.000000 -0.050000
vn -0.070711 0.000000 -0.070711
vn -0.070711 0.000000 -0.070711
vn -0.050000 0.000000 -0.086603
vn -0.050000 0.000000 -0.086603
vn -0.025882 0.000000 -0.096593
vn -0.025882 0.000000 -0.096593
vn -0.025882 0.000000 -0.096593
vn -0.025882 0.000000 -0.096593
vn -0.050000 0.000000 -0.086603
vn -0.050000 0.000000 -0.086603
vn -0.070711 0.000000 -0.070711
vn -0.070711 0.000000 -0.070711
vn -0.086603 0.000000 -0.050000
vn -0.086603 0.000000 -0.050000
vn -0.096593 0.000000 -0.025882
vn -0.096593 0.000000 -0.025882
vn -0.096593 0.000000 -0.025882
vn -0.096593 0.000000 -0.025882
vn -0.086603 0.000000 -0.050000
vn -0.086603 0.000000 -0.050000
vn -0.070711 0.000000 -0.070711
vn -0.050000 0.000000 -0.086603
vn -0.025882 0.000000 -0.096593
vn -0.025882 0.000000 -0.096593
vn -0.025882 0.000000 -0.096593
vn -0.050000 0.000000 -0.086603
vn -0.086603 0.000000 -0.050000
vn -0.086603 0.000000 -0.050000
vn -0.070711 0.000000 -0.070711
vn -0.070711 0.000000 -0.070711
vn -0.050000 0.000000 -0.086603
vn -0.050000 0.000000 -0.086603
vn -0.025882 0.000000 -0.096593
vn -0.025882 0.000000 -0.096593
vn -0.025882 0.000000 -0.096593
vn -0.025882 0.000000 -0.096593
vn -0.025882 0.000000 -0.096593
vn -0.050000 0.000000 -0.086603
vn -0.050000 0.000000 -0.086603
vn -0.070711 0.000000 -0.070711
vn -0.096593 0.000000 -0.025882
vn -0.096593 0.000000 -0.025882
vn -0.096593 0.000000 -0.025882
vn -0.086603 0.000000 -0.050000
vn -0.086603 0.000000 -0.050000
vn -0.070711 0.000000 -0.070711
vn -0.070711 0.000000 -0.070711
vn -0.050000 0.000000 -0.086603
vn -0.086603 0.000000 -0.050000
vn -0.070711 0.000000 -0.070711
vn -0.050000 0.000000 -0.086603
vn -0.025882 0.000000 -0.096593
vn -0.096593 0.000000 -0.025882
vn -0.096593 0.000000 -0.025882
vn -0.096593 0.000000 -0.025882
vn -0.086603 0.000000 -0.050000
vn -0.086603 0.000000 -0.050000
vn -0.070711 0.000000 -0.070711
vn -0.086603 0.000000 -0.050000
vn -0.096593 0.000000 -0.025882
vn -0.086603 0.000000 -0.050000
vn -0.070711 0.000000 -0.070711
vn -0.050000 0.000000 -0.086603
vn -0.025882 0.000000 -0.096593
vn -0.096593 0.000000 -0.025882
vn -0.096593 0.000000 -0.025882
vn -0.096593 0.000000 -0.025882
vn -0.086603 0.000000 -0.050000
vn -0.086603 0.000000 -0.050000
vn -0.070711 0.000000 -0.070711
vn -0.086603 0.000000 -0.050000
vn -0.096593 0.000000 -0.025882
vn -0.086603 0.000000 -0.050000
vn -0.070711 0.000000 -0.070711
vn -0.050000 0.000000 -0.086603
vn -0.096593 0.000000 -0.025882
vn -0.096593 0.000000 -0.025882
vn -0.086603 0.000000 -0.050000
vn -0.086603 0.000000 -0.050000
vn -0.070711 0.000000 -0.070711
vn -0.050000 0.000000 -0.086603
vn -0.025882 0.000000 -0.096593
vn -0.096593 0.000000 -0.025882
vn -0.096593 0.000000 -0.025882
vn -0.096593 0.000000 -0.025882
vn -0.086603 0.000000 -0.050000
vn -0.086603 0.000000 -0.050000
vn -0.070711 0.000000 -0.070711
vn -0.086603 0.000000 -0.050000
vn -0.096593 0.000000 -0.025882
vn -0.086603 0.000000 -0.050000
vn -0.070711 0.000000 -0.070711
vn -0.070711 0.000000 -0.070711
vn -0.050000 0.000000 -0.086603
vn -0.025882 0.000000 -0.096593
vn -0.070711 0.000000 -0.070711
vn -0.070711 0.000000 -0.070711
vn -0.050000 0.000000 -0.086603
vn -0.025882 0.000000 -0.096593
vn -0.070711 0.000000 -0.070711
vn -0.070711 0.000000 -0.070711
vn -0.050000 0.000000 -0.086603
vn -0.025882 0.000000 -0.096593
vn -0.070711 0.000000 -0.070711
vn -0.070711 0.000000 -0.070711
vn -0.050000 0.000000 -0.086603
vn -0.025882 0.000000 -0.096593
vn -0.050000 0.000000 -0.086603
vn -0.050000 0.000000 -0.086603
vn -0.025882 0.000000 -0.096593
vn -0.050000 0.000000 -0.086603
vn -0.050000 0.000000 -0.086603
vn -0.025882 0.000000 -0.096593
vn -0.050000 0.000000 -0.086603
vn -0.050000 0.000000 -0.086603
vn -0.025882 0.000000 -0.096593
vn -0.025882 0.000000 -0.096593
vn -0.025882 0.000000 -0.096593
vn -0.025882 0.000000 -0.096593
vn -0.000000 0.100000 0.000000
vn -0.000000 0.096593 -0.025882
vn -0.025882 0.096593 -0.000000
vn -0.025000 0.093301 -0.025882
vn -0.050000 0.086603 -0.000000
vn -0.048296 0.083652 -0.025882
vn -0.070711 0.070711 -0.000000
vn -0.068301 0.068301 -0.025882
vn -0.086603 0.050000 -0.000000
vn -0.083652 0.048296 -0.025882
vn -0.096593 0.025882 -0.000000
vn -0.093301 0.025000 -0.025882
vn -0.083652 0.022414 -0.050000
vn -0.068301 0.018301 -0.070711
vn -0.048296 0.012941 -0.086603
vn -0.025000 0.006699 -0.096593
vn -0.000000 0.000000 -0.100000
vn -0.000000 0.086603 -0.050000
vn -0.022414 0.083652 -0.050000
vn -0.043301 0.075000 -0.050000
vn -0.061237 0.061237 -0.050000
vn -0.075000 0.043301 -0.050000
vn -0.000000 0.070711 -0.070711
vn -0.018301 0.068301 -0.070711
vn -0.035355 0.061237 -0.070711
vn -0.050000 0.050000 -0.070711
vn -0.061237 0.035355 -0.070711
vn -0.000000 0.050000 -0.086603
vn -0.012941 0.048296 -0.086603
vn -0.025000 0.043301 -0.086603
vn -0.035355 0.035355 -0.086603
vn -0.043301 0.025000 -0.086603
vn -0.000000 0.025882 -0.096593
vn -0.006699 0.025000 -0.096593
vn -0.012941 0.022414 -0.096593
vn -0.018301 0.018301 -0.096593
vn -0.022414 0.012941 -0.096593
vn 0.000000 -0.000000 -0.100000
vn 0.000000 -0.000000 -0.100000
vn 0.000000 -0.000000 -0.100000
vn -0.000000 0.000000 -0.100000
vn 0.000000 -0.000000 -0.100000
vn -0.000000 0.096593 -0.025882
vn -0.000000 0.096593 -0.025882
vn -0.000000 0.100000 -0.000000
vn -0.000000 0.096593 -0.025882
vn -0.000000 0.096593 -0.025882
vn -0.000000 0.086603 -0.050000
vn -0.000000 0.086603 -0.050000
vn -0.000000 0.070711 -0.070711
vn -0.000000 0.070711 -0.070711
vn -0.000000 0.050000 -0.086603
vn -0.000000 0.050000 -0.086603
vn -0.000000 0.025882 -0.096593
vn -0.000000 0.025882 -0.096593
vn -0.000000 0.025882 -0.096593
vn -0.000000 0.025882 -0.096593
vn -0.000000 0.050000 -0.086603
vn -0.000000 0.050000 -0.086603
vn -0.000000 0.070711 -0.070711
vn -0.000000 0.070711 -0.070711
vn -0.000000 0.086603 -0.050000
vn -0.000000 0.086603 -0.050000
vn -0.000000 0.096593 -0.025882
vn -0.000000 0.096593 -0.025882
vn -0.000000 0.096593 -0.025882
vn -0.000000 0.086603 -0.050000
vn -0.000000 0.070711 -0.070711
vn -0.000000 0.050000 -0.086603
vn -0.000000 0.025882 -0.096593
vn -0.000000 0.086603 -0.050000
vn -0.000000 0.086603 -0.050000
vn -0.000000 0.070711 -0.070711
vn -0.000000 0.070711 -0.070711
vn -0.000000 0.050000 -0.086603
vn -0.000000 0.050000 -0.086603
vn -0.000000 0.025882 -0.096593
vn -0.000000 0.025882 -0.096593
vn -0.000000 0.000000 -0.100000
vn -0.000000 0.025882 -0.096593
vn -0.000000 0.025882 -0.096593
vn -0.000000 0.025882 -0.096593
vn -0.000000 0.050000 -0.086603
vn -0.000000 0.050000 -0.086603
vn -0.000000 0.070711 -0.070711
vn -0.000000 0.096593 -0.025882
vn -0.000000 0.096593 -0.025882
vn -0.000000 0.086603 -0.050000
vn -0.000000 0.096593 -0.025882
vn -0.000000 0.096593 -0.025882
vn -0.000000 0.086603 -0.050000
vn -0.000000 0.086603 -0.050000
vn -0.000000 0.070711 -0.070711
vn -0.000000 0.086603 -0.050000
vn -0.000000 0.070711 -0.070711
vn -0.000000 0.050000 -0.086603
vn -0.000000 0.070711 -0.070711
vn -0.000000 0.050000 -0.086603
vn -0.000000 0.025882 -0.096593
vn 0.100000 -0.000000 0.000000
vn 0.096593 -0.000000 -0.025882
vn 0.096593 0.025882 0.000000
vn 0.093301 0.025000 -0.025882
vn 0.086603 0.050000 0.000000
vn 0.083652 0.048296 -0.025882
vn 0.070711 0.070711 0.000000
vn 0.068301 0.068301 -0.025882
vn 0.050000 0.086603 0.000000
vn 0.048296 0.083652 -0.025882
vn 0.025882 0.096593 0.000000
vn 0.025000 0.093301 -0.025882
vn 0.022414 0.083652 -0.050000
vn 0.018301 0.068301 -0.070711
vn 0.012941 0.048296 -0.086603
vn 0.006699 0.025000 -0.096593
vn -0.000000 -0.000000 -0.100000
vn 0.086603 -0.000000 -0.050000
vn 0.083652 0.022414 -0.050000
vn 0.075000 0.043301 -0.050000
vn 0.061237 0.061237 -0.050000
vn 0.043301 0.075000 -0.050000
vn 0.070711 -0.000000 -0.070711
vn 0.068301 0.018301 -0.070711
vn 0.061237 0.035355 -0.070711
vn 0.050000 0.050000 -0.070711
vn 0.035355 0.061237 -0.070711
vn 0.050000 -0.000000 -0.086603
vn 0.048296 0.012941 -0.086603
vn 0.043301 0.025000 -0.086603
vn 0.035355 0.035355 -0.086603
vn 0.025000 0.043301 -0.086603
vn 0.025882 -0.000000 -0.096593
vn 0.025000 0.006699 -0.096593
vn 0.022414 0.012941 -0.096593
vn 0.018301 0.018301 -0.096593
vn 0.012941 0.022414 -0.096593
vn -0.000000 0.000000 -0.100000
vn 0.000000 0.000000 -0.100000
vn -0.000000 -0.000000 -0.100000
vn 0.000000 0.000000 -0.100000
vn -0.000000 -0.000000 -0.100000
vn 0.096593 0.000000 -0.025882
vn 0.096593 0.000000 -0.025882
vn 0.100000 0.000000 0.000000
vn 0.096593 0.000000 -0.025882
vn 0.096593 0.000000 -0.025882
vn 0.086603 0.000000 -0.050000
vn 0.086603 0.000000 -0.050000
vn 0.070711 0.000000 -0.070711
vn 0.070711 0.000000 -0.070711
vn 0.050000 0.000000 -0.086603
vn 0.050000 0.000000 -0.086603
vn 0.025882 0.000000 -0.096593
vn 0.025882 0.000000 -0.096593
vn -0.000000 0.000000 -0.100000
vn 0.025882 0.000000 -0.096593
vn 0.025882 0.000000 -0.096593
vn 0.050000 0.000000 -0.086603
vn 0.050000 0.000000 -0.086603
vn 0.070711 0.000000 -0.070711
vn 0.070711 0.000000 -0.070711
vn 0.086603 0.000000 -0.050000
vn 0.086603 0.000000 -0.050000
vn 0.096593 0.000000 -0.025882
vn 0.096593 0.000000 -0.025882
vn 0.096593 0.000000 -0.025882
vn 0.096593 0.000000 -0.025882
vn 0.086603 0.000000 -0.050000
vn 0.086603 0.000000 -0.050000
vn 0.070711 0.000000 -0.070711
vn 0.070711 0.000000 -0.070711
vn 0.050000 0.000000 -0.086603
vn 0.050000 0.000000 -0.086603
vn 0.025882 0.000000 -0.096593
vn 0.025882 0.000000 -0.096593
vn 0.025882 0.000000 -0.096593
vn 0.025882 0.000000 -0.096593
vn 0.050000 0.000000 -0.086603
vn 0.050000 0.000000 -0.086603
vn 0.070711 0.000000 -0.070711
vn 0.070711 0.000000 -0.070711
vn 0.086603 0.000000 -0.050000
vn 0.086603 0.000000 -0.050000
vn 0.096593 0.000000 -0.025882
vn 0.096593 0.000000 -0.025882
vn 0.096593 0.000000 -0.025882
vn 0.096593 0.000000 -0.025882
vn 0.086603 0.000000 -0.050000
vn 0.086603 0.000000 -0.050000
vn 0.070711 0.000000 -0.070711
vn 0.070711 0.000000 -0.070711
vn 0.050000 0.000000 -0.086603
vn 0.050000 0.000000 -0.086603
vn 0.025882 0.000000 -0.096593
vn 0.025882 0.000000 -0.096593
vn 0.025882 0.000000 -0.096593
vn 0.025882 0.000000 -0.096593
vn 0.050000 0.000000 -0.086603
vn 0.050000 0.000000 -0.086603
vn 0.070711 0.000000 -0.070711
vn 0.070711 0.000000 -0.070711
vn 0.086603 0.000000 -0.050000
vn 0.086603 0.000000 -0.050000
vn 0.096593 0.000000 -0.025882
vn 0.096593 0.000000 -0.025882
vn 0.096593 0.000000 -0.025882
vn 0.096593 0.000000 -0.025882
vn 0.086603 0.000000 -0.050000
vn 0.086603 0.000000 -0.050000
vn 0.070711 0.000000 -0.070711
vn 0.070711 0.000000 -0.070711
vn 0.050000 0.000000 -0.086603
vn 0.050000 0.000000 -0.086603
vn 0.025882 0.000000 -0.096593
vn 0.025882 0.000000 -0.096593
vn 0.025882 0.000000 -0.096593
vn 0.025882 0.000000 -0.096593
vn 0.050000 0.000000 -0.086603
vn 0.050000 0.000000 -0.086603
vn 0.070711 0.000000 -0.070711
vn 0.070711 0.000000 -0.070711
vn 0.086603 0.000000 -0.050000
vn 0.086603 0.000000 -0.050000
vn 0.096593 0.000000 -0.025882
vn 0.096593 0.000000 -0.025882
vn 0.096593 0.000000 -0.025882
vn 0.096593 0.000000 -0.025882
vn 0.086603 0.000000 -0.050000
vn 0.086603 0.000000 -0.050000
vn 0.070711 0.000000 -0.070711
vn 0.050000 0.000000 -0.086603
vn 0.025882 0.000000 -0.096593
vn 0.025882 0.000000 -0.096593
vn 0.025882 0.000000 -0.096593
vn 0.050000 0.000000 -0.086603
vn 0.086603 0.000000 -0.050000
vn 0.086603 0.000000 -0.050000
vn 0.070711 0.000000 -0.070711
vn 0.070711 0.000000 -0.070711
vn 0.050000 0.000000 -0.086603
vn 0.050000 0.000000 -0.086603
vn 0.025882 0.000000 -0.096593
vn 0.025882 0.000000 -0.096593
vn 0.025882 0.000000 -0.096593
vn 0.025882 0.000000 -0.096593
vn 0.025882 0.000000 -0.096593
vn 0.050000 0.000000 -0.086603
vn 0.050000 0.000000 -0.086603
vn 0.070711 0.000000 -0.070711
vn 0.096593 0.000000 -0.025882
vn 0.096593 0.000000 -0.025882
vn 0.096593 0.000000 -0.025882
vn 0.086603 0.000000 -0.050000
vn 0.086603 0.000000 -0.050000
vn 0.070711 0.000000 -0.070711
vn 0.070711 0.000000 -0.070711
vn 0.050000 0.000000 -0.086603
vn 0.086603 0.000000 -0.050000
vn 0.070711 0.000000 -0.070711
vn 0.050000 0.000000 -0.086603
vn 0.025882 0.000000 -0.096593
vn 0.096593 0.000000 -0.025882
vn 0.096593 0.000000 -0.025882
vn 0.096593 0.000000 -0.025882
vn 0.086603 0.000000 -0.050000
vn 0.086603 0.000000 -0.050000
vn 0.070711 0.000000 -0.070711
vn 0.086603 0.000000 -0.050000
vn 0.096593 0.000000 -0.025882
vn 0.086603 0.000000 -0.050000
vn 0.070711 0.000000 -0.070711
vn 0.050000 0.000000 -0.086603
vn 0.025882 0.000000 -0.096593
vn 0.096593 0.000000 -0.025882
vn 0.096593 0.000000 -0.025882
vn 0.096593 0.000000 -0.025882
vn 0.086603 0.000000 -0.050000
vn 0.086603 0.000000 -0.050000
vn 0.070711 0.000000 -0.070711
vn 0.086603 0.000000 -0.050000
vn 0.096593 0.000000 -0.025882
vn 0.086603 0.000000 -0.050000
vn 0.070711 0.000000 -0.070711
vn 0.050000 0.000000 -0.086603
vn 0.096593 0.000000 -0.025882
vn 0.096593 0.000000 -0.025882
vn 0.086603 0.000000 -0.050000
vn 0.086603 0.000000 -0.050000
vn 0.070711 0.000000 -0.070711
vn 0.050000 0.000000 -0.086603
vn 0.025882 0.000000 -0.096593
vn 0.096593 0.000000 -0.025882
vn 0.096593 0.000000 -0.025882
vn 0.096593 0.000000 -0.025882
vn 0.086603 0.000000 -0.050000
vn 0.086603 0.000000 -0.050000
vn 0.070711 0.000000 -0.070711
vn 0.086603 0.000000 -0.050000
vn 0.096593 0.000000 -0.025882
vn 0.086603 0.000000 -0.050000
vn 0.070711 0.000000 -0.070711
vn 0.070711 0.000000 -0.070711
vn 0.050000 0.000000 -0.086603
vn 0.025882 0.000000 -0.096593
vn 0.070711 0.000000 -0.070711
vn 0.070711 0.000000 -0.070711
vn 0.050000 0.000000 -0.086603
vn 0.025882 0.000000 -0.096593
vn 0.070711 0.000000 -0.070711
vn 0.070711 0.000000 -0.070711
vn 0.050000 0.000000 -0.086603
vn 0.025882 0.000000 -0.096593
vn 0.070711 0.000000 -0.070711
vn 0.070711 0.000000 -0.070711
vn 0.050000 0.000000 -0.086603
vn 0.025882 0.000000 -0.096593
vn 0.050000 0.000000 -0.086603
vn 0.050000 0.000000 -0.086603
vn 0.025882 0.000000 -0.096593
vn 0.050000 0.000000 -0.086603
vn 0.050000 0.000000 -0.086603
vn 0.025882 0.000000 -0.096593
vn 0.050000 0.000000 -0.086603
vn 0.050000 0.000000 -0.086603
vn 0.025882 0.000000 -0.096593
vn 0.025882 0.000000 -0.096593
vn 0.025882 0.000000 -0.096593
vn 0.025882 0.000000 -0.096593
vn -0.000000 -0.100000 0.000000
vn -0.000000 -0.096593 -0.025882
vn 0.025882 -0.096593 0.000000
vn 0.025000 -0.093301 -0.025882
vn 0.050000 -0.086603 0.000000
vn 0.048296 -0.083652 -0.025882
vn 0.070711 -0.070711 0.000000
vn 0.068301 -0.068301 -0.025882
vn 0.086603 -0.050000 0.000000
vn 0.083652 -0.048296 -0.025882
vn 0.096593 -0.025882 0.000000
vn 0.093301 -0.025000 -0.025882
vn 0.083652 -0.022414 -0.050000
vn 0.068301 -0.018301 -0.070711
vn 0.048296 -0.012941 -0.086603
vn 0.025000 -0.006699 -0.096593
vn 0.000000 -0.000000 -0.100000
vn -0.000000 -0.086603 -0.050000
vn 0.022414 -0.083652 -0.050000
vn 0.043301 -0.075000 -0.050000
vn 0.061237 -0.061237 -0.050000
vn 0.075000 -0.043301 -0.050000
vn -0.000000 -0.070711 -0.070711
vn 0.018301 -0.068301 -0.070711
vn 0.035355 -0.061237 -0.070711
vn 0.050000 -0.050000 -0.070711
vn 0.061237 -0.035355 -0.070711
vn -0.000000 -0.050000 -0.086603
vn 0.012941 -0.048296 -0.086603
vn 0.025000 -0.043301 -0.086603
vn 0.035355 -0.035355 -0.086603
vn 0.043301 -0.025000 -0.086603
vn -0.000000 -0.025882 -0.096593
vn 0.006699 -0.025000 -0.096593
vn 0.012941 -0.022414 -0.096593
vn 0.018301 -0.018301 -0.096593
vn 0.022414 -0.012941 -0.096593
vn -0.000000 -0.000000 -0.100000
vn 0.000000 -0.000000 -0.100000
vn -0.000000 0.000000 -0.100000
vn -0.000000 0.000000 -0.100000
vn -0.000000 0.000000 -0.100000
vn 0.000000 -0.100000 -0.000000
vn 0.000000 -0.096593 -0.025882
vn 0.000000 -0.086603 -0.050000
vn 0.000000 -0.070711 -0.070711
vn 0.000000 -0.050000 -0.086603
vn 0.000000 -0.025882 -0.096593
vn 0.000000 -0.000000 -0.100000
vn 0.000000 -0.100000 0.000000
vn 0.000000 -0.100000 0.000000
vn 0.000000 -0.100000 0.000000
vn 0.025882 -0.096593 0.000000
vn 0.025882 -0.096593 0.000000
vn 0.050000 -0.086603 0.000000
vn 0.050000 -0.086603 0.000000
vn 0.070711 -0.070711 0.000000
vn 0.070711 -0.070711 0.000000
vn 0.086603 -0.050000 0.000000
vn 0.086603 -0.050000 0.000000
vn 0.096593 -0.025882 0.000000
vn 0.096593 -0.025882 0.000000
vn 0.100000 -0.000000 0.000000
vn 0.096593 -0.025882 0.000000
vn 0.096593 -0.025882 0.000000
vn 0.086603 -0.050000 0.000000
vn 0.070711 -0.070711 0.000000
vn 0.050000 -0.086603 0.000000
vn 0.050000 -0.086603 0.000000
vn 0.025882 -0.096593 0.000000
vn 0.000000 -0.100000 0.000000
vn 0.025882 -0.096593 0.000000
vn 0.070711 -0.070711 0.000000
vn 0.086603 -0.050000 0.000000
vn 0.100000 0.000000 0.000000
vn 0.096593 0.025882 0.000000
vn 0.096593 0.025882 0.000000
vn 0.096593 0.025882 0.000000
vn 0.096593 0.025882 0.000000
vn 0.086603 0.050000 0.000000
vn 0.086603 0.050000 0.000000
vn 0.070711 0.070711 0.000000
vn 0.070711 0.070711 0.000000
vn 0.050000 0.086603 0.000000
vn 0.050000 0.086603 0.000000
vn 0.025882 0.096593 0.000000
vn 0.025882 0.096593 0.000000
vn 0.000000 0.100000 0.000000
vn 0.025882 0.096593 0.000000
vn 0.025882 0.096593 0.000000
vn 0.050000 0.086603 0.000000
vn 0.070711 0.070711 0.000000
vn 0.086603 0.050000 0.000000
vn 0.086603 0.050000 0.000000
vn 0.070711 0.070711 0.000000
vn 0.050000 0.086603 0.000000
vn 0.000000 0.100000 0.000000
vn -0.025882 0.096593 -0.000000
vn -0.025882 0.096593 -0.000000
vn -0.025882 0.096593 -0.000000
vn -0.025882 0.096593 -0.000000
vn -0.050000 0.086603 -0.000000
vn -0.050000 0.086603 -0.000000
vn -0.070711 0.070711 -0.000000
vn -0.070711 0.070711 -0.000000
vn -0.086603 0.050000 -0.000000
vn -0.086603 0.050000 -0.000000
vn -0.096593 0.025882 -0.000000
vn -0.096593 0.025882 -0.000000
vn -0.100000 0.000000 -0.000000
vn -0.096593 0.025882 -0.000000
vn -0.096593 0.025882 -0.000000
vn -0.086603 0.050000 -0.000000
vn -0.070711 0.070711 -0.000000
vn -0.050000 0.086603 -0.000000
vn -0.050000 0.086603 -0.000000
vn -0.070711 0.070711 -0.000000
vn -0.086603 0.050000 -0.000000
vn -0.100000 0.000000 0.000000
vn -0.096593 -0.025882 0.000000
vn -0.096593 -0.025882 0.000000
vn -0.096593 -0.025882 0.000000
vn -0.096593 -0.025882 0.000000
vn -0.086603 -0.050000 0.000000
vn -0.086603 -0.050000 0.000000
vn -0.070711 -0.070711 0.000000
vn -0.070711 -0.070711 0.000000
vn -0.050000 -0.086603 0.000000
vn -0.050000 -0.086603 0.000000
vn -0.025882 -0.096593 0.000000
vn -0.025882 -0.096593 0.000000
vn -0.000000 -0.100000 0.000000
vn -0.025882 -0.096593 0.000000
vn -0.000000 -0.100000 0.000000
vn -0.025882 -0.096593 0.000000
vn -0.050000 -0.086603 0.000000
vn -0.070711 -0.070711 0.000000
vn -0.086603 -0.050000 0.000000
vn -0.000000 -0.100000 0.000000
vn -0.086603 -0.050000 0.000000
vn -0.070711 -0.070711 0.000000
vn -0.050000 -0.086603 0.000000
vn 0.000000 -0.100000 0.000000
vn 0.100000 0.000000 0.000000
vn 0.100000 0.000000 0.000000
vn 0.100000 0.000000 0.000000
vn 0.100000 0.000000 0.000000
vn 0.100000 0.000000 0.000000
vn 0.100000 0.000000 0.000000
vn 0.100000 0.000000 0.000000
vn 0.100000 0.000000 0.000000
vn 0.100000 0.000000 0.000000
vn 0.100000 0.000000 0.000000
vn 0.000000 -0.025882 0.096593
vn 0.000000 -0.025882 0.096593
vn 0.000000 -0.000000 0.100000
vn 0.000000 -0.025882 0.096593
vn 0.000000 -0.025882 0.096593
vn 0.000000 -0.050000 0.086603
vn 0.000000 -0.050000 0.086603
vn 0.000000 -0.070711 0.070711
vn 0.000000 -0.070711 0.070711
vn 0.000000 -0.086603 0.050000
vn 0.000000 -0.086603 0.050000
vn 0.000000 -0.096593 0.025882
vn 0.000000 -0.096593 0.025882
vn 0.000000 -0.096593 0.025882
vn 0.000000 -0.096593 0.025882
vn 0.000000 -0.086603 0.050000
vn 0.000000 -0.086603 0.050000
vn 0.000000 -0.070711 0.070711
vn 0.000000 -0.070711 0.070711
vn 0.000000 -0.050000 0.086603
vn 0.000000 -0.050000 0.086603
vn 0.000000 -0.025882 0.096593
vn 0.000000 -0.025882 0.096593
vn 0.000000 -0.000000 0.100000
vn 0.000000 -0.025882 0.096593
vn 0.000000 -0.025882 0.096593
vn 0.000000 -0.050000 0.086603
vn 0.000000 -0.050000 0.086603
vn 0.000000 -0.070711 0.070711
vn 0.000000 -0.070711 0.070711
vn 0.000000 -0.086603 0.050000
vn 0.000000 -0.086603 0.050000
vn 0.000000 -0.096593 0.025882
vn 0.000000 -0.096593 0.025882
vn 0.000000 -0.050000 0.086603
vn 0.000000 -0.050000 0.086603
vn 0.000000 -0.070711 0.070711
vn 0.000000 -0.070711 0.070711
vn 0.000000 -0.086603 0.050000
vn 0.000000 -0.086603 0.050000
vn 0.000000 -0.096593 0.025882
vn 0.000000 -0.096593 0.025882
vn 0.000000 -0.096593 0.025882
vn 0.000000 -0.096593 0.025882
vn 0.000000 -0.096593 0.025882
vn 0.000000 -0.086603 0.050000
vn 0.000000 -0.086603 0.050000
vn 0.000000 -0.070711 0.070711
vn 0.000000 -0.025882 0.096593
vn 0.000000 -0.025882 0.096593
vn 0.000000 -0.050000 0.086603
vn 0.000000 -0.025882 0.096593
vn 0.000000 -0.025882 0.096593
vn 0.000000 -0.050000 0.086603
vn 0.000000 -0.050000 0.086603
vn 0.000000 -0.070711 0.070711
vn 0.000000 -0.050000 0.086603
vn 0.000000 -0.070711 0.070711
vn 0.000000 -0.086603 0.050000
vn 0.000000 -0.070711 0.070711
vn 0.000000 -0.086603 0.050000
vn 0.000000 -0.096593 0.025882
vn 0.096593 -0.000000 0.025882
vn 0.093301 -0.025000 0.025882
vn 0.083652 -0.048296 0.025882
vn 0.068301 -0.068301 0.025882
vn 0.048296 -0.083652 0.025882
vn 0.025000 -0.093301 0.025882
vn 0.022414 -0.083652 0.050000
vn 0.018301 -0.068301 0.070711
vn 0.012941 -0.048296 0.086603
vn 0.006699 -0.025000 0.096593
vn 0.000000 -0.000000 0.100000
vn 0.086603 -0.000000 0.050000
vn 0.083652 -0.022414 0.050000
vn 0.075000 -0.043301 0.050000
vn 0.061237 -0.061237 0.050000
vn 0.043301 -0.075000 0.050000
vn 0.070711 -0.000000 0.070711
vn 0.068301 -0.018301 0.070711
vn 0.061237 -0.035355 0.070711
vn 0.050000 -0.050000 0.070711
vn 0.035355 -0.061237 0.070711
vn 0.050000 -0.000000 0.086603
vn 0.048296 -0.012941 0.086603
vn 0.043301 -0.025000 0.086603
vn 0.035355 -0.035355 0.086603
vn 0.025000 -0.043301 0.086603
vn 0.025882 -0.000000 0.096593
vn 0.025000 -0.006699 0.096593
vn 0.022414 -0.012941 0.096593
vn 0.018301 -0.018301 0.096593
vn 0.012941 -0.022414 0.096593
vn 0.000000 -0.000000 0.100000
vn 0.000000 -0.000000 0.100000
vn -0.000000 0.000000 0.100000
vn -0.000000 0.000000 0.100000
vn -0.000000 0.000000 0.100000
vn 0.096593 -0.000000 0.025882
vn 0.096593 -0.000000 0.025882
vn 0.096593 -0.000000 0.025882
vn 0.096593 -0.000000 0.025882
vn 0.086603 -0.000000 0.050000
vn 0.086603 -0.000000 0.050000
vn 0.070711 -0.000000 0.070711
vn 0.070711 -0.000000 0.070711
vn 0.050000 -0.000000 0.086603
vn 0.050000 -0.000000 0.086603
vn 0.025882 -0.000000 0.096593
vn 0.025882 -0.000000 0.096593
vn -0.000000 0.000000 0.100000
vn 0.025882 -0.000000 0.096593
vn 0.025882 -0.000000 0.096593
vn 0.050000 -0.000000 0.086603
vn 0.050000 -0.000000 0.086603
vn 0.070711 -0.000000 0.070711
vn 0.070711 -0.000000 0.070711
vn 0.086603 -0.000000 0.050000
vn 0.086603 -0.000000 0.050000
vn 0.096593 -0.000000 0.025882
vn 0.096593 -0.000000 0.025882
vn 0.096593 -0.000000 0.025882
vn 0.096593 -0.000000 0.025882
vn 0.086603 -0.000000 0.050000
vn 0.086603 -0.000000 0.050000
vn 0.070711 -0.000000 0.070711
vn 0.070711 -0.000000 0.070711
vn 0.050000 -0.000000 0.086603
vn 0.050000 -0.000000 0.086603
vn 0.025882 -0.000000 0.096593
vn 0.025882 -0.000000 0.096593
vn 0.025882 -0.000000 0.096593
vn 0.025882 -0.000000 0.096593
vn 0.050000 -0.000000 0.086603
vn 0.050000 -0.000000 0.086603
vn 0.070711 -0.000000 0.070711
vn 0.070711 -0.000000 0.070711
vn 0.086603 -0.000000 0.050000
vn 0.086603 -0.000000 0.050000
vn 0.096593 -0.000000 0.025882
vn 0.096593 -0.000000 0.025882
vn 0.096593 -0.000000 0.025882
vn 0.096593 -0.000000 0.025882
vn 0.086603 -0.000000 0.050000
vn 0.086603 -0.000000 0.050000
vn 0.070711 -0.000000 0.070711
vn 0.070711 -0.000000 0.070711
vn 0.050000 -0.000000 0.086603
vn 0.050000 -0.000000 0.086603
vn 0.025882 -0.000000 0.096593
vn 0.025882 -0.000000 0.096593
vn 0.025882 -0.000000 0.096593
vn 0.025882 -0.000000 0.096593
vn 0.050000 -0.000000 0.086603
vn 0.050000 -0.000000 0.086603
vn 0.070711 -0.000000 0.070711
vn 0.070711 -0.000000 0.070711
vn 0.086603 -0.000000 0.050000
vn 0.086603 -0.000000 0.050000
vn 0.096593 -0.000000 0.025882
vn 0.096593 -0.000000 0.025882
vn 0.096593 -0.000000 0.025882
vn 0.096593 -0.000000 0.025882
vn 0.086603 -0.000000 0.050000
vn 0.086603 -0.000000 0.050000
vn 0.070711 -0.000000 0.070711
vn 0.070711 -0.000000 0.070711
vn 0.050000 -0.000000 0.086603
vn 0.050000 -0.000000 0.086603
vn 0.025882 -0.000000 0.096593
vn 0.025882 -0.000000 0.096593
vn 0.025882 -0.000000 0.096593
vn 0.025882 -0.000000 0.096593
vn 0.050000 -0.000000 0.086603
vn 0.050000 -0.000000 0.086603
vn 0.070711 -0.000000 0.070711
vn 0.070711 -0.000000 0.070711
vn 0.086603 -0.000000 0.050000
vn 0.086603 -0.000000 0.050000
vn 0.096593 -0.000000 0.025882
vn 0.096593 -0.000000 0.025882
vn 0.096593 -0.000000 0.025882
vn 0.096593 -0.000000 0.025882
vn 0.086603 -0.000000 0.050000
vn 0.086603 -0.000000 0.050000
vn 0.070711 -0.000000 0.070711
vn 0.050000 -0.000000 0.086603
vn 0.025882 -0.000000 0.096593
vn 0.025882 -0.000000 0.096593
vn 0.025882 -0.000000 0.096593
vn 0.050000 -0.000000 0.086603
vn 0.086603 -0.000000 0.050000
vn 0.086603 -0.000000 0.050000
vn 0.070711 -0.000000 0.070711
vn 0.070711 -0.000000 0.070711
vn 0.050000 -0.000000 0.086603
vn 0.050000 -0.000000 0.086603
vn 0.025882 -0.000000 0.096593
vn 0.025882 -0.000000 0.096593
vn 0.025882 -0.000000 0.096593
vn 0.025882 -0.000000 0.096593
vn 0.025882 -0.000000 0.096593
vn 0.050000 -0.000000 0.086603
vn 0.050000 -0.000000 0.086603
vn 0.070711 -0.000000 0.070711
vn 0.096593 -0.000000 0.025882
vn 0.096593 -0.000000 0.025882
vn 0.096593 -0.000000 0.025882
vn 0.086603 -0.000000 0.050000
vn 0.086603 -0.000000 0.050000
vn 0.070711 -0.000000 0.070711
vn 0.070711 -0.000000 0.070711
vn 0.050000 -0.000000 0.086603
vn 0.086603 -0.000000 0.050000
vn 0.070711 -0.000000 0.070711
vn 0.050000 -0.000000 0.086603
vn 0.025882 -0.000000 0.096593
vn 0.096593 -0.000000 0.025882
vn 0.096593 -0.000000 0.025882
vn 0.096593 -0.000000 0.025882
vn 0.086603 -0.000000 0.050000
vn 0.086603 -0.000000 0.050000
vn 0.070711 -0.000000 0.070711
vn 0.086603 -0.000000 0.050000
vn 0.096593 -0.000000 0.025882
vn 0.086603 -0.000000 0.050000
vn 0.070711 -0.000000 0.070711
vn 0.050000 -0.000000 0.086603
vn 0.025882 -0.000000 0.096593
vn 0.096593 -0.000000 0.025882
vn 0.096593 -0.000000 0.025882
vn 0.096593 -0.000000 0.025882
vn 0.086603 -0.000000 0.050000
vn 0.086603 -0.000000 0.050000
vn 0.070711 -0.000000 0.070711
vn 0.086603 -0.000000 0.050000
vn 0.096593 -0.000000 0.025882
vn 0.086603 -0.000000 0.050000
vn 0.070711 -0.000000 0.070711
vn 0.050000 -0.000000 0.086603
vn 0.096593 -0.000000 0.025882
vn 0.096593 -0.000000 0.025882
vn 0.086603 -0.000000 0.050000
vn 0.086603 -0.000000 0.050000
vn 0.070711 -0.000000 0.070711
vn 0.050000 -0.000000 0.086603
vn 0.025882 -0.000000 0.096593
vn 0.096593 -0.000000 0.025882
vn 0.096593 -0.000000 0.025882
vn 0.096593 -0.000000 0.025882
vn 0.086603 -0.000000 0.050000
vn 0.086603 -0.000000 0.050000
vn 0.070711 -0.000000 0.070711
vn 0.086603 -0.000000 0.050000
vn 0.096593 -0.000000 0.025882
vn 0.086603 -0.000000 0.050000
vn 0.070711 -0.000000 0.070711
vn 0.070711 -0.000000 0.070711
vn 0.050000 -0.000000 0.086603
vn 0.025882 -0.000000 0.096593
vn 0.070711 -0.000000 0.070711
vn 0.070711 -0.000000 0.070711
vn 0.050000 -0.000000 0.086603
vn 0.025882 -0.000000 0.096593
vn 0.070711 -0.000000 0.070711
vn 0.070711 -0.000000 0.070711
vn 0.050000 -0.000000 0.086603
vn 0.025882 -0.000000 0.096593
vn 0.070711 -0.000000 0.070711
vn 0.070711 -0.000000 0.070711
vn 0.050000 -0.000000 0.086603
vn 0.025882 -0.000000 0.096593
vn 0.050000 -0.000000 0.086603
vn 0.050000 -0.000000 0.086603
vn 0.025882 -0.000000 0.096593
vn 0.050000 -0.000000 0.086603
vn 0.050000 -0.000000 0.086603
vn 0.025882 -0.000000 0.096593
vn 0.050000 -0.000000 0.086603
vn 0.050000 -0.000000 0.086603
vn 0.025882 -0.000000 0.096593
vn 0.025882 -0.000000 0.096593
vn 0.025882 -0.000000 0.096593
vn 0.025882 -0.000000 0.096593
vn 0.000000 0.096593 0.025882
vn 0.025000 0.093301 0.025882
vn 0.048296 0.083652 0.025882
vn 0.068301 0.068301 0.025882
vn 0.083652 0.048296 0.025882
vn 0.093301 0.025000 0.025882
vn 0.083652 0.022414 0.050000
vn 0.068301 0.018301 0.070711
vn 0.048296 0.012941 0.086603
vn 0.025000 0.006699 0.096593
vn 0.000000 0.000000 0.100000
vn 0.000000 0.086603 0.050000
vn 0.022414 0.083652 0.050000
vn 0.043301 0.075000 0.050000
vn 0.061237 0.061237 0.050000
vn 0.075000 0.043301 0.050000
vn 0.000000 0.070711 0.070711
vn 0.018301 0.068301 0.070711
vn 0.035355 0.061237 0.070711
vn 0.050000 0.050000 0.070711
vn 0.061237 0.035355 0.070711
vn 0.000000 0.050000 0.086603
vn 0.012941 0.048296 0.086603
vn 0.025000 0.043301 0.086603
vn 0.035355 0.035355 0.086603
vn 0.043301 0.025000 0.086603
vn 0.000000 0.025882 0.096593
vn 0.006699 0.025000 0.096593
vn 0.012941 0.022414 0.096593
vn 0.018301 0.018301 0.096593
vn 0.022414 0.012941 0.096593
vn -0.000000 -0.000000 0.100000
vn -0.000000 -0.000000 0.100000
vn -0.000000 -0.000000 0.100000
vn 0.000000 0.000000 0.100000
vn -0.000000 -0.000000 0.100000
vn 0.000000 0.096593 0.025882
vn 0.000000 0.096593 0.025882
vn 0.000000 0.096593 0.025882
vn 0.000000 0.096593 0.025882
vn 0.000000 0.086603 0.050000
vn 0.000000 0.086603 0.050000
vn 0.000000 0.070711 0.070711
vn 0.000000 0.070711 0.070711
vn 0.000000 0.050000 0.086603
vn 0.000000 0.050000 0.086603
vn 0.000000 0.025882 0.096593
vn 0.000000 0.025882 0.096593
vn 0.000000 0.025882 0.096593
vn 0.000000 0.025882 0.096593
vn 0.000000 0.050000 0.086603
vn 0.000000 0.050000 0.086603
vn 0.000000 0.070711 0.070711
vn 0.000000 0.070711 0.070711
vn 0.000000 0.086603 0.050000
vn 0.000000 0.086603 0.050000
vn 0.000000 0.096593 0.025882
vn 0.000000 0.096593 0.025882
vn 0.000000 0.096593 0.025882
vn 0.000000 0.086603 0.050000
vn 0.000000 0.070711 0.070711
vn 0.000000 0.050000 0.086603
vn 0.000000 0.025882 0.096593
vn 0.000000 0.086603 0.050000
vn 0.000000 0.086603 0.050000
vn 0.000000 0.070711 0.070711
vn 0.000000 0.070711 0.070711
vn 0.000000 0.050000 0.086603
vn 0.000000 0.050000 0.086603
vn 0.000000 0.025882 0.096593
vn 0.000000 0.025882 0.096593
vn 0.000000 0.000000 0.100000
vn 0.000000 0.025882 0.096593
vn 0.000000 0.025882 0.096593
vn 0.000000 0.025882 0.096593
vn 0.000000 0.050000 0.086603
vn 0.000000 0.050000 0.086603
vn 0.000000 0.070711 0.070711
vn 0.000000 0.096593 0.025882
vn 0.000000 0.096593 0.025882
vn 0.000000 0.086603 0.050000
vn 0.000000 0.096593 0.025882
vn 0.000000 0.096593 0.025882
vn 0.000000 0.086603 0.050000
vn 0.000000 0.086603 0.050000
vn 0.000000 0.070711 0.070711
vn 0.000000 0.086603 0.050000
vn 0.000000 0.070711 0.070711
vn 0.000000 0.050000 0.086603
vn 0.000000 0.070711 0.070711
vn 0.000000 0.050000 0.086603
vn 0.000000 0.025882 0.096593
vn -0.096593 -0.000000 0.025882
vn -0.093301 0.025000 0.025882
vn -0.083652 0.048296 0.025882
vn -0.068301 0.068301 0.025882
vn -0.048296 0.083652 0.025882
vn -0.025000 0.093301 0.025882
vn -0.022414 0.083652 0.050000
vn -0.018301 0.068301 0.070711
vn -0.012941 0.048296 0.086603
vn -0.006699 0.025000 0.096593
vn 0.000000 -0.000000 0.100000
vn -0.086603 -0.000000 0.050000
vn -0.083652 0.022414 0.050000
vn -0.075000 0.043301 0.050000
vn -0.061237 0.061237 0.050000
vn -0.043301 0.075000 0.050000
vn -0.070711 -0.000000 0.070711
vn -0.068301 0.018301 0.070711
vn -0.061237 0.035355 0.070711
vn -0.050000 0.050000 0.070711
vn -0.035355 0.061237 0.070711
vn -0.050000 -0.000000 0.086603
vn -0.048296 0.012941 0.086603
vn -0.043301 0.025000 0.086603
vn -0.035355 0.035355 0.086603
vn -0.025000 0.043301 0.086603
vn -0.025882 -0.000000 0.096593
vn -0.025000 0.006699 0.096593
vn -0.022414 0.012941 0.096593
vn -0.018301 0.018301 0.096593
vn -0.012941 0.022414 0.096593
vn 0.000000 0.000000 0.100000
vn -0.000000 0.000000 0.100000
vn 0.000000 -0.000000 0.100000
vn -0.000000 0.000000 0.100000
vn 0.000000 -0.000000 0.100000
vn -0.096593 0.000000 0.025882
vn -0.096593 0.000000 0.025882
vn -0.096593 0.000000 0.025882
vn -0.096593 0.000000 0.025882
vn -0.086603 0.000000 0.050000
vn -0.086603 0.000000 0.050000
vn -0.070711 0.000000 0.070711
vn -0.070711 0.000000 0.070711
vn -0.050000 0.000000 0.086603
vn -0.050000 0.000000 0.086603
vn -0.025882 0.000000 0.096593
vn -0.025882 0.000000 0.096593
vn 0.000000 0.000000 0.100000
vn -0.025882 0.000000 0.096593
vn -0.025882 0.000000 0.096593
vn -0.050000 0.000000 0.086603
vn -0.050000 0.000000 0.086603
vn -0.070711 0.000000 0.070711
vn -0.070711 0.000000 0.070711
vn -0.086603 0.000000 0.050000
vn -0.086603 0.000000 0.050000
vn -0.096593 0.000000 0.025882
vn -0.096593 0.000000 0.025882
vn -0.096593 0.000000 0.025882
vn -0.096593 0.000000 0.025882
vn -0.086603 0.000000 0.050000
vn -0.086603 0.000000 0.050000
vn -0.070711 0.000000 0.070711
vn -0.070711 0.000000 0.070711
vn -0.050000 0.000000 0.086603
vn -0.050000 0.000000 0.086603
vn -0.025882 0.000000 0.096593
vn -0.025882 0.000000 0.096593
vn -0.025882 0.000000 0.096593
vn -0.025882 0.000000 0.096593
vn -0.050000 0.000000 0.086603
vn -0.050000 0.000000 0.086603
vn -0.070711 0.000000 0.070711
vn -0.070711 0.000000 0.070711
vn -0.086603 0.000000 0.050000
vn -0.086603 0.000000 0.050000
vn -0.096593 0.000000 0.025882
vn -0.096593 0.000000 0.025882
vn -0.096593 0.000000 0.025882
vn -0.096593 0.000000 0.025882
vn -0.086603 0.000000 0.050000
vn -0.086603 0.000000 0.050000
vn -0.070711 0.000000 0.070711
vn -0.070711 0.000000 0.070711
vn -0.050000 0.000000 0.086603
vn -0.050000 0.000000 0.086603
vn -0.025882 0.000000 0.096593
vn -0.025882 0.000000 0.096593
vn -0.025882 0.000000 0.096593
vn -0.025882 0.000000 0.096593
vn -0.050000 0.000000 0.086603
vn -0.050000 0.000000 0.086603
vn -0.070711 0.000000 0.070711
vn -0.070711 0.000000 0.070711
vn -0.086603 0.000000 0.050000
vn -0.086603 0.000000 0.050000
vn -0.096593 0.000000 0.025882
vn -0.096593 0.000000 0.025882
vn -0.096593 0.000000 0.025882
vn -0.096593 0.000000 0.025882
vn -0.086603 0.000000 0.050000
vn -0.086603 0.000000 0.050000
vn -0.070711 0.000000 0.070711
vn -0.070711 0.000000 0.070711
vn -0.050000 0.000000 0.086603
vn -0.050000 0.000000 0.086603
vn -0.025882 0.000000 0.096593
vn -0.025882 0.000000 0.096593
vn -0.025882 0.000000 0.096593
vn -0.025882 0.000000 0.096593
vn -0.050000 0.000000 0.086603
vn -0.050000 0.000000 0.086603
vn -0.070711 0.000000 0.070711
vn -0.070711 0.000000 0.070711
vn -0.086603 0.000000 0.050000
vn -0.086603 0.000000 0.050000
vn -0.096593 0.000000 0.025882
vn -0.096593 0.000000 0.025882
vn -0.096593 0.000000 0.025882
vn -0.096593 0.000000 0.025882
vn -0.086603 0.000000 0.050000
vn -0.086603 0.000000 0.050000
vn -0.070711 0.000000 0.070711
vn -0.050000 0.000000 0.086603
vn -0.025882 0.000000 0.096593
vn -0.025882 0.000000 0.096593
vn -0.025882 0.000000 0.096593
vn -0.050000 0.000000 0.086603
vn -0.086603 0.000000 0.050000
vn -0.086603 0.000000 0.050000
vn -0.070711 0.000000 0.070711
vn -0.070711 0.000000 0.070711
vn -0.050000 0.000000 0.086603
vn -0.050000 0.000000 0.086603
vn -0.025882 0.000000 0.096593
vn -0.025882 0.000000 0.096593
vn -0.025882 0.000000 0.096593
vn -0.025882 0.000000 0.096593
vn -0.025882 0.000000 0.096593
vn -0.050000 0.000000 0.086603
vn -0.050000 0.000000 0.086603
vn -0.070711 0.000000 0.070711
vn -0.096593 0.000000 0.025882
vn -0.096593 0.000000 0.025882
vn -0.096593 0.000000 0.025882
vn -0.086603 0.000000 0.050000
vn -0.086603 0.000000 0.050000
vn -0.070711 0.000000 0.070711
vn -0.070711 0.000000 0.070711
vn -0.050000 0.000000 0.086603
vn -0.086603 0.000000 0.050000
vn -0.070711 0.000000 0.070711
vn -0.050000 0.000000 0.086603
vn -0.025882 0.000000 0.096593
vn -0.096593 0.000000 0.025882
vn -0.096593 0.000000 0.025882
vn -0.096593 0.000000 0.025882
vn -0.086603 0.000000 0.050000
vn -0.086603 0.000000 0.050000
vn -0.070711 0.000000 0.070711
vn -0.086603 0.000000 0.050000
vn -0.096593 0.000000 0.025882
vn -0.086603 0.000000 0.050000
vn -0.070711 0.000000 0.070711
vn -0.050000 0.000000 0.086603
vn -0.025882 0.000000 0.096593
vn -0.096593 0.000000 0.025882
vn -0.096593 0.000000 0.025882
vn -0.096593 0.000000 0.025882
vn -0.086603 0.000000 0.050000
vn -0.086603 0.000000 0.050000
vn -0.070711 0.000000 0.070711
vn -0.086603 0.000000 0.050000
vn -0.096593 0.000000 0.025882
vn -0.086603 0.000000 0.050000
vn -0.070711 0.000000 0.070711
vn -0.050000 0.000000 0.086603
vn -0.096593 0.000000 0.025882
vn -0.096593 0.000000 0.025882
vn -0.086603 0.000000 0.050000
vn -0.086603 0.000000 0.050000
vn -0.070711 0.000000 0.070711
vn -0.050000 0.000000 0.086603
vn -0.025882 0.000000 0.096593
vn -0.096593 0.000000 0.025882
vn -0.096593 0.000000 0.025882
vn -0.096593 0.000000 0.025882
vn -0.086603 0.000000 0.050000
vn -0.086603 0.000000 0.050000
vn -0.070711 0.000000 0.070711
vn -0.086603 0.000000 0.050000
vn -0.096593 0.000000 0.025882
vn -0.086603 0.000000 0.050000
vn -0.070711 0.000000 0.070711
vn -0.070711 0.000000 0.070711
vn -0.050000 0.000000 0.086603
vn -0.025882 0.000000 0.096593
vn -0.070711 0.000000 0.070711
vn -0.070711 0.000000 0.070711
vn -0.050000 0.000000 0.086603
vn -0.025882 0.000000 0.096593
vn -0.070711 0.000000 0.070711
vn -0.070711 0.000000 0.070711
vn -0.050000 0.000000 0.086603
vn -0.025882 0.000000 0.096593
vn -0.070711 0.000000 0.070711
vn -0.070711 0.000000 0.070711
vn -0.050000 0.000000 0.086603
vn -0.025882 0.000000 0.096593
vn -0.050000 0.000000 0.086603
vn -0.050000 0.000000 0.086603
vn -0.025882 0.000000 0.096593
vn -0.050000 0.000000 0.086603
vn -0.050000 0.000000 0.086603
vn -0.025882 0.000000 0.096593
vn -0.050000 0.000000 0.086603
vn -0.050000 0.000000 0.086603
vn -0.025882 0.000000 0.096593
vn -0.025882 0.000000 0.096593
vn -0.025882 0.000000 0.096593
vn -0.025882 0.000000 0.096593
vn -0.025000 -0.093301 0.025882
vn -0.048296 -0.083652 0.025882
vn -0.068301 -0.068301 0.025882
vn -0.083652 -0.048296 0.025882
vn -0.093301 -0.025000 0.025882
vn -0.083652 -0.022414 0.050000
vn -0.068301 -0.018301 0.070711
vn -0.048296 -0.012941 0.086603
vn -0.025000 -0.006699 0.096593
vn -0.000000 -0.000000 0.100000
vn -0.022414 -0.083652 0.050000
vn -0.043301 -0.075000 0.050000
vn -0.061237 -0.061237 0.050000
vn -0.075000 -0.043301 0.050000
vn -0.018301 -0.068301 0.070711
vn -0.035355 -0.061237 0.070711
vn -0.050000 -0.050000 0.070711
vn -0.061237 -0.035355 0.070711
vn -0.012941 -0.048296 0.086603
vn -0.025000 -0.043301 0.086603
vn -0.035355 -0.035355 0.086603
vn -0.043301 -0.025000 0.086603
vn -0.006699 -0.025000 0.096593
vn -0.012941 -0.022414 0.096593
vn -0.018301 -0.018301 0.096593
vn -0.022414 -0.012941 0.096593
vn 0.000000 0.000000 0.100000
vn 0.000000 0.000000 0.100000
vn -0.000000 -0.000000 0.100000
vn 0.000000 0.000000 0.100000
vn 0.000000 -0.100000 0.000000
vn 0.000000 -0.100000 0.000000
vn 0.000000 -0.100000 0.000000
vn 0.000000 -0.100000 0.000000
vn 0.000000 0.000000 0.100000
vn 0.000000 0.000000 0.100000
vn 0.000000 0.000000 0.100000
vn 0.000000 0.000000 0.100000
vn 0.000000 0.000000 0.100000
vn 0.000000 0.000000 0.100000
vn 0.000000 0.000000 0.100000
vn 0.000000 0.000000 0.100000
vn 0.000000 0.000000 0.100000
vn 0.000000 0.000000 0.100000
vn 0.000000 0.000000 0.100000
vn 0.000000 0.000000 0.100000
vn 0.000000 0.000000 0.100000
vn 0.000000 0.000000 0.100000
vn 0.000000 0.000000 0.100000
vn 0.000000 0.000000 0.100000
vn 0.000000 0.000000 0.100000
vn 0.000000 0.000000 0.100000
vn 0.000000 0.000000 0.100000
vn 0.000000 0.000000 0.100000
vn 0.000000 0.000000 0.100000
vn 0.000000 0.000000 0.100000
vn 0.000000 0.000000 0.100000
vn 0.000000 0.000000 0.100000
vn 0.000000 0.000000 0.100000
vn 0.000000 0.000000 0.100000
vn 0.000000 0.000000 0.100000
vn 0.000000 0.000000 0.100000
vn 0.000000 0.000000 0.100000
vn 0.000000 0.000000 0.100000
vn 0.000000 0.000000 0.100000
vn 0.000000 0.000000 0.100000
vn 0.100000 0.000000 0.000000
vn 0.100000 0.000000 0.000000
vn 0.100000 0.000000 0.000000
vn 0.100000 0.000000 0.000000
vn 0.100000 0.000000 0.000000
vn 0.100000 0.000000 0.000000
vn 0.100000 0.000000 0.000000
vn 0.100000 0.000000 0.000000
vn 0.100000 0.000000 0.000000
vn 0.100000 0.000000 0.000000
vn 0.100000 0.000000 0.000000
vn 0.100000 0.000000 0.000000
vn 0.100000 0.000000 0.000000
vn 0.100000 0.000000 0.000000
vn -0.100000 0.000000 0.000000
vn -0.100000 0.000000 0.000000
vn -0.100000 0.000000 0.000000
vn -0.100000 0.000000 0.000000
vn -0.100000 0.000000 0.000000
vn -0.100000 0.000000 0.000000
vn -0.100000 0.000000 0.000000
vn -0.100000 0.000000 0.000000
vn -0.100000 0.000000 0.000000
vn -0.100000 0.000000 0.000000
vn 0.000000 0.000000 0.100000
vn 0.000000 0.000000 0.100000
vn 0.000000 0.000000 0.100000
vn 0.000000 0.000000 0.100000
vn 0.000000 0.000000 0.100000
vn 0.000000 0.000000 0.100000
vn 0.000000 0.000000 0.100000
vn 0.000000 0.000000 0.100000
vn 0.000000 0.000000 0.100000
vn 0.000000 0.000000 0.100000
vn 0.000000 0.000000 0.100000
vn 0.000000 0.000000 0.100000
vn 0.000000 0.000000 0.100000
vn 0.000000 0.000000 0.100000
vn 0.000000 0.000000 0.100000
vn 0.000000 0.000000 0.100000
vn 0.000000 0.000000 0.100000
vn 0.000000 0.000000 0.100000
vn 0.000000 0.000000 0.100000
vn 0.000000 0.000000 0.100000
vn 0.000000 -0.100000 0.000000
vn 0.000000 -0.100000 0.000000
vn 0.000000 -0.100000 0.000000
vn 0.000000 -0.100000 0.000000
vn -0.100000 0.000000 0.000000
vn -0.100000 0.000000 0.000000
vn -0.100000 0.000000 0.000000
vn -0.100000 0.000000 0.000000
vn -0.100000 0.000000 0.000000
vn -0.100000 0.000000 0.000000
vn -0.100000 0.000000 0.000000
vn -0.100000 0.000000 0.000000
vn -0.100000 0.000000 0.000000
vn -0.100000 0.000000 0.000000
vn -0.100000 0.000000 0.000000
vn -0.100000 0.000000 0.000000
vn -0.100000 0.000000 0.000000
vn -0.100000 0.000000 0.000000
vn 0.096593 -0.025882 0.000000
vn 0.096593 -0.025882 0.000000
vn 0.096593 -0.025882 0.000000
vn 0.096593 -0.025882 0.000000
vn 0.096593 -0.025882 0.000000
vn 0.086603 -0.050000 0.000000
vn 0.086603 -0.050000 0.000000
vn 0.070711 -0.070711 0.000000
vn 0.070711 -0.070711 0.000000
vn 0.050000 -0.086603 0.000000
vn 0.050000 -0.086603 0.000000
vn 0.025882 -0.096593 0.000000
vn 0.025882 -0.096593 0.000000
vn 0.000000 -0.100000 0.000000
vn 0.025882 -0.096593 0.000000
vn 0.000000 -0.100000 0.000000
vn 0.025882 -0.096593 0.000000
vn 0.025882 -0.096593 0.000000
vn 0.050000 -0.086603 0.000000
vn 0.050000 -0.086603 0.000000
vn 0.070711 -0.070711 0.000000
vn 0.070711 -0.070711 0.000000
vn 0.086603 -0.050000 0.000000
vn 0.086603 -0.050000 0.000000
vn 0.086603 -0.050000 0.000000
vn 0.070711 -0.070711 0.000000
vn 0.050000 -0.086603 0.000000
vn 0.000000 -0.100000 0.000000
vn 0.000000 -0.100000 0.000000
vn -0.025882 -0.096593 0.000000
vn -0.025882 -0.096593 0.000000
vn -0.025882 -0.096593 0.000000
vn -0.025882 -0.096593 0.000000
vn -0.025882 -0.096593 0.000000
vn -0.050000 -0.086603 0.000000
vn -0.050000 -0.086603 0.000000
vn -0.070711 -0.070711 0.000000
vn -0.070711 -0.070711 0.000000
vn -0.086603 -0.050000 0.000000
vn -0.086603 -0.050000 0.000000
vn -0.096593 -0.025882 0.000000
vn -0.096593 -0.025882 0.000000
vn -0.100000 -0.000000 0.000000
vn -0.096593 -0.025882 0.000000
vn -0.100000 -0.000000 0.000000
vn -0.096593 -0.025882 0.000000
vn -0.096593 -0.025882 0.000000
vn -0.086603 -0.050000 0.000000
vn -0.086603 -0.050000 0.000000
vn -0.070711 -0.070711 0.000000
vn -0.070711 -0.070711 0.000000
vn -0.050000 -0.086603 0.000000
vn -0.050000 -0.086603 0.000000
vn -0.050000 -0.086603 0.000000
vn -0.070711 -0.070711 0.000000
vn -0.086603 -0.050000 0.000000
vn -0.100000 0.000000 0.000000
vn -0.100000 0.000000 0.000000
vn -0.100000 0.000000 0.000000
vn -0.100000 0.000000 0.000000
vn -0.100000 0.000000 0.000000
vn 0.000000 0.000000 -0.100000
vn 0.000000 0.000000 -0.100000
usemtl Acier_-_Satiné
f 14/1/1 1/2/2 13/3/3
f 13/3/3 1/2/2 2/4/4
f 13/3/3 2/4/4 12/5/5
f 12/5/5 2/4/4 3/6/6
f 12/5/5 3/6/6 11/7/7
f 11/7/7 3/6/6 4/8/8
f 11/7/7 4/8/8 10/9/9
f 10/9/9 4/8/8 5/10/10
f 10/9/9 5/10/10 9/11/11
f 9/11/11 5/10/10 6/12/12
f 9/11/11 6/12/12 8/13/13
f 8/13/13 6/12/12 7/14/14
f 15/15/15 1/16/16 16/17/17
f 16/17/17 1/16/16 14/18/18
f 28/19/19 17/20/20 27/21/21
f 27/21/21 17/20/20 18/22/22
f 27/21/21 18/22/22 26/23/23
f 26/23/23 18/22/22 19/24/24
f 26/23/23 19/24/24 25/25/25
f 25/25/25 19/24/24 20/26/26
f 25/25/25 20/26/26 24/27/27
f 24/27/27 20/26/26 21/28/28
f 24/27/27 21/28/28 23/29/29
f 23/29/29 21/28/28 22/30/30
f 23/29/29 22/30/30 16/31/31
f 16/31/31 22/30/30 15/32/32
f 28/33/33 27/34/34 8/35/35
f 8/35/35 27/34/34 9/36/36
f 9/36/36 27/34/34 26/37/37
f 9/36/36 26/37/37 10/38/38
f 10/38/38 26/37/37 25/39/39
f 10/38/38 25/39/39 11/40/40
f 11/40/40 25/39/39 24/41/41
f 11/40/40 24/41/41 12/42/42
f 12/42/42 24/41/41 23/43/43
f 12/42/42 23/43/43 13/44/44
f 13/44/44 23/43/43 14/45/45
f 14/45/45 23/43/43 16/46/46
f 82/47/47 7/48/48 81/49/49
f 81/49/49 7/48/48 6/50/50
f 81/49/49 6/50/50 80/51/51
f 80/51/51 6/50/50 5/52/52
f 80/51/51 5/52/52 79/53/53
f 79/53/53 5/52/52 4/54/54
f 79/53/53 4/54/54 78/55/55
f 78/55/55 4/54/54 3/56/56
f 78/55/55 3/56/56 77/57/57
f 77/57/57 3/56/56 2/58/58
f 77/57/57 2/58/58 76/59/59
f 76/59/59 2/58/58 1/60/60
f 76/59/59 1/60/60 94/61/61
f 94/61/61 1/60/60 88/62/62
f 94/61/61 88/62/62 93/63/63
f 93/63/63 88/62/62 92/64/64
f 92/64/64 88/62/62 91/65/65
f 91/65/65 88/62/62 90/66/66
f 90/66/66 88/62/62 89/67/67
f 1/60/60 15/68/68 88/62/62
f 88/62/62 15/68/68 87/69/69
f 87/69/69 15/68/68 35/70/70
f 87/69/69 35/70/70 36/71/71
f 35/70/70 15/68/68 34/72/72
f 34/72/72 15/68/68 22/73/73
f 34/72/72 22/73/73 33/74/74
f 33/74/74 22/73/73 21/75/75
f 33/74/74 21/75/75 32/76/76
f 32/76/76 21/75/75 20/77/77
f 32/76/76 20/77/77 31/78/78
f 31/78/78 20/77/77 19/79/79
f 31/78/78 19/79/79 30/80/80
f 30/80/80 19/79/79 18/81/81
f 30/80/80 18/81/81 29/82/82
f 29/82/82 18/81/81 17/83/83
f 36/71/71 37/84/84 87/69/69
f 87/69/69 37/84/84 84/85/85
f 87/69/69 84/85/85 85/86/86
f 37/84/84 38/87/87 84/85/85
f 84/85/85 38/87/87 39/88/88
f 84/85/85 39/88/88 40/89/89
f 40/89/89 41/90/90 84/85/85
f 84/85/85 41/90/90 42/91/91
f 84/85/85 42/91/91 43/92/92
f 43/92/92 44/93/93 84/85/85
f 84/85/85 44/93/93 45/94/94
f 84/85/85 45/94/94 46/95/95
f 84/85/85 46/95/95 83/96/96
f 83/96/96 46/95/95 47/97/97
f 83/96/96 47/97/97 48/98/98
f 48/98/98 49/99/99 83/96/96
f 83/96/96 49/99/99 50/100/100
f 83/96/96 50/100/100 51/101/101
f 51/101/101 52/102/102 83/96/96
f 83/96/96 52/102/102 53/103/103
f 83/96/96 53/103/103 54/104/104
f 83/96/96 54/104/104 102/105/105
f 102/105/105 54/104/104 55/106/106
f 102/105/105 55/106/106 101/107/107
f 101/107/107 55/106/106 56/108/108
f 101/107/107 56/108/108 95/109/109
f 95/109/109 56/108/108 57/110/110
f 95/109/109 57/110/110 58/111/111
f 58/111/111 59/112/112 95/109/109
f 95/109/109 59/112/112 60/113/113
f 95/109/109 60/113/113 61/114/114
f 61/114/114 62/115/115 95/109/109
f 95/109/109 62/115/115 63/116/116
f 95/109/109 63/116/116 64/117/117
f 64/117/117 65/118/118 95/109/109
f 95/109/109 65/118/118 66/119/119
f 95/109/109 66/119/119 94/61/61
f 94/61/61 66/119/119 67/120/120
f 94/61/61 67/120/120 68/121/121
f 68/121/121 69/122/122 94/61/61
f 94/61/61 69/122/122 70/123/123
f 94/61/61 70/123/123 71/124/124
f 71/124/124 72/125/125 94/61/61
f 94/61/61 72/125/125 73/126/126
f 94/61/61 73/126/126 74/127/127
f 74/127/127 75/128/128 94/61/61
f 94/61/61 75/128/128 76/59/59
f 85/86/86 86/129/129 87/69/69
f 95/109/109 96/130/130 101/107/107
f 101/107/107 96/130/130 97/131/131
f 101/107/107 97/131/131 98/132/132
f 98/132/132 99/133/133 101/107/107
f 101/107/107 99/133/133 100/134/134
f 103/135/135 104/136/136 102/105/105
f 102/105/105 104/136/136 83/96/96
f 111/137/137 35/138/138 110/139/139
f 110/139/139 35/138/138 34/140/140
f 110/139/139 34/140/140 109/141/141
f 109/141/141 34/140/140 33/142/142
f 109/141/141 33/142/142 108/143/143
f 108/143/143 33/142/142 32/144/144
f 108/143/143 32/144/144 107/145/145
f 107/145/145 32/144/144 31/146/146
f 107/145/145 31/146/146 106/147/147
f 106/147/147 31/146/146 30/148/148
f 106/147/147 30/148/148 105/149/149
f 105/149/149 30/148/148 29/150/150
f 36/151/151 35/152/152 112/153/153
f 112/153/153 35/152/152 111/154/154
f 121/155/155 45/156/156 120/157/157
f 120/157/157 45/156/156 44/158/158
f 120/157/157 44/158/158 43/159/159
f 120/157/157 43/159/159 119/160/160
f 119/160/160 43/159/159 42/161/161
f 119/160/160 42/161/161 118/162/162
f 118/162/162 42/161/161 41/163/163
f 118/162/162 41/163/163 117/164/164
f 117/164/164 41/163/163 40/165/165
f 117/164/164 40/165/165 116/166/166
f 116/166/166 40/165/165 39/167/167
f 116/166/166 39/167/167 115/168/168
f 115/168/168 39/167/167 38/169/169
f 115/168/168 38/169/169 114/170/170
f 114/170/170 38/169/169 37/171/171
f 114/170/170 37/171/171 113/172/172
f 113/172/172 37/171/171 112/173/153
f 112/173/153 37/171/171 36/174/151
f 46/175/173 45/176/156 122/177/174
f 122/177/174 45/176/156 121/178/155
f 131/179/175 55/180/176 130/181/177
f 130/181/177 55/180/176 54/182/178
f 130/181/177 54/182/178 53/183/179
f 130/181/177 53/183/179 129/184/180
f 129/184/180 53/183/179 52/185/181
f 129/184/180 52/185/181 128/186/182
f 128/186/182 52/185/181 51/187/183
f 128/186/182 51/187/183 127/188/184
f 127/188/184 51/187/183 50/189/185
f 127/188/184 50/189/185 126/190/186
f 126/190/186 50/189/185 49/191/187
f 126/190/186 49/191/187 125/192/188
f 125/192/188 49/191/187 48/193/189
f 125/192/188 48/193/189 124/194/190
f 124/194/190 48/193/189 47/195/191
f 124/194/190 47/195/191 123/196/192
f 123/196/192 47/195/191 122/197/174
f 122/197/174 47/195/191 46/198/173
f 56/199/193 55/200/176 132/201/194
f 132/201/194 55/200/176 131/202/175
f 141/203/195 65/204/196 140/205/197
f 140/205/197 65/204/196 64/206/198
f 140/205/197 64/206/198 63/207/199
f 140/205/197 63/207/199 139/208/200
f 139/208/200 63/207/199 62/209/201
f 139/208/200 62/209/201 138/210/202
f 138/210/202 62/209/201 61/211/203
f 138/210/202 61/211/203 137/212/204
f 137/212/204 61/211/203 60/213/205
f 137/212/204 60/213/205 136/214/206
f 136/214/206 60/213/205 59/215/207
f 136/214/206 59/215/207 135/216/208
f 135/216/208 59/215/207 58/217/209
f 135/216/208 58/217/209 134/218/210
f 134/218/210 58/217/209 57/219/211
f 134/218/210 57/219/211 133/220/212
f 133/220/212 57/219/211 132/221/213
f 132/221/213 57/219/211 56/222/214
f 66/223/215 65/224/196 142/225/216
f 142/225/216 65/224/196 141/226/195
f 151/227/217 75/228/218 150/229/219
f 150/229/219 75/228/218 74/230/220
f 150/229/219 74/230/220 73/231/221
f 150/229/219 73/231/221 149/232/222
f 149/232/222 73/231/221 72/233/223
f 149/232/222 72/233/223 148/234/224
f 148/234/224 72/233/223 71/235/225
f 148/234/224 71/235/225 147/236/226
f 147/236/226 71/235/225 70/237/227
f 147/236/226 70/237/227 146/238/228
f 146/238/228 70/237/227 69/239/229
f 146/238/228 69/239/229 145/240/230
f 145/240/230 69/239/229 68/241/231
f 145/240/230 68/241/231 144/242/232
f 144/242/232 68/241/231 67/243/233
f 144/242/232 67/243/233 143/244/234
f 143/244/234 67/243/233 142/245/216
f 142/245/216 67/243/233 66/246/215
f 76/247/235 75/248/218 152/249/236
f 152/249/236 75/248/218 151/250/217
f 158/251/237 82/252/238 157/253/239
f 157/253/239 82/252/238 81/254/240
f 157/253/239 81/254/240 156/255/241
f 156/255/241 81/254/240 80/256/242
f 156/255/241 80/256/242 155/257/243
f 155/257/243 80/256/242 79/258/244
f 155/257/243 79/258/244 154/259/245
f 154/259/245 79/258/244 78/260/246
f 154/259/245 78/260/246 153/261/247
f 153/261/247 78/260/246 77/262/248
f 153/261/247 77/262/248 152/263/249
f 152/263/249 77/262/248 76/264/250
f 157/265/251 156/266/252 158/267/253
f 158/267/253 156/266/252 190/268/254
f 190/268/254 156/266/252 155/269/255
f 190/268/254 155/269/255 154/270/256
f 190/268/254 154/270/256 151/271/257
f 151/271/257 154/270/256 153/272/258
f 151/271/257 153/272/258 152/273/259
f 150/274/260 149/275/261 151/271/257
f 151/271/257 149/275/261 190/268/254
f 149/275/261 148/276/262 190/268/254
f 190/268/254 148/276/262 147/277/263
f 190/268/254 147/277/263 189/278/264
f 189/278/264 147/277/263 188/279/265
f 188/279/265 147/277/263 146/280/266
f 188/279/265 146/280/266 187/281/267
f 187/281/267 146/280/266 145/282/268
f 187/281/267 145/282/268 186/283/269
f 186/283/269 145/282/268 144/284/270
f 186/283/269 144/284/270 185/285/271
f 185/285/271 144/284/270 143/286/272
f 185/285/271 143/286/272 184/287/273
f 184/287/273 143/286/272 142/288/274
f 184/287/273 142/288/274 183/289/275
f 183/289/275 142/288/274 141/290/276
f 183/289/275 141/290/276 182/291/277
f 182/291/277 141/290/276 181/292/278
f 181/292/278 141/290/276 140/293/279
f 181/292/278 140/293/279 180/294/280
f 180/294/280 140/293/279 139/295/281
f 180/294/280 139/295/281 179/296/282
f 179/296/282 139/295/281 138/297/283
f 179/296/282 138/297/283 178/298/284
f 178/298/284 138/297/283 137/299/285
f 178/298/284 137/299/285 177/300/286
f 177/300/286 137/299/285 136/301/287
f 177/300/286 136/301/287 176/302/288
f 176/302/288 136/301/287 175/303/289
f 175/303/289 136/301/287 135/304/290
f 175/303/289 135/304/290 134/305/291
f 133/306/292 132/307/293 134/305/291
f 134/305/291 132/307/293 175/303/289
f 175/303/289 132/307/293 174/308/294
f 174/308/294 132/307/293 131/309/295
f 174/308/294 131/309/295 129/310/296
f 129/310/296 131/309/295 130/311/297
f 129/310/296 128/312/298 174/308/294
f 174/308/294 128/312/298 127/313/299
f 174/308/294 127/313/299 173/314/300
f 173/314/300 127/313/299 172/315/301
f 172/315/301 127/313/299 126/316/302
f 172/315/301 126/316/302 171/317/303
f 171/317/303 126/316/302 125/318/304
f 171/317/303 125/318/304 170/319/305
f 170/319/305 125/318/304 124/320/306
f 170/319/305 124/320/306 169/321/307
f 169/321/307 124/320/306 123/322/308
f 169/321/307 123/322/308 168/323/309
f 168/323/309 123/322/308 122/324/310
f 168/323/309 122/324/310 167/325/311
f 167/325/311 122/324/310 121/326/312
f 167/325/311 121/326/312 166/327/313
f 166/327/313 121/326/312 165/328/314
f 165/328/314 121/326/312 120/329/315
f 165/328/314 120/329/315 164/330/316
f 164/330/316 120/329/315 119/331/317
f 164/330/316 119/331/317 163/332/318
f 163/332/318 119/331/317 118/333/319
f 163/332/318 118/333/319 162/334/320
f 162/334/320 118/333/319 117/335/321
f 162/334/320 117/335/321 161/336/322
f 161/336/322 117/335/321 116/337/323
f 161/336/322 116/337/323 160/338/324
f 160/338/324 116/337/323 159/339/325
f 159/339/325 116/337/323 115/340/326
f 159/339/325 115/340/326 114/341/327
f 113/342/328 112/343/329 114/341/327
f 114/341/327 112/343/329 159/339/325
f 111/344/330 110/345/331 112/343/329
f 112/343/329 110/345/331 109/346/332
f 112/343/329 109/346/332 159/339/325
f 159/339/325 109/346/332 108/347/333
f 159/339/325 108/347/333 107/348/334
f 106/349/335 105/350/336 107/348/334
f 107/348/334 105/350/336 159/339/325
f 192/351/337 210/352/338 191/353/339
f 191/353/339 210/352/338 215/354/340
f 191/353/339 215/354/340 209/355/341
f 209/355/341 215/354/340 224/356/342
f 209/355/341 224/356/342 208/357/343
f 208/357/343 224/356/342 207/358/344
f 207/358/344 224/356/342 223/359/345
f 207/358/344 223/359/345 222/360/346
f 222/360/346 223/359/345 213/361/347
f 222/360/346 213/361/347 204/362/348
f 204/362/348 213/361/347 203/363/349
f 203/363/349 213/361/347 212/364/350
f 203/363/349 212/364/350 202/365/351
f 202/365/351 212/364/350 201/366/352
f 201/366/352 212/364/350 218/367/353
f 201/366/352 218/367/353 200/368/354
f 200/368/354 218/367/353 199/369/355
f 199/369/355 218/367/353 221/370/356
f 199/369/355 221/370/356 198/371/357
f 198/371/357 221/370/356 197/372/358
f 197/372/358 221/370/356 196/373/359
f 196/373/359 221/370/356 195/374/360
f 195/374/360 221/370/356 220/375/361
f 195/374/360 220/375/361 103/376/362
f 103/376/362 220/375/361 219/377/363
f 103/376/362 219/377/363 104/378/364
f 104/378/364 219/377/363 83/379/365
f 83/379/365 219/377/363 194/380/366
f 194/380/366 219/377/363 216/381/367
f 194/380/366 216/381/367 193/382/368
f 193/382/368 216/381/367 192/351/337
f 192/351/337 216/381/367 210/352/338
f 103/376/362 102/383/369 195/374/360
f 204/362/348 205/384/370 222/360/346
f 222/360/346 205/384/370 207/358/344
f 205/384/370 206/385/371 207/358/344
f 210/352/338 211/386/372 215/354/340
f 215/354/340 211/386/372 214/387/373
f 215/354/340 214/387/373 224/356/342
f 224/356/342 214/387/373 223/359/345
f 211/386/372 212/364/350 214/387/373
f 214/387/373 212/364/350 213/361/347
f 214/387/373 213/361/347 223/359/345
f 211/386/372 210/352/338 217/388/374
f 217/388/374 210/352/338 216/381/367
f 217/388/374 216/381/367 220/375/361
f 220/375/361 216/381/367 219/377/363
f 212/364/350 211/386/372 218/367/353
f 218/367/353 211/386/372 217/388/374
f 218/367/353 217/388/374 221/370/356
f 221/370/356 217/388/374 220/375/361
f 226/389/375 227/390/376 225/391/377
f 225/391/377 227/390/376 228/392/378
f 226/393/379 229/394/380 227/395/381
f 227/395/381 229/394/380 231/396/382
f 231/396/382 229/394/380 230/397/383
f 225/398/384 241/399/385 226/400/386
f 226/400/386 241/399/385 242/401/387
f 226/400/386 242/401/387 243/402/388
f 232/403/389 233/404/390 225/398/384
f 225/398/384 233/404/390 237/405/391
f 225/398/384 237/405/391 238/406/392
f 234/407/393 235/408/394 233/404/390
f 233/404/390 235/408/394 236/409/395
f 233/404/390 236/409/395 237/405/391
f 238/406/392 239/410/396 225/398/384
f 225/398/384 239/410/396 240/411/397
f 225/398/384 240/411/397 241/399/385
f 243/402/388 229/412/398 226/400/386
f 244/413/399 245/414/400 247/415/401
f 247/415/401 245/414/400 246/416/402
f 246/417/403 245/418/404 248/419/405
f 244/420/406 203/421/407 245/422/408
f 245/422/408 203/421/407 202/423/409
f 245/422/408 202/423/409 201/424/410
f 206/425/411 205/426/412 244/420/406
f 244/420/406 205/426/412 204/427/413
f 244/420/406 204/427/413 203/421/407
f 201/424/410 200/428/414 245/422/408
f 245/422/408 200/428/414 199/429/415
f 245/422/408 199/429/415 195/430/416
f 195/430/416 199/429/415 198/431/417
f 195/430/416 198/431/417 197/432/418
f 197/432/418 196/433/419 195/430/416
f 195/430/416 248/434/420 245/422/408
f 207/435/421 249/436/422 208/437/423
f 208/437/423 249/436/422 250/438/424
f 208/437/423 250/438/424 209/439/425
f 209/439/425 250/438/424 251/440/426
f 209/439/425 251/440/426 252/441/427
f 252/441/427 191/442/428 209/439/425
f 191/443/429 252/444/430 192/445/431
f 192/445/431 252/444/430 253/446/432
f 192/445/431 253/446/432 193/447/433
f 193/447/433 253/446/432 254/448/434
f 193/447/433 254/448/434 194/449/435
f 194/449/435 254/448/434 255/450/436
f 194/449/435 255/450/436 84/451/437
f 84/451/437 83/452/438 194/449/435
f 85/453/439 84/454/440 256/455/441
f 256/455/441 84/454/440 255/456/442
f 256/455/441 255/456/442 259/457/443
f 259/457/443 255/456/442 254/458/444
f 259/457/443 254/458/444 253/459/445
f 259/457/443 253/459/445 262/460/446
f 262/460/446 253/459/445 252/461/447
f 262/460/446 252/461/447 265/462/448
f 265/462/448 252/461/447 251/463/449
f 265/462/448 251/463/449 268/464/450
f 268/464/450 251/463/449 250/465/451
f 268/464/450 250/465/451 229/466/452
f 229/466/452 250/465/451 249/467/453
f 243/468/454 270/469/455 229/466/452
f 229/466/452 270/469/455 269/470/456
f 229/466/452 269/470/456 268/464/450
f 268/464/450 269/470/456 265/462/448
f 243/468/454 242/471/457 270/469/455
f 270/469/455 242/471/457 267/472/458
f 270/469/455 267/472/458 266/473/459
f 266/473/459 267/472/458 263/474/460
f 266/473/459 263/474/460 262/460/446
f 262/460/446 263/474/460 259/457/443
f 242/471/457 241/475/461 267/472/458
f 267/472/458 241/475/461 264/476/462
f 267/472/458 264/476/462 263/474/460
f 263/474/460 264/476/462 260/477/463
f 263/474/460 260/477/463 259/457/443
f 259/457/443 260/477/463 256/455/441
f 241/475/461 240/478/464 264/476/462
f 264/476/462 240/478/464 239/479/465
f 264/476/462 239/479/465 261/480/466
f 261/480/466 239/479/465 238/481/467
f 261/480/466 238/481/467 237/482/468
f 261/480/466 237/482/468 258/483/469
f 258/483/469 237/482/468 236/484/470
f 258/483/469 236/484/470 235/485/471
f 234/486/472 85/453/439 235/485/471
f 235/485/471 85/453/439 257/487/473
f 235/485/471 257/487/473 258/483/469
f 258/483/469 257/487/473 261/480/466
f 85/453/439 234/486/472 86/488/474
f 86/488/474 234/486/472 233/489/475
f 86/488/474 233/489/475 87/490/476
f 257/487/473 85/453/439 256/455/441
f 261/480/466 257/487/473 260/477/463
f 260/477/463 257/487/473 256/455/441
f 264/476/462 261/480/466 260/477/463
f 262/460/446 265/462/448 266/473/459
f 266/473/459 265/462/448 269/470/456
f 266/473/459 269/470/456 270/469/455
f 272/491/477 293/492/478 271/493/479
f 271/493/479 293/492/478 294/494/480
f 271/493/479 294/494/480 290/495/481
f 290/495/481 294/494/480 289/496/482
f 289/496/482 294/494/480 298/497/483
f 289/496/482 298/497/483 288/498/484
f 288/498/484 298/497/483 302/499/485
f 288/498/484 302/499/485 287/500/486
f 287/500/486 302/499/485 306/501/487
f 287/500/486 306/501/487 286/502/488
f 286/502/488 306/501/487 310/503/489
f 286/502/488 310/503/489 285/504/490
f 285/504/490 310/503/489 314/505/491
f 285/504/490 314/505/491 284/506/492
f 284/506/492 314/505/491 318/507/493
f 284/506/492 318/507/493 283/508/494
f 283/508/494 318/507/493 322/509/495
f 283/508/494 322/509/495 282/510/496
f 282/510/496 322/509/495 326/511/497
f 282/510/496 326/511/497 207/512/498
f 207/512/498 326/511/497 325/513/499
f 207/512/498 325/513/499 324/514/500
f 324/514/500 325/513/499 320/515/501
f 324/514/500 320/515/501 319/516/502
f 319/516/502 320/515/501 315/517/503
f 319/516/502 315/517/503 279/518/504
f 279/518/504 315/517/503 278/519/505
f 278/519/505 315/517/503 311/520/506
f 278/519/505 311/520/506 277/521/507
f 277/521/507 311/520/506 307/522/508
f 277/521/507 307/522/508 276/523/509
f 276/523/509 307/522/508 303/524/510
f 276/523/509 303/524/510 275/525/511
f 275/525/511 303/524/510 299/526/512
f 275/525/511 299/526/512 274/527/513
f 274/527/513 299/526/512 295/528/514
f 274/527/513 295/528/514 273/529/515
f 273/529/515 295/528/514 291/530/516
f 273/529/515 291/530/516 272/491/477
f 272/491/477 291/530/516 292/531/517
f 272/491/477 292/531/517 293/492/478
f 293/492/478 292/531/517 297/532/518
f 293/492/478 297/532/518 298/497/483
f 298/497/483 297/532/518 302/499/485
f 279/518/504 280/533/519 319/516/502
f 319/516/502 280/533/519 323/534/520
f 319/516/502 323/534/520 324/514/500
f 324/514/500 323/534/520 249/535/521
f 324/514/500 249/535/521 207/512/498
f 280/533/519 281/536/522 323/534/520
f 323/534/520 281/536/522 249/535/521
f 292/531/517 291/530/516 296/537/523
f 296/537/523 291/530/516 295/528/514
f 296/537/523 295/528/514 300/538/524
f 300/538/524 295/528/514 299/526/512
f 300/538/524 299/526/512 304/539/525
f 304/539/525 299/526/512 303/524/510
f 304/539/525 303/524/510 308/540/526
f 308/540/526 303/524/510 307/522/508
f 308/540/526 307/522/508 312/541/527
f 312/541/527 307/522/508 311/520/506
f 312/541/527 311/520/506 316/542/528
f 316/542/528 311/520/506 315/517/503
f 316/542/528 315/517/503 320/515/501
f 298/497/483 294/494/480 293/492/478
f 292/531/517 296/537/523 297/532/518
f 297/532/518 296/537/523 301/543/529
f 297/532/518 301/543/529 302/499/485
f 302/499/485 301/543/529 306/501/487
f 301/543/529 296/537/523 300/538/524
f 301/543/529 300/538/524 305/544/530
f 305/544/530 300/538/524 304/539/525
f 305/544/530 304/539/525 309/545/531
f 309/545/531 304/539/525 308/540/526
f 309/545/531 308/540/526 313/546/532
f 313/546/532 308/540/526 312/541/527
f 313/546/532 312/541/527 317/547/533
f 317/547/533 312/541/527 316/542/528
f 317/547/533 316/542/528 321/548/534
f 321/548/534 316/542/528 320/515/501
f 321/548/534 320/515/501 325/513/499
f 310/503/489 306/501/487 305/544/530
f 305/544/530 306/501/487 301/543/529
f 310/503/489 305/544/530 309/545/531
f 314/505/491 310/503/489 309/545/531
f 314/505/491 309/545/531 313/546/532
f 318/507/493 314/505/491 313/546/532
f 318/507/493 313/546/532 317/547/533
f 322/509/495 318/507/493 317/547/533
f 322/509/495 317/547/533 321/548/534
f 326/511/497 322/509/495 321/548/534
f 326/511/497 321/548/534 325/513/499
f 328/549/535 272/550/536 327/551/537
f 327/551/537 272/550/536 271/552/538
f 225/553/539 228/554/540 232/555/541
f 233/556/475 232/557/542 87/558/476
f 87/558/476 232/557/542 88/559/543
f 88/559/543 232/557/542 330/560/544
f 330/560/544 232/557/542 228/561/545
f 330/560/544 228/561/545 227/562/546
f 231/563/547 329/564/548 227/562/546
f 227/562/546 329/564/548 330/560/544
f 244/565/549 247/566/550 206/567/551
f 206/567/551 247/566/550 331/568/552
f 206/567/551 331/568/552 332/569/553
f 167/570/554 333/571/555 168/572/556
f 168/572/556 333/571/555 334/573/557
f 168/572/556 334/573/557 169/574/558
f 169/574/558 334/573/557 335/575/559
f 169/574/558 335/575/559 170/576/560
f 170/576/560 335/575/559 336/577/561
f 170/576/560 336/577/561 171/578/562
f 171/578/562 336/577/561 337/579/563
f 171/578/562 337/579/563 172/580/564
f 172/580/564 337/579/563 338/581/565
f 172/580/564 338/581/565 173/582/566
f 173/582/566 338/581/565 339/583/567
f 173/582/566 339/583/567 174/584/568
f 174/584/568 339/583/567 340/585/569
f 340/586/569 341/587/570 174/588/571
f 174/588/571 341/587/570 175/589/572
f 159/590/573 342/591/574 160/592/575
f 160/592/575 342/591/574 343/593/576
f 160/592/575 343/593/576 161/594/577
f 161/594/577 343/593/576 344/595/578
f 161/594/577 344/595/578 162/596/579
f 162/596/579 344/595/578 345/597/580
f 162/596/579 345/597/580 163/598/581
f 163/598/581 345/597/580 346/599/582
f 163/598/581 346/599/582 164/600/583
f 164/600/583 346/599/582 347/601/584
f 164/600/583 347/601/584 165/602/585
f 165/602/585 347/601/584 348/603/586
f 165/602/585 348/603/586 166/604/587
f 166/604/587 348/603/586 349/605/588
f 167/606/554 166/607/587 333/608/555
f 333/608/555 166/607/587 349/609/588
f 183/610/589 350/611/590 184/612/591
f 184/612/591 350/611/590 351/613/592
f 184/612/591 351/613/592 185/614/593
f 185/614/593 351/613/592 352/615/594
f 185/614/593 352/615/594 186/616/595
f 186/616/595 352/615/594 353/617/596
f 186/616/595 353/617/596 187/618/597
f 187/618/597 353/617/596 354/619/598
f 187/618/597 354/619/598 188/620/599
f 188/620/599 354/619/598 355/621/600
f 188/620/599 355/621/600 189/622/601
f 189/622/601 355/621/600 356/623/602
f 189/622/601 356/623/602 190/624/603
f 190/624/603 356/623/602 357/625/604
f 159/626/605 29/627/150 342/628/574
f 342/628/574 29/627/150 17/629/20
f 342/628/574 17/629/20 357/630/604
f 357/630/604 17/629/20 7/631/606
f 357/630/604 7/631/606 82/632/607
f 159/626/605 105/633/149 29/627/150
f 28/634/19 8/635/608 17/629/20
f 17/629/20 8/635/608 7/631/606
f 158/636/609 190/637/603 82/632/607
f 82/632/607 190/637/603 357/630/604
f 175/638/610 341/639/570 176/640/611
f 176/640/611 341/639/570 358/641/612
f 176/640/611 358/641/612 177/642/613
f 177/642/613 358/641/612 359/643/614
f 177/642/613 359/643/614 178/644/615
f 178/644/615 359/643/614 360/645/616
f 178/644/615 360/645/616 179/646/617
f 179/646/617 360/645/616 361/647/618
f 179/646/617 361/647/618 180/648/619
f 180/648/619 361/647/618 362/649/620
f 180/648/619 362/649/620 181/650/621
f 181/650/621 362/649/620 363/651/622
f 181/650/621 363/651/622 182/652/623
f 182/652/623 363/651/622 364/653/624
f 183/654/589 182/655/623 350/656/590
f 350/656/590 182/655/623 364/657/624
f 378/658/625 365/659/626 377/660/627
f 377/660/627 365/659/626 366/661/628
f 377/660/627 366/661/628 376/662/629
f 376/662/629 366/661/628 367/663/630
f 376/662/629 367/663/630 375/664/631
f 375/664/631 367/663/630 368/665/632
f 375/664/631 368/665/632 374/666/633
f 374/666/633 368/665/632 369/667/634
f 374/666/633 369/667/634 373/668/635
f 373/668/635 369/667/634 370/669/636
f 373/668/635 370/669/636 372/670/637
f 372/670/637 370/669/636 371/671/638
f 379/672/639 380/673/640 395/674/641
f 395/674/641 380/673/640 400/675/642
f 395/674/641 400/675/642 394/676/643
f 394/676/643 400/675/642 405/677/644
f 394/676/643 405/677/644 393/678/645
f 393/678/645 405/677/644 410/679/646
f 393/678/645 410/679/646 392/680/647
f 392/680/647 410/679/646 415/681/648
f 392/680/647 415/681/648 391/682/649
f 391/682/649 415/681/648 420/683/650
f 391/682/649 420/683/650 372/684/637
f 372/684/637 420/683/650 373/685/635
f 373/685/635 420/683/650 419/686/651
f 373/685/635 419/686/651 374/687/633
f 374/687/633 419/686/651 418/688/652
f 374/687/633 418/688/652 375/689/631
f 375/689/631 418/688/652 417/690/653
f 375/689/631 417/690/653 376/691/629
f 376/691/629 417/690/653 416/692/654
f 376/691/629 416/692/654 377/693/627
f 377/693/627 416/692/654 390/694/655
f 377/693/627 390/694/655 378/695/625
f 380/673/640 381/696/656 400/675/642
f 400/675/642 381/696/656 399/697/657
f 400/675/642 399/697/657 405/677/644
f 405/677/644 399/697/657 404/698/658
f 405/677/644 404/698/658 410/679/646
f 410/679/646 404/698/658 409/699/659
f 410/679/646 409/699/659 415/681/648
f 415/681/648 409/699/659 414/700/660
f 415/681/648 414/700/660 420/683/650
f 420/683/650 414/700/660 419/686/651
f 381/696/656 382/701/661 399/697/657
f 399/697/657 382/701/661 398/702/662
f 399/697/657 398/702/662 404/698/658
f 404/698/658 398/702/662 403/703/663
f 404/698/658 403/703/663 409/699/659
f 409/699/659 403/703/663 408/704/664
f 409/699/659 408/704/664 414/700/660
f 414/700/660 408/704/664 413/705/665
f 414/700/660 413/705/665 419/686/651
f 419/686/651 413/705/665 418/688/652
f 382/701/661 383/706/666 398/702/662
f 398/702/662 383/706/666 397/707/667
f 398/702/662 397/707/667 403/703/663
f 403/703/663 397/707/667 402/708/668
f 403/703/663 402/708/668 408/704/664
f 408/704/664 402/708/668 407/709/669
f 408/704/664 407/709/669 413/705/665
f 413/705/665 407/709/669 412/710/670
f 413/705/665 412/710/670 418/688/652
f 418/688/652 412/710/670 417/690/653
f 383/706/666 384/711/671 397/707/667
f 397/707/667 384/711/671 396/712/672
f 397/707/667 396/712/672 402/708/668
f 402/708/668 396/712/672 401/713/673
f 402/708/668 401/713/673 407/709/669
f 407/709/669 401/713/673 406/714/674
f 407/709/669 406/714/674 412/710/670
f 412/710/670 406/714/674 411/715/675
f 412/710/670 411/715/675 417/690/653
f 417/690/653 411/715/675 416/692/654
f 384/711/671 385/716/676 396/712/672
f 396/712/672 385/716/676 386/717/677
f 396/712/672 386/717/677 401/713/673
f 401/713/673 386/717/677 387/718/678
f 401/713/673 387/718/678 406/714/674
f 406/714/674 387/718/678 388/719/679
f 406/714/674 388/719/679 411/715/675
f 411/715/675 388/719/679 389/720/680
f 411/715/675 389/720/680 416/692/654
f 416/692/654 389/720/680 390/694/655
f 422/721/681 428/722/682 421/723/683
f 421/723/683 428/722/682 429/724/684
f 421/723/683 429/724/684 430/725/685
f 430/725/685 429/724/684 466/726/686
f 430/725/685 466/726/686 467/727/687
f 467/727/687 466/726/686 503/728/688
f 467/727/687 503/728/688 504/729/689
f 504/729/689 503/728/688 540/730/690
f 504/729/689 540/730/690 541/731/691
f 541/731/691 540/730/690 577/732/692
f 541/731/691 577/732/692 578/733/693
f 578/733/693 577/732/692 427/734/694
f 578/733/693 427/734/694 579/735/695
f 579/735/695 427/734/694 580/736/696
f 579/735/695 580/736/696 543/737/697
f 543/737/697 580/736/696 544/738/698
f 543/737/697 544/738/698 507/739/699
f 507/739/699 544/738/698 508/740/700
f 507/739/699 508/740/700 471/741/701
f 471/741/701 508/740/700 472/742/702
f 471/741/701 472/742/702 435/743/703
f 435/743/703 472/742/702 436/744/704
f 435/743/703 436/744/704 421/723/683
f 421/723/683 436/744/704 437/745/705
f 421/723/683 437/745/705 438/746/706
f 438/746/706 437/745/705 474/747/707
f 438/746/706 474/747/707 475/748/708
f 475/748/708 474/747/707 511/749/709
f 475/748/708 511/749/709 512/750/710
f 512/750/710 511/749/709 548/751/711
f 512/750/710 548/751/711 549/752/712
f 549/752/712 548/751/711 585/753/713
f 549/752/712 585/753/713 586/754/714
f 586/754/714 585/753/713 427/734/694
f 586/754/714 427/734/694 587/755/715
f 587/755/715 427/734/694 588/756/716
f 587/755/715 588/756/716 551/757/717
f 551/757/717 588/756/716 552/758/718
f 551/757/717 552/758/718 515/759/719
f 515/759/719 552/758/718 516/760/720
f 515/759/719 516/760/720 479/761/721
f 479/761/721 516/760/720 480/762/722
f 479/761/721 480/762/722 443/763/723
f 443/763/723 480/762/722 444/764/724
f 443/763/723 444/764/724 421/723/683
f 421/723/683 444/764/724 445/765/725
f 421/723/683 445/765/725 446/766/726
f 446/766/726 445/765/725 482/767/727
f 446/766/726 482/767/727 483/768/728
f 483/768/728 482/767/727 519/769/729
f 483/768/728 519/769/729 520/770/730
f 520/770/730 519/769/729 556/771/731
f 520/770/730 556/771/731 557/772/732
f 557/772/732 556/771/731 593/773/733
f 557/772/732 593/773/733 594/774/734
f 594/774/734 593/773/733 385/775/676
f 594/774/734 385/775/676 595/776/735
f 595/776/735 385/775/676 596/777/736
f 595/776/735 596/777/736 559/778/737
f 559/778/737 596/777/736 560/779/738
f 559/778/737 560/779/738 523/780/739
f 523/780/739 560/779/738 524/781/740
f 523/780/739 524/781/740 487/782/741
f 487/782/741 524/781/740 488/783/742
f 487/782/741 488/783/742 451/784/743
f 451/784/743 488/783/742 452/785/744
f 451/784/743 452/785/744 379/786/639
f 379/786/639 452/785/744 453/787/745
f 379/786/639 453/787/745 454/788/746
f 454/788/746 453/787/745 490/789/747
f 454/788/746 490/789/747 491/790/748
f 491/790/748 490/789/747 527/791/749
f 491/790/748 527/791/749 528/792/750
f 528/792/750 527/791/749 564/793/751
f 528/792/750 564/793/751 565/794/752
f 565/794/752 564/793/751 601/795/753
f 565/794/752 601/795/753 602/796/754
f 602/796/754 601/795/753 385/775/676
f 602/796/754 385/775/676 603/797/755
f 603/797/755 385/775/676 604/798/756
f 603/797/755 604/798/756 567/799/757
f 567/799/757 604/798/756 568/800/758
f 567/799/757 568/800/758 531/801/759
f 531/801/759 568/800/758 532/802/760
f 531/801/759 532/802/760 495/803/761
f 495/803/761 532/802/760 496/804/762
f 495/803/761 496/804/762 459/805/763
f 459/805/763 496/804/762 460/806/764
f 459/805/763 460/806/764 379/786/639
f 379/786/639 460/806/764 461/807/765
f 379/786/639 461/807/765 462/808/766
f 462/808/766 461/807/765 498/809/767
f 462/808/766 498/809/767 499/810/768
f 499/810/768 498/809/767 535/811/769
f 499/810/768 535/811/769 382/812/661
f 382/812/661 535/811/769 383/813/666
f 383/813/666 535/811/769 571/814/770
f 383/813/666 571/814/770 384/815/671
f 384/815/671 571/814/770 607/816/771
f 384/815/671 607/816/771 385/775/676
f 385/775/676 607/816/771 606/817/772
f 385/775/676 606/817/772 605/818/773
f 605/818/773 606/817/772 569/819/774
f 605/818/773 569/819/774 568/800/758
f 568/800/758 569/819/774 532/802/760
f 428/722/682 422/721/681 464/820/775
f 464/820/775 422/721/681 423/821/776
f 464/820/775 423/821/776 500/822/777
f 500/822/777 423/821/776 424/823/778
f 500/822/777 424/823/778 536/824/779
f 536/824/779 424/823/778 425/825/780
f 536/824/779 425/825/780 572/826/781
f 572/826/781 425/825/780 426/827/782
f 572/826/781 426/827/782 427/734/694
f 588/756/716 427/734/694 589/828/783
f 589/828/783 427/734/694 385/775/676
f 589/828/783 385/775/676 590/829/784
f 590/829/784 385/775/676 591/830/785
f 590/829/784 591/830/785 554/831/786
f 554/831/786 591/830/785 555/832/787
f 554/831/786 555/832/787 518/833/788
f 518/833/788 555/832/787 519/769/729
f 518/833/788 519/769/729 482/767/727
f 382/812/661 381/834/656 499/810/768
f 499/810/768 381/834/656 463/835/789
f 499/810/768 463/835/789 462/808/766
f 462/808/766 463/835/789 379/786/639
f 381/834/656 380/836/640 463/835/789
f 463/835/789 380/836/640 379/786/639
f 421/723/683 446/766/726 379/786/639
f 379/786/639 446/766/726 447/837/790
f 379/786/639 447/837/790 448/838/791
f 448/838/791 447/837/790 484/839/792
f 448/838/791 484/839/792 485/840/793
f 485/840/793 484/839/792 521/841/794
f 485/840/793 521/841/794 522/842/795
f 522/842/795 521/841/794 558/843/796
f 522/842/795 558/843/796 559/778/737
f 559/778/737 558/843/796 595/776/735
f 429/724/684 428/722/682 465/844/797
f 465/844/797 428/722/682 464/820/775
f 465/844/797 464/820/775 501/845/798
f 501/845/798 464/820/775 500/822/777
f 501/845/798 500/822/777 537/846/799
f 537/846/799 500/822/777 536/824/779
f 537/846/799 536/824/779 573/847/800
f 573/847/800 536/824/779 572/826/781
f 573/847/800 572/826/781 427/734/694
f 430/725/685 431/848/801 421/723/683
f 421/723/683 431/848/801 432/849/802
f 421/723/683 432/849/802 433/850/803
f 433/850/803 432/849/802 469/851/804
f 433/850/803 469/851/804 470/852/805
f 470/852/805 469/851/804 506/853/806
f 470/852/805 506/853/806 507/739/699
f 507/739/699 506/853/806 543/737/697
f 430/725/685 467/727/687 431/848/801
f 431/848/801 467/727/687 468/854/807
f 431/848/801 468/854/807 432/849/802
f 432/849/802 468/854/807 469/851/804
f 435/743/703 421/723/683 434/855/808
f 434/855/808 421/723/683 433/850/803
f 434/855/808 433/850/803 470/852/805
f 471/741/701 435/743/703 434/855/808
f 471/741/701 434/855/808 470/852/805
f 437/745/705 436/744/704 473/856/809
f 473/856/809 436/744/704 472/742/702
f 473/856/809 472/742/702 509/857/810
f 509/857/810 472/742/702 508/740/700
f 509/857/810 508/740/700 545/858/811
f 545/858/811 508/740/700 544/738/698
f 545/858/811 544/738/698 581/859/812
f 581/859/812 544/738/698 580/736/696
f 581/859/812 580/736/696 427/734/694
f 438/746/706 439/860/813 421/723/683
f 421/723/683 439/860/813 440/861/814
f 421/723/683 440/861/814 441/862/815
f 441/862/815 440/861/814 477/863/816
f 441/862/815 477/863/816 478/864/817
f 478/864/817 477/863/816 514/865/818
f 478/864/817 514/865/818 515/759/719
f 515/759/719 514/865/818 551/757/717
f 438/746/706 475/748/708 439/860/813
f 439/860/813 475/748/708 476/866/819
f 439/860/813 476/866/819 440/861/814
f 440/861/814 476/866/819 477/863/816
f 443/763/723 421/723/683 442/867/820
f 442/867/820 421/723/683 441/862/815
f 442/867/820 441/862/815 478/864/817
f 479/761/721 443/763/723 442/867/820
f 479/761/721 442/867/820 478/864/817
f 445/765/725 444/764/724 481/868/821
f 481/868/821 444/764/724 480/762/722
f 481/868/821 480/762/722 517/869/822
f 517/869/822 480/762/722 516/760/720
f 517/869/822 516/760/720 553/870/823
f 553/870/823 516/760/720 552/758/718
f 553/870/823 552/758/718 589/828/783
f 589/828/783 552/758/718 588/756/716
f 484/839/792 447/837/790 483/768/728
f 483/768/728 447/837/790 446/766/726
f 448/838/791 449/871/824 379/786/639
f 379/786/639 449/871/824 450/872/825
f 379/786/639 450/872/825 451/784/743
f 451/784/743 450/872/825 487/782/741
f 448/838/791 485/840/793 449/871/824
f 449/871/824 485/840/793 486/873/826
f 449/871/824 486/873/826 450/872/825
f 450/872/825 486/873/826 487/782/741
f 453/787/745 452/785/744 489/874/827
f 489/874/827 452/785/744 488/783/742
f 489/874/827 488/783/742 525/875/828
f 525/875/828 488/783/742 524/781/740
f 525/875/828 524/781/740 561/876/829
f 561/876/829 524/781/740 560/779/738
f 561/876/829 560/779/738 597/877/830
f 597/877/830 560/779/738 596/777/736
f 597/877/830 596/777/736 385/775/676
f 454/788/746 455/878/831 379/786/639
f 379/786/639 455/878/831 456/879/832
f 379/786/639 456/879/832 457/880/833
f 457/880/833 456/879/832 493/881/834
f 457/880/833 493/881/834 494/882/835
f 494/882/835 493/881/834 530/883/836
f 494/882/835 530/883/836 531/801/759
f 531/801/759 530/883/836 567/799/757
f 454/788/746 491/790/748 455/878/831
f 455/878/831 491/790/748 492/884/837
f 455/878/831 492/884/837 456/879/832
f 456/879/832 492/884/837 493/881/834
f 459/805/763 379/786/639 458/885/838
f 458/885/838 379/786/639 457/880/833
f 458/885/838 457/880/833 494/882/835
f 495/803/761 459/805/763 458/885/838
f 495/803/761 458/885/838 494/882/835
f 461/807/765 460/806/764 497/886/839
f 497/886/839 460/806/764 496/804/762
f 497/886/839 496/804/762 533/887/840
f 533/887/840 496/804/762 532/802/760
f 533/887/840 532/802/760 569/819/774
f 429/724/684 465/844/797 466/726/686
f 466/726/686 465/844/797 502/888/841
f 466/726/686 502/888/841 503/728/688
f 503/728/688 502/888/841 539/889/842
f 503/728/688 539/889/842 540/730/690
f 540/730/690 539/889/842 576/890/843
f 540/730/690 576/890/843 577/732/692
f 577/732/692 576/890/843 427/734/694
f 502/888/841 465/844/797 501/845/798
f 467/727/687 504/729/689 468/854/807
f 468/854/807 504/729/689 505/891/844
f 468/854/807 505/891/844 469/851/804
f 469/851/804 505/891/844 506/853/806
f 507/739/699 471/741/701 470/852/805
f 437/745/705 473/856/809 474/747/707
f 474/747/707 473/856/809 510/892/845
f 474/747/707 510/892/845 511/749/709
f 511/749/709 510/892/845 547/893/846
f 511/749/709 547/893/846 548/751/711
f 548/751/711 547/893/846 584/894/847
f 548/751/711 584/894/847 585/753/713
f 585/753/713 584/894/847 427/734/694
f 510/892/845 473/856/809 509/857/810
f 475/748/708 512/750/710 476/866/819
f 476/866/819 512/750/710 513/895/848
f 476/866/819 513/895/848 477/863/816
f 477/863/816 513/895/848 514/865/818
f 515/759/719 479/761/721 478/864/817
f 518/833/788 482/767/727 481/868/821
f 481/868/821 482/767/727 445/765/725
f 518/833/788 481/868/821 517/869/822
f 521/841/794 484/839/792 520/770/730
f 520/770/730 484/839/792 483/768/728
f 523/780/739 487/782/741 486/873/826
f 523/780/739 486/873/826 522/842/795
f 522/842/795 486/873/826 485/840/793
f 453/787/745 489/874/827 490/789/747
f 490/789/747 489/874/827 526/896/849
f 490/789/747 526/896/849 527/791/749
f 527/791/749 526/896/849 563/897/850
f 527/791/749 563/897/850 564/793/751
f 564/793/751 563/897/850 600/898/851
f 564/793/751 600/898/851 601/795/753
f 601/795/753 600/898/851 385/775/676
f 526/896/849 489/874/827 525/875/828
f 491/790/748 528/792/750 492/884/837
f 492/884/837 528/792/750 529/899/852
f 492/884/837 529/899/852 493/881/834
f 493/881/834 529/899/852 530/883/836
f 531/801/759 495/803/761 494/882/835
f 461/807/765 497/886/839 498/809/767
f 498/809/767 497/886/839 534/900/853
f 498/809/767 534/900/853 535/811/769
f 535/811/769 534/900/853 571/814/770
f 534/900/853 497/886/839 533/887/840
f 502/888/841 501/845/798 538/901/854
f 538/901/854 501/845/798 537/846/799
f 538/901/854 537/846/799 574/902/855
f 574/902/855 537/846/799 573/847/800
f 574/902/855 573/847/800 427/734/694
f 504/729/689 541/731/691 505/891/844
f 505/891/844 541/731/691 542/903/856
f 505/891/844 542/903/856 506/853/806
f 506/853/806 542/903/856 543/737/697
f 510/892/845 509/857/810 546/904/857
f 546/904/857 509/857/810 545/858/811
f 546/904/857 545/858/811 582/905/858
f 582/905/858 545/858/811 581/859/812
f 582/905/858 581/859/812 427/734/694
f 512/750/710 549/752/712 513/895/848
f 513/895/848 549/752/712 550/906/859
f 513/895/848 550/906/859 514/865/818
f 514/865/818 550/906/859 551/757/717
f 554/831/786 518/833/788 517/869/822
f 554/831/786 517/869/822 553/870/823
f 556/771/731 519/769/729 555/832/787
f 558/843/796 521/841/794 557/772/732
f 557/772/732 521/841/794 520/770/730
f 559/778/737 523/780/739 522/842/795
f 526/896/849 525/875/828 562/907/860
f 562/907/860 525/875/828 561/876/829
f 562/907/860 561/876/829 598/908/861
f 598/908/861 561/876/829 597/877/830
f 598/908/861 597/877/830 385/775/676
f 528/792/750 565/794/752 529/899/852
f 529/899/852 565/794/752 566/909/862
f 529/899/852 566/909/862 530/883/836
f 530/883/836 566/909/862 567/799/757
f 534/900/853 533/887/840 570/910/863
f 570/910/863 533/887/840 569/819/774
f 570/910/863 569/819/774 606/817/772
f 502/888/841 538/901/854 539/889/842
f 539/889/842 538/901/854 575/911/864
f 539/889/842 575/911/864 576/890/843
f 576/890/843 575/911/864 427/734/694
f 575/911/864 538/901/854 574/902/855
f 579/735/695 543/737/697 542/903/856
f 579/735/695 542/903/856 578/733/693
f 578/733/693 542/903/856 541/731/691
f 510/892/845 546/904/857 547/893/846
f 547/893/846 546/904/857 583/912/865
f 547/893/846 583/912/865 584/894/847
f 584/894/847 583/912/865 427/734/694
f 583/912/865 546/904/857 582/905/858
f 587/755/715 551/757/717 550/906/859
f 587/755/715 550/906/859 586/754/714
f 586/754/714 550/906/859 549/752/712
f 590/829/784 554/831/786 553/870/823
f 590/829/784 553/870/823 589/828/783
f 556/771/731 555/832/787 592/913/866
f 592/913/866 555/832/787 591/830/785
f 592/913/866 591/830/785 385/775/676
f 595/776/735 558/843/796 594/774/734
f 594/774/734 558/843/796 557/772/732
f 526/896/849 562/907/860 563/897/850
f 563/897/850 562/907/860 599/914/867
f 563/897/850 599/914/867 600/898/851
f 600/898/851 599/914/867 385/775/676
f 599/914/867 562/907/860 598/908/861
f 603/797/755 567/799/757 566/909/862
f 603/797/755 566/909/862 602/796/754
f 602/796/754 566/909/862 565/794/752
f 605/818/773 568/800/758 604/798/756
f 607/816/771 571/814/770 570/910/863
f 570/910/863 571/814/770 534/900/853
f 607/816/771 570/910/863 606/817/772
f 427/734/694 575/911/864 574/902/855
f 427/734/694 583/912/865 582/905/858
f 385/775/676 593/773/733 592/913/866
f 592/913/866 593/773/733 556/771/731
f 385/775/676 599/914/867 598/908/861
f 385/775/676 605/818/773 604/798/756
f 608/915/868 609/916/869 624/917/870
f 624/917/870 609/916/869 629/918/871
f 624/917/870 629/918/871 623/919/872
f 623/919/872 629/918/871 634/920/873
f 623/919/872 634/920/873 622/921/874
f 622/921/874 634/920/873 639/922/875
f 622/921/874 639/922/875 621/923/876
f 621/923/876 639/922/875 644/924/877
f 621/923/876 644/924/877 620/925/878
f 620/925/878 644/924/877 649/926/879
f 620/925/878 649/926/879 421/927/683
f 421/927/683 649/926/879 422/928/681
f 422/928/681 649/926/879 648/929/880
f 422/928/681 648/929/880 423/930/776
f 423/930/776 648/929/880 647/931/881
f 423/930/776 647/931/881 424/932/778
f 424/932/778 647/931/881 646/933/882
f 424/932/778 646/933/882 425/934/780
f 425/934/780 646/933/882 645/935/883
f 425/934/780 645/935/883 426/936/782
f 426/936/782 645/935/883 619/937/884
f 426/936/782 619/937/884 427/938/694
f 609/916/869 610/939/885 629/918/871
f 629/918/871 610/939/885 628/940/886
f 629/918/871 628/940/886 634/920/873
f 634/920/873 628/940/886 633/941/887
f 634/920/873 633/941/887 639/922/875
f 639/922/875 633/941/887 638/942/888
f 639/922/875 638/942/888 644/924/877
f 644/924/877 638/942/888 643/943/889
f 644/924/877 643/943/889 649/926/879
f 649/926/879 643/943/889 648/929/880
f 610/939/885 611/944/890 628/940/886
f 628/940/886 611/944/890 627/945/891
f 628/940/886 627/945/891 633/941/887
f 633/941/887 627/945/891 632/946/892
f 633/941/887 632/946/892 638/942/888
f 638/942/888 632/946/892 637/947/893
f 638/942/888 637/947/893 643/943/889
f 643/943/889 637/947/893 642/948/894
f 643/943/889 642/948/894 648/929/880
f 648/929/880 642/948/894 647/931/881
f 611/944/890 612/949/895 627/945/891
f 627/945/891 612/949/895 626/950/896
f 627/945/891 626/950/896 632/946/892
f 632/946/892 626/950/896 631/951/897
f 632/946/892 631/951/897 637/947/893
f 637/947/893 631/951/897 636/952/898
f 637/947/893 636/952/898 642/948/894
f 642/948/894 636/952/898 641/953/899
f 642/948/894 641/953/899 647/931/881
f 647/931/881 641/953/899 646/933/882
f 612/949/895 613/954/900 626/950/896
f 626/950/896 613/954/900 625/955/901
f 626/950/896 625/955/901 631/951/897
f 631/951/897 625/955/901 630/956/902
f 631/951/897 630/956/902 636/952/898
f 636/952/898 630/956/902 635/957/903
f 636/952/898 635/957/903 641/953/899
f 641/953/899 635/957/903 640/958/904
f 641/953/899 640/958/904 646/933/882
f 646/933/882 640/958/904 645/935/883
f 613/954/900 614/959/905 625/955/901
f 625/955/901 614/959/905 615/960/906
f 625/955/901 615/960/906 630/956/902
f 630/956/902 615/960/906 616/961/907
f 630/956/902 616/961/907 635/957/903
f 635/957/903 616/961/907 617/962/908
f 635/957/903 617/962/908 640/958/904
f 640/958/904 617/962/908 618/963/909
f 640/958/904 618/963/909 645/935/883
f 645/935/883 618/963/909 619/937/884
f 651/964/910 657/965/911 650/966/912
f 650/966/912 657/965/911 658/967/913
f 650/966/912 658/967/913 659/968/914
f 659/968/914 658/967/913 669/969/915
f 659/968/914 669/969/915 670/970/916
f 670/970/916 669/969/915 680/971/917
f 670/970/916 680/971/917 681/972/918
f 681/972/918 680/971/917 691/973/919
f 681/972/918 691/973/919 692/974/920
f 692/974/920 691/973/919 702/975/921
f 692/974/920 702/975/921 703/976/922
f 703/976/922 702/975/921 614/977/905
f 703/976/922 614/977/905 704/978/923
f 704/978/923 614/977/905 705/979/924
f 704/978/923 705/979/924 694/980/925
f 694/980/925 705/979/924 695/981/926
f 694/980/925 695/981/926 684/982/927
f 684/982/927 695/981/926 685/983/928
f 684/982/927 685/983/928 674/984/929
f 674/984/929 685/983/928 675/985/930
f 674/984/929 675/985/930 664/986/931
f 664/986/931 675/985/930 665/987/932
f 664/986/931 665/987/932 608/988/868
f 608/988/868 665/987/932 666/989/933
f 608/988/868 666/989/933 609/990/869
f 609/990/869 666/989/933 610/991/885
f 610/991/885 666/989/933 676/992/934
f 610/991/885 676/992/934 611/993/890
f 611/993/890 676/992/934 686/994/935
f 611/993/890 686/994/935 612/995/895
f 612/995/895 686/994/935 696/996/936
f 612/995/895 696/996/936 613/997/900
f 613/997/900 696/996/936 706/998/937
f 613/997/900 706/998/937 614/977/905
f 614/977/905 706/998/937 705/979/924
f 657/965/911 651/964/910 667/999/938
f 667/999/938 651/964/910 652/1000/939
f 667/999/938 652/1000/939 677/1001/940
f 677/1001/940 652/1000/939 653/1002/941
f 677/1001/940 653/1002/941 687/1003/942
f 687/1003/942 653/1002/941 654/1004/943
f 687/1003/942 654/1004/943 697/1005/944
f 697/1005/944 654/1004/943 655/1006/945
f 697/1005/944 655/1006/945 656/1007/946
f 614/977/905 701/1008/947 656/1007/946
f 656/1007/946 701/1008/947 700/1009/948
f 656/1007/946 700/1009/948 699/1010/949
f 699/1010/949 700/1009/948 689/1011/950
f 699/1010/949 689/1011/950 688/1012/951
f 688/1012/951 689/1011/950 678/1013/952
f 688/1012/951 678/1013/952 677/1001/940
f 677/1001/940 678/1013/952 667/999/938
f 650/966/912 662/1014/953 608/988/868
f 608/988/868 662/1014/953 663/1015/954
f 608/988/868 663/1015/954 664/986/931
f 664/986/931 663/1015/954 674/984/929
f 658/967/913 657/965/911 668/1016/955
f 668/1016/955 657/965/911 667/999/938
f 668/1016/955 667/999/938 678/1013/952
f 659/968/914 660/1017/956 650/966/912
f 650/966/912 660/1017/956 661/1018/957
f 650/966/912 661/1018/957 662/1014/953
f 662/1014/953 661/1018/957 672/1019/958
f 662/1014/953 672/1019/958 673/1020/959
f 673/1020/959 672/1019/958 683/1021/960
f 673/1020/959 683/1021/960 684/982/927
f 684/982/927 683/1021/960 694/980/925
f 659/968/914 670/970/916 660/1017/956
f 660/1017/956 670/970/916 671/1022/961
f 660/1017/956 671/1022/961 661/1018/957
f 661/1018/957 671/1022/961 672/1019/958
f 674/984/929 663/1015/954 673/1020/959
f 673/1020/959 663/1015/954 662/1014/953
f 676/992/934 666/989/933 665/987/932
f 676/992/934 665/987/932 675/985/930
f 658/967/913 668/1016/955 669/969/915
f 669/969/915 668/1016/955 679/1023/962
f 669/969/915 679/1023/962 680/971/917
f 680/971/917 679/1023/962 690/1024/963
f 680/971/917 690/1024/963 691/973/919
f 691/973/919 690/1024/963 701/1008/947
f 691/973/919 701/1008/947 702/975/921
f 702/975/921 701/1008/947 614/977/905
f 679/1023/962 668/1016/955 678/1013/952
f 670/970/916 681/972/918 671/1022/961
f 671/1022/961 681/972/918 682/1025/964
f 671/1022/961 682/1025/964 672/1019/958
f 672/1019/958 682/1025/964 683/1021/960
f 684/982/927 674/984/929 673/1020/959
f 686/994/935 676/992/934 675/985/930
f 686/994/935 675/985/930 685/983/928
f 688/1012/951 677/1001/940 687/1003/942
f 690/1024/963 679/1023/962 689/1011/950
f 689/1011/950 679/1023/962 678/1013/952
f 681/972/918 692/974/920 682/1025/964
f 682/1025/964 692/974/920 693/1026/965
f 682/1025/964 693/1026/965 683/1021/960
f 683/1021/960 693/1026/965 694/980/925
f 696/996/936 686/994/935 685/983/928
f 696/996/936 685/983/928 695/981/926
f 688/1012/951 687/1003/942 698/1027/966
f 698/1027/966 687/1003/942 697/1005/944
f 698/1027/966 697/1005/944 656/1007/946
f 701/1008/947 690/1024/963 700/1009/948
f 700/1009/948 690/1024/963 689/1011/950
f 704/978/923 694/980/925 693/1026/965
f 704/978/923 693/1026/965 703/976/922
f 703/976/922 693/1026/965 692/974/920
f 706/998/937 696/996/936 695/981/926
f 706/998/937 695/981/926 705/979/924
f 656/1007/946 699/1010/949 698/1027/966
f 698/1027/966 699/1010/949 688/1012/951
f 707/1028/967 708/1029/968 723/1030/969
f 723/1030/969 708/1029/968 728/1031/970
f 723/1030/969 728/1031/970 722/1032/971
f 722/1032/971 728/1031/970 733/1033/972
f 722/1032/971 733/1033/972 721/1034/973
f 721/1034/973 733/1033/972 738/1035/974
f 721/1034/973 738/1035/974 720/1036/975
f 720/1036/975 738/1035/974 743/1037/976
f 720/1036/975 743/1037/976 719/1038/977
f 719/1038/977 743/1037/976 748/1039/978
f 719/1038/977 748/1039/978 650/1040/912
f 650/1040/912 748/1039/978 651/1041/910
f 651/1041/910 748/1039/978 747/1042/979
f 651/1041/910 747/1042/979 652/1043/939
f 652/1043/939 747/1042/979 746/1044/980
f 652/1043/939 746/1044/980 653/1045/941
f 653/1045/941 746/1044/980 745/1046/981
f 653/1045/941 745/1046/981 654/1047/943
f 654/1047/943 745/1046/981 744/1048/982
f 654/1047/943 744/1048/982 655/1049/945
f 655/1049/945 744/1048/982 718/1050/983
f 655/1049/945 718/1050/983 656/1051/946
f 708/1029/968 709/1052/984 728/1031/970
f 728/1031/970 709/1052/984 727/1053/985
f 728/1031/970 727/1053/985 733/1033/972
f 733/1033/972 727/1053/985 732/1054/986
f 733/1033/972 732/1054/986 738/1035/974
f 738/1035/974 732/1054/986 737/1055/987
f 738/1035/974 737/1055/987 743/1037/976
f 743/1037/976 737/1055/987 742/1056/988
f 743/1037/976 742/1056/988 748/1039/978
f 748/1039/978 742/1056/988 747/1042/979
f 709/1052/984 710/1057/989 727/1053/985
f 727/1053/985 710/1057/989 726/1058/990
f 727/1053/985 726/1058/990 732/1054/986
f 732/1054/986 726/1058/990 731/1059/991
f 732/1054/986 731/1059/991 737/1055/987
f 737/1055/987 731/1059/991 736/1060/992
f 737/1055/987 736/1060/992 742/1056/988
f 742/1056/988 736/1060/992 741/1061/993
f 742/1056/988 741/1061/993 747/1042/979
f 747/1042/979 741/1061/993 746/1044/980
f 710/1057/989 711/1062/994 726/1058/990
f 726/1058/990 711/1062/994 725/1063/995
f 726/1058/990 725/1063/995 731/1059/991
f 731/1059/991 725/1063/995 730/1064/996
f 731/1059/991 730/1064/996 736/1060/992
f 736/1060/992 730/1064/996 735/1065/997
f 736/1060/992 735/1065/997 741/1061/993
f 741/1061/993 735/1065/997 740/1066/998
f 741/1061/993 740/1066/998 746/1044/980
f 746/1044/980 740/1066/998 745/1046/981
f 711/1062/994 712/1067/999 725/1063/995
f 725/1063/995 712/1067/999 724/1068/1000
f 725/1063/995 724/1068/1000 730/1064/996
f 730/1064/996 724/1068/1000 729/1069/1001
f 730/1064/996 729/1069/1001 735/1065/997
f 735/1065/997 729/1069/1001 734/1070/1002
f 735/1065/997 734/1070/1002 740/1066/998
f 740/1066/998 734/1070/1002 739/1071/1003
f 740/1066/998 739/1071/1003 745/1046/981
f 745/1046/981 739/1071/1003 744/1048/982
f 712/1067/999 713/1072/1004 724/1068/1000
f 724/1068/1000 713/1072/1004 714/1073/1005
f 724/1068/1000 714/1073/1005 729/1069/1001
f 729/1069/1001 714/1073/1005 715/1074/1006
f 729/1069/1001 715/1074/1006 734/1070/1002
f 734/1070/1002 715/1074/1006 716/1075/1007
f 734/1070/1002 716/1075/1007 739/1071/1003
f 739/1071/1003 716/1075/1007 717/1076/1008
f 739/1071/1003 717/1076/1008 744/1048/982
f 744/1048/982 717/1076/1008 718/1050/983
f 750/1077/1009 756/1078/1010 749/1079/1011
f 749/1079/1011 756/1078/1010 757/1080/1012
f 749/1079/1011 757/1080/1012 758/1081/1013
f 758/1081/1013 757/1080/1012 794/1082/1014
f 758/1081/1013 794/1082/1014 795/1083/1015
f 795/1083/1015 794/1082/1014 831/1084/1016
f 795/1083/1015 831/1084/1016 832/1085/1017
f 832/1085/1017 831/1084/1016 868/1086/1018
f 832/1085/1017 868/1086/1018 869/1087/1019
f 869/1087/1019 868/1086/1018 905/1088/1020
f 869/1087/1019 905/1088/1020 906/1089/1021
f 906/1089/1021 905/1088/1020 755/1090/1022
f 906/1089/1021 755/1090/1022 907/1091/1023
f 907/1091/1023 755/1090/1022 908/1092/1024
f 907/1091/1023 908/1092/1024 871/1093/1025
f 871/1093/1025 908/1092/1024 872/1094/1026
f 871/1093/1025 872/1094/1026 835/1095/1027
f 835/1095/1027 872/1094/1026 836/1096/1028
f 835/1095/1027 836/1096/1028 799/1097/1029
f 799/1097/1029 836/1096/1028 800/1098/1030
f 799/1097/1029 800/1098/1030 763/1099/1031
f 763/1099/1031 800/1098/1030 764/1100/1032
f 763/1099/1031 764/1100/1032 749/1079/1011
f 749/1079/1011 764/1100/1032 765/1101/1033
f 749/1079/1011 765/1101/1033 766/1102/1034
f 766/1102/1034 765/1101/1033 802/1103/1035
f 766/1102/1034 802/1103/1035 803/1104/1036
f 803/1104/1036 802/1103/1035 839/1105/1037
f 803/1104/1036 839/1105/1037 840/1106/1038
f 840/1106/1038 839/1105/1037 876/1107/1039
f 840/1106/1038 876/1107/1039 877/1108/1040
f 877/1108/1040 876/1107/1039 913/1109/1041
f 877/1108/1040 913/1109/1041 914/1110/1042
f 914/1110/1042 913/1109/1041 755/1090/1022
f 914/1110/1042 755/1090/1022 915/1111/1043
f 915/1111/1043 755/1090/1022 916/1112/1044
f 915/1111/1043 916/1112/1044 879/1113/1045
f 879/1113/1045 916/1112/1044 880/1114/1046
f 879/1113/1045 880/1114/1046 843/1115/1047
f 843/1115/1047 880/1114/1046 844/1116/1048
f 843/1115/1047 844/1116/1048 807/1117/1049
f 807/1117/1049 844/1116/1048 808/1118/1050
f 807/1117/1049 808/1118/1050 771/1119/1051
f 771/1119/1051 808/1118/1050 772/1120/1052
f 771/1119/1051 772/1120/1052 749/1079/1011
f 749/1079/1011 772/1120/1052 773/1121/1053
f 749/1079/1011 773/1121/1053 774/1122/1054
f 774/1122/1054 773/1121/1053 810/1123/1055
f 774/1122/1054 810/1123/1055 811/1124/1056
f 811/1124/1056 810/1123/1055 847/1125/1057
f 811/1124/1056 847/1125/1057 848/1126/1058
f 848/1126/1058 847/1125/1057 884/1127/1059
f 848/1126/1058 884/1127/1059 885/1128/1060
f 885/1128/1060 884/1127/1059 921/1129/1061
f 885/1128/1060 921/1129/1061 922/1130/1062
f 922/1130/1062 921/1129/1061 713/1131/1004
f 922/1130/1062 713/1131/1004 923/1132/1063
f 923/1132/1063 713/1131/1004 924/1133/1064
f 923/1132/1063 924/1133/1064 887/1134/1065
f 887/1134/1065 924/1133/1064 888/1135/1066
f 887/1134/1065 888/1135/1066 851/1136/1067
f 851/1136/1067 888/1135/1066 852/1137/1068
f 851/1136/1067 852/1137/1068 815/1138/1069
f 815/1138/1069 852/1137/1068 816/1139/1070
f 815/1138/1069 816/1139/1070 779/1140/1071
f 779/1140/1071 816/1139/1070 780/1141/1072
f 779/1140/1071 780/1141/1072 707/1142/967
f 707/1142/967 780/1141/1072 781/1143/1073
f 707/1142/967 781/1143/1073 782/1144/1074
f 782/1144/1074 781/1143/1073 818/1145/1075
f 782/1144/1074 818/1145/1075 819/1146/1076
f 819/1146/1076 818/1145/1075 855/1147/1077
f 819/1146/1076 855/1147/1077 856/1148/1078
f 856/1148/1078 855/1147/1077 892/1149/1079
f 856/1148/1078 892/1149/1079 893/1150/1080
f 893/1150/1080 892/1149/1079 929/1151/1081
f 893/1150/1080 929/1151/1081 930/1152/1082
f 930/1152/1082 929/1151/1081 713/1131/1004
f 930/1152/1082 713/1131/1004 931/1153/1083
f 931/1153/1083 713/1131/1004 932/1154/1084
f 931/1153/1083 932/1154/1084 895/1155/1085
f 895/1155/1085 932/1154/1084 896/1156/1086
f 895/1155/1085 896/1156/1086 859/1157/1087
f 859/1157/1087 896/1156/1086 860/1158/1088
f 859/1157/1087 860/1158/1088 823/1159/1089
f 823/1159/1089 860/1158/1088 824/1160/1090
f 823/1159/1089 824/1160/1090 787/1161/1091
f 787/1161/1091 824/1160/1090 788/1162/1092
f 787/1161/1091 788/1162/1092 707/1142/967
f 707/1142/967 788/1162/1092 789/1163/1093
f 707/1142/967 789/1163/1093 790/1164/1094
f 790/1164/1094 789/1163/1093 826/1165/1095
f 790/1164/1094 826/1165/1095 827/1166/1096
f 827/1166/1096 826/1165/1095 863/1167/1097
f 827/1166/1096 863/1167/1097 710/1168/989
f 710/1168/989 863/1167/1097 711/1169/994
f 711/1169/994 863/1167/1097 899/1170/1098
f 711/1169/994 899/1170/1098 712/1171/999
f 712/1171/999 899/1170/1098 935/1172/1099
f 712/1171/999 935/1172/1099 713/1131/1004
f 713/1131/1004 935/1172/1099 934/1173/1100
f 713/1131/1004 934/1173/1100 933/1174/1101
f 933/1174/1101 934/1173/1100 897/1175/1102
f 933/1174/1101 897/1175/1102 896/1156/1086
f 896/1156/1086 897/1175/1102 860/1158/1088
f 756/1078/1010 750/1077/1009 792/1176/1103
f 792/1176/1103 750/1077/1009 751/1177/1104
f 792/1176/1103 751/1177/1104 828/1178/1105
f 828/1178/1105 751/1177/1104 752/1179/1106
f 828/1178/1105 752/1179/1106 864/1180/1107
f 864/1180/1107 752/1179/1106 753/1181/1108
f 864/1180/1107 753/1181/1108 900/1182/1109
f 900/1182/1109 753/1181/1108 754/1183/1110
f 900/1182/1109 754/1183/1110 755/1090/1022
f 916/1112/1044 755/1090/1022 917/1184/1111
f 917/1184/1111 755/1090/1022 713/1131/1004
f 917/1184/1111 713/1131/1004 918/1185/1112
f 918/1185/1112 713/1131/1004 919/1186/1113
f 918/1185/1112 919/1186/1113 882/1187/1114
f 882/1187/1114 919/1186/1113 883/1188/1115
f 882/1187/1114 883/1188/1115 846/1189/1116
f 846/1189/1116 883/1188/1115 847/1125/1057
f 846/1189/1116 847/1125/1057 810/1123/1055
f 710/1168/989 709/1190/984 827/1166/1096
f 827/1166/1096 709/1190/984 791/1191/1117
f 827/1166/1096 791/1191/1117 790/1164/1094
f 790/1164/1094 791/1191/1117 707/1142/967
f 709/1190/984 708/1192/968 791/1191/1117
f 791/1191/1117 708/1192/968 707/1142/967
f 749/1079/1011 774/1122/1054 707/1142/967
f 707/1142/967 774/1122/1054 775/1193/1118
f 707/1142/967 775/1193/1118 776/1194/1119
f 776/1194/1119 775/1193/1118 812/1195/1120
f 776/1194/1119 812/1195/1120 813/1196/1121
f 813/1196/1121 812/1195/1120 849/1197/1122
f 813/1196/1121 849/1197/1122 850/1198/1123
f 850/1198/1123 849/1197/1122 886/1199/1124
f 850/1198/1123 886/1199/1124 887/1134/1065
f 887/1134/1065 886/1199/1124 923/1132/1063
f 757/1080/1012 756/1078/1010 793/1200/1125
f 793/1200/1125 756/1078/1010 792/1176/1103
f 793/1200/1125 792/1176/1103 829/1201/1126
f 829/1201/1126 792/1176/1103 828/1178/1105
f 829/1201/1126 828/1178/1105 865/1202/1127
f 865/1202/1127 828/1178/1105 864/1180/1107
f 865/1202/1127 864/1180/1107 901/1203/1128
f 901/1203/1128 864/1180/1107 900/1182/1109
f 901/1203/1128 900/1182/1109 755/1090/1022
f 758/1081/1013 759/1204/1129 749/1079/1011
f 749/1079/1011 759/1204/1129 760/1205/1130
f 749/1079/1011 760/1205/1130 761/1206/1131
f 761/1206/1131 760/1205/1130 797/1207/1132
f 761/1206/1131 797/1207/1132 798/1208/1133
f 798/1208/1133 797/1207/1132 834/1209/1134
f 798/1208/1133 834/1209/1134 835/1095/1027
f 835/1095/1027 834/1209/1134 871/1093/1025
f 758/1081/1013 795/1083/1015 759/1204/1129
f 759/1204/1129 795/1083/1015 796/1210/1135
f 759/1204/1129 796/1210/1135 760/1205/1130
f 760/1205/1130 796/1210/1135 797/1207/1132
f 763/1099/1031 749/1079/1011 762/1211/1136
f 762/1211/1136 749/1079/1011 761/1206/1131
f 762/1211/1136 761/1206/1131 798/1208/1133
f 799/1097/1029 763/1099/1031 762/1211/1136
f 799/1097/1029 762/1211/1136 798/1208/1133
f 765/1101/1033 764/1100/1032 801/1212/1137
f 801/1212/1137 764/1100/1032 800/1098/1030
f 801/1212/1137 800/1098/1030 837/1213/1138
f 837/1213/1138 800/1098/1030 836/1096/1028
f 837/1213/1138 836/1096/1028 873/1214/1139
f 873/1214/1139 836/1096/1028 872/1094/1026
f 873/1214/1139 872/1094/1026 909/1215/1140
f 909/1215/1140 872/1094/1026 908/1092/1024
f 909/1215/1140 908/1092/1024 755/1090/1022
f 766/1102/1034 767/1216/1141 749/1079/1011
f 749/1079/1011 767/1216/1141 768/1217/1142
f 749/1079/1011 768/1217/1142 769/1218/1143
f 769/1218/1143 768/1217/1142 805/1219/1144
f 769/1218/1143 805/1219/1144 806/1220/1145
f 806/1220/1145 805/1219/1144 842/1221/1146
f 806/1220/1145 842/1221/1146 843/1115/1047
f 843/1115/1047 842/1221/1146 879/1113/1045
f 766/1102/1034 803/1104/1036 767/1216/1141
f 767/1216/1141 803/1104/1036 804/1222/1147
f 767/1216/1141 804/1222/1147 768/1217/1142
f 768/1217/1142 804/1222/1147 805/1219/1144
f 771/1119/1051 749/1079/1011 770/1223/1148
f 770/1223/1148 749/1079/1011 769/1218/1143
f 770/1223/1148 769/1218/1143 806/1220/1145
f 807/1117/1049 771/1119/1051 770/1223/1148
f 807/1117/1049 770/1223/1148 806/1220/1145
f 773/1121/1053 772/1120/1052 809/1224/1149
f 809/1224/1149 772/1120/1052 808/1118/1050
f 809/1224/1149 808/1118/1050 845/1225/1150
f 845/1225/1150 808/1118/1050 844/1116/1048
f 845/1225/1150 844/1116/1048 881/1226/1151
f 881/1226/1151 844/1116/1048 880/1114/1046
f 881/1226/1151 880/1114/1046 917/1184/1111
f 917/1184/1111 880/1114/1046 916/1112/1044
f 812/1195/1120 775/1193/1118 811/1124/1056
f 811/1124/1056 775/1193/1118 774/1122/1054
f 776/1194/1119 777/1227/1152 707/1142/967
f 707/1142/967 777/1227/1152 778/1228/1153
f 707/1142/967 778/1228/1153 779/1140/1071
f 779/1140/1071 778/1228/1153 815/1138/1069
f 776/1194/1119 813/1196/1121 777/1227/1152
f 777/1227/1152 813/1196/1121 814/1229/1154
f 777/1227/1152 814/1229/1154 778/1228/1153
f 778/1228/1153 814/1229/1154 815/1138/1069
f 781/1143/1073 780/1141/1072 817/1230/1155
f 817/1230/1155 780/1141/1072 816/1139/1070
f 817/1230/1155 816/1139/1070 853/1231/1156
f 853/1231/1156 816/1139/1070 852/1137/1068
f 853/1231/1156 852/1137/1068 889/1232/1157
f 889/1232/1157 852/1137/1068 888/1135/1066
f 889/1232/1157 888/1135/1066 925/1233/1158
f 925/1233/1158 888/1135/1066 924/1133/1064
f 925/1233/1158 924/1133/1064 713/1131/1004
f 782/1144/1074 783/1234/1159 707/1142/967
f 707/1142/967 783/1234/1159 784/1235/1160
f 707/1142/967 784/1235/1160 785/1236/1161
f 785/1236/1161 784/1235/1160 821/1237/1162
f 785/1236/1161 821/1237/1162 822/1238/1163
f 822/1238/1163 821/1237/1162 858/1239/1164
f 822/1238/1163 858/1239/1164 859/1157/1087
f 859/1157/1087 858/1239/1164 895/1155/1085
f 782/1144/1074 819/1146/1076 783/1234/1159
f 783/1234/1159 819/1146/1076 820/1240/1165
f 783/1234/1159 820/1240/1165 784/1235/1160
f 784/1235/1160 820/1240/1165 821/1237/1162
f 787/1161/1091 707/1142/967 786/1241/1166
f 786/1241/1166 707/1142/967 785/1236/1161
f 786/1241/1166 785/1236/1161 822/1238/1163
f 823/1159/1089 787/1161/1091 786/1241/1166
f 823/1159/1089 786/1241/1166 822/1238/1163
f 789/1163/1093 788/1162/1092 825/1242/1167
f 825/1242/1167 788/1162/1092 824/1160/1090
f 825/1242/1167 824/1160/1090 861/1243/1168
f 861/1243/1168 824/1160/1090 860/1158/1088
f 861/1243/1168 860/1158/1088 897/1175/1102
f 757/1080/1012 793/1200/1125 794/1082/1014
f 794/1082/1014 793/1200/1125 830/1244/1169
f 794/1082/1014 830/1244/1169 831/1084/1016
f 831/1084/1016 830/1244/1169 867/1245/1170
f 831/1084/1016 867/1245/1170 868/1086/1018
f 868/1086/1018 867/1245/1170 904/1246/1171
f 868/1086/1018 904/1246/1171 905/1088/1020
f 905/1088/1020 904/1246/1171 755/1090/1022
f 830/1244/1169 793/1200/1125 829/1201/1126
f 795/1083/1015 832/1085/1017 796/1210/1135
f 796/1210/1135 832/1085/1017 833/1247/1172
f 796/1210/1135 833/1247/1172 797/1207/1132
f 797/1207/1132 833/1247/1172 834/1209/1134
f 835/1095/1027 799/1097/1029 798/1208/1133
f 765/1101/1033 801/1212/1137 802/1103/1035
f 802/1103/1035 801/1212/1137 838/1248/1173
f 802/1103/1035 838/1248/1173 839/1105/1037
f 839/1105/1037 838/1248/1173 875/1249/1174
f 839/1105/1037 875/1249/1174 876/1107/1039
f 876/1107/1039 875/1249/1174 912/1250/1175
f 876/1107/1039 912/1250/1175 913/1109/1041
f 913/1109/1041 912/1250/1175 755/1090/1022
f 838/1248/1173 801/1212/1137 837/1213/1138
f 803/1104/1036 840/1106/1038 804/1222/1147
f 804/1222/1147 840/1106/1038 841/1251/1176
f 804/1222/1147 841/1251/1176 805/1219/1144
f 805/1219/1144 841/1251/1176 842/1221/1146
f 843/1115/1047 807/1117/1049 806/1220/1145
f 846/1189/1116 810/1123/1055 809/1224/1149
f 809/1224/1149 810/1123/1055 773/1121/1053
f 846/1189/1116 809/1224/1149 845/1225/1150
f 849/1197/1122 812/1195/1120 848/1126/1058
f 848/1126/1058 812/1195/1120 811/1124/1056
f 851/1136/1067 815/1138/1069 814/1229/1154
f 851/1136/1067 814/1229/1154 850/1198/1123
f 850/1198/1123 814/1229/1154 813/1196/1121
f 781/1143/1073 817/1230/1155 818/1145/1075
f 818/1145/1075 817/1230/1155 854/1252/1177
f 818/1145/1075 854/1252/1177 855/1147/1077
f 855/1147/1077 854/1252/1177 891/1253/1178
f 855/1147/1077 891/1253/1178 892/1149/1079
f 892/1149/1079 891/1253/1178 928/1254/1179
f 892/1149/1079 928/1254/1179 929/1151/1081
f 929/1151/1081 928/1254/1179 713/1131/1004
f 854/1252/1177 817/1230/1155 853/1231/1156
f 819/1146/1076 856/1148/1078 820/1240/1165
f 820/1240/1165 856/1148/1078 857/1255/1180
f 820/1240/1165 857/1255/1180 821/1237/1162
f 821/1237/1162 857/1255/1180 858/1239/1164
f 859/1157/1087 823/1159/1089 822/1238/1163
f 789/1163/1093 825/1242/1167 826/1165/1095
f 826/1165/1095 825/1242/1167 862/1256/1181
f 826/1165/1095 862/1256/1181 863/1167/1097
f 863/1167/1097 862/1256/1181 899/1170/1098
f 862/1256/1181 825/1242/1167 861/1243/1168
f 830/1244/1169 829/1201/1126 866/1257/1182
f 866/1257/1182 829/1201/1126 865/1202/1127
f 866/1257/1182 865/1202/1127 902/1258/1183
f 902/1258/1183 865/1202/1127 901/1203/1128
f 902/1258/1183 901/1203/1128 755/1090/1022
f 832/1085/1017 869/1087/1019 833/1247/1172
f 833/1247/1172 869/1087/1019 870/1259/1184
f 833/1247/1172 870/1259/1184 834/1209/1134
f 834/1209/1134 870/1259/1184 871/1093/1025
f 838/1248/1173 837/1213/1138 874/1260/1185
f 874/1260/1185 837/1213/1138 873/1214/1139
f 874/1260/1185 873/1214/1139 910/1261/1186
f 910/1261/1186 873/1214/1139 909/1215/1140
f 910/1261/1186 909/1215/1140 755/1090/1022
f 840/1106/1038 877/1108/1040 841/1251/1176
f 841/1251/1176 877/1108/1040 878/1262/1187
f 841/1251/1176 878/1262/1187 842/1221/1146
f 842/1221/1146 878/1262/1187 879/1113/1045
f 882/1187/1114 846/1189/1116 845/1225/1150
f 882/1187/1114 845/1225/1150 881/1226/1151
f 884/1127/1059 847/1125/1057 883/1188/1115
f 886/1199/1124 849/1197/1122 885/1128/1060
f 885/1128/1060 849/1197/1122 848/1126/1058
f 887/1134/1065 851/1136/1067 850/1198/1123
f 854/1252/1177 853/1231/1156 890/1263/1188
f 890/1263/1188 853/1231/1156 889/1232/1157
f 890/1263/1188 889/1232/1157 926/1264/1189
f 926/1264/1189 889/1232/1157 925/1233/1158
f 926/1264/1189 925/1233/1158 713/1131/1004
f 856/1148/1078 893/1150/1080 857/1255/1180
f 857/1255/1180 893/1150/1080 894/1265/1190
f 857/1255/1180 894/1265/1190 858/1239/1164
f 858/1239/1164 894/1265/1190 895/1155/1085
f 862/1256/1181 861/1243/1168 898/1266/1191
f 898/1266/1191 861/1243/1168 897/1175/1102
f 898/1266/1191 897/1175/1102 934/1173/1100
f 830/1244/1169 866/1257/1182 867/1245/1170
f 867/1245/1170 866/1257/1182 903/1267/1192
f 867/1245/1170 903/1267/1192 904/1246/1171
f 904/1246/1171 903/1267/1192 755/1090/1022
f 903/1267/1192 866/1257/1182 902/1258/1183
f 907/1091/1023 871/1093/1025 870/1259/1184
f 907/1091/1023 870/1259/1184 906/1089/1021
f 906/1089/1021 870/1259/1184 869/1087/1019
f 838/1248/1173 874/1260/1185 875/1249/1174
f 875/1249/1174 874/1260/1185 911/1268/1193
f 875/1249/1174 911/1268/1193 912/1250/1175
f 912/1250/1175 911/1268/1193 755/1090/1022
f 911/1268/1193 874/1260/1185 910/1261/1186
f 915/1111/1043 879/1113/1045 878/1262/1187
f 915/1111/1043 878/1262/1187 914/1110/1042
f 914/1110/1042 878/1262/1187 877/1108/1040
f 918/1185/1112 882/1187/1114 881/1226/1151
f 918/1185/1112 881/1226/1151 917/1184/1111
f 884/1127/1059 883/1188/1115 920/1269/1194
f 920/1269/1194 883/1188/1115 919/1186/1113
f 920/1269/1194 919/1186/1113 713/1131/1004
f 923/1132/1063 886/1199/1124 922/1130/1062
f 922/1130/1062 886/1199/1124 885/1128/1060
f 854/1252/1177 890/1263/1188 891/1253/1178
f 891/1253/1178 890/1263/1188 927/1270/1195
f 891/1253/1178 927/1270/1195 928/1254/1179
f 928/1254/1179 927/1270/1195 713/1131/1004
f 927/1270/1195 890/1263/1188 926/1264/1189
f 931/1153/1083 895/1155/1085 894/1265/1190
f 931/1153/1083 894/1265/1190 930/1152/1082
f 930/1152/1082 894/1265/1190 893/1150/1080
f 933/1174/1101 896/1156/1086 932/1154/1084
f 935/1172/1099 899/1170/1098 898/1266/1191
f 898/1266/1191 899/1170/1098 862/1256/1181
f 935/1172/1099 898/1266/1191 934/1173/1100
f 755/1090/1022 903/1267/1192 902/1258/1183
f 755/1090/1022 911/1268/1193 910/1261/1186
f 713/1131/1004 921/1129/1061 920/1269/1194
f 920/1269/1194 921/1129/1061 884/1127/1059
f 713/1131/1004 927/1270/1195 926/1264/1189
f 713/1131/1004 933/1174/1101 932/1154/1084
f 936/1271/1196 937/1272/1197 952/1273/1198
f 952/1273/1198 937/1272/1197 957/1274/1199
f 952/1273/1198 957/1274/1199 951/1275/1200
f 951/1275/1200 957/1274/1199 962/1276/1201
f 951/1275/1200 962/1276/1201 950/1277/1202
f 950/1277/1202 962/1276/1201 967/1278/1203
f 950/1277/1202 967/1278/1203 949/1279/1204
f 949/1279/1204 967/1278/1203 972/1280/1205
f 949/1279/1204 972/1280/1205 948/1281/1206
f 948/1281/1206 972/1280/1205 977/1282/1207
f 948/1281/1206 977/1282/1207 749/1283/1011
f 749/1283/1011 977/1282/1207 750/1284/1009
f 750/1284/1009 977/1282/1207 976/1285/1208
f 750/1284/1009 976/1285/1208 751/1286/1104
f 751/1286/1104 976/1285/1208 975/1287/1209
f 751/1286/1104 975/1287/1209 752/1288/1106
f 752/1288/1106 975/1287/1209 974/1289/1210
f 752/1288/1106 974/1289/1210 753/1290/1108
f 753/1290/1108 974/1289/1210 973/1291/1211
f 753/1290/1108 973/1291/1211 754/1292/1110
f 754/1292/1110 973/1291/1211 947/1293/1212
f 754/1292/1110 947/1293/1212 755/1294/1022
f 937/1272/1197 938/1295/1213 957/1274/1199
f 957/1274/1199 938/1295/1213 956/1296/1214
f 957/1274/1199 956/1296/1214 962/1276/1201
f 962/1276/1201 956/1296/1214 961/1297/1215
f 962/1276/1201 961/1297/1215 967/1278/1203
f 967/1278/1203 961/1297/1215 966/1298/1216
f 967/1278/1203 966/1298/1216 972/1280/1205
f 972/1280/1205 966/1298/1216 971/1299/1217
f 972/1280/1205 971/1299/1217 977/1282/1207
f 977/1282/1207 971/1299/1217 976/1285/1208
f 938/1295/1213 939/1300/1218 956/1296/1214
f 956/1296/1214 939/1300/1218 955/1301/1219
f 956/1296/1214 955/1301/1219 961/1297/1215
f 961/1297/1215 955/1301/1219 960/1302/1220
f 961/1297/1215 960/1302/1220 966/1298/1216
f 966/1298/1216 960/1302/1220 965/1303/1221
f 966/1298/1216 965/1303/1221 971/1299/1217
f 971/1299/1217 965/1303/1221 970/1304/1222
f 971/1299/1217 970/1304/1222 976/1285/1208
f 976/1285/1208 970/1304/1222 975/1287/1209
f 939/1300/1218 940/1305/1223 955/1301/1219
f 955/1301/1219 940/1305/1223 954/1306/1224
f 955/1301/1219 954/1306/1224 960/1302/1220
f 960/1302/1220 954/1306/1224 959/1307/1225
f 960/1302/1220 959/1307/1225 965/1303/1221
f 965/1303/1221 959/1307/1225 964/1308/1226
f 965/1303/1221 964/1308/1226 970/1304/1222
f 970/1304/1222 964/1308/1226 969/1309/1227
f 970/1304/1222 969/1309/1227 975/1287/1209
f 975/1287/1209 969/1309/1227 974/1289/1210
f 940/1305/1223 941/1310/1228 954/1306/1224
f 954/1306/1224 941/1310/1228 953/1311/1229
f 954/1306/1224 953/1311/1229 959/1307/1225
f 959/1307/1225 953/1311/1229 958/1312/1230
f 959/1307/1225 958/1312/1230 964/1308/1226
f 964/1308/1226 958/1312/1230 963/1313/1231
f 964/1308/1226 963/1313/1231 969/1309/1227
f 969/1309/1227 963/1313/1231 968/1314/1232
f 969/1309/1227 968/1314/1232 974/1289/1210
f 974/1289/1210 968/1314/1232 973/1291/1211
f 941/1310/1228 942/1315/1233 953/1311/1229
f 953/1311/1229 942/1315/1233 943/1316/1234
f 953/1311/1229 943/1316/1234 958/1312/1230
f 958/1312/1230 943/1316/1234 944/1317/1235
f 958/1312/1230 944/1317/1235 963/1313/1231
f 963/1313/1231 944/1317/1235 945/1318/1236
f 963/1313/1231 945/1318/1236 968/1314/1232
f 968/1314/1232 945/1318/1236 946/1319/1237
f 968/1314/1232 946/1319/1237 973/1291/1211
f 973/1291/1211 946/1319/1237 947/1293/1212
f 936/1320/1196 978/1321/1238 937/1322/1197
f 937/1322/1197 978/1321/1238 979/1323/1239
f 937/1322/1197 979/1323/1239 938/1324/1213
f 938/1324/1213 979/1323/1239 980/1325/1240
f 938/1324/1213 980/1325/1240 939/1326/1218
f 939/1326/1218 980/1325/1240 981/1327/1241
f 939/1326/1218 981/1327/1241 940/1328/1223
f 940/1328/1223 981/1327/1241 982/1329/1242
f 940/1328/1223 982/1329/1242 941/1330/1228
f 941/1330/1228 982/1329/1242 983/1331/1243
f 941/1330/1228 983/1331/1243 942/1332/1233
f 942/1332/1233 983/1331/1243 984/1333/1244
f 978/1334/1238 936/1335/1196 986/1336/1245
f 986/1336/1245 936/1335/1196 985/1337/1246
f 936/1338/1196 952/1339/1198 985/1340/1246
f 985/1340/1246 952/1339/1198 331/1341/1247
f 331/1341/1247 952/1339/1198 994/1342/1248
f 331/1341/1247 994/1342/1248 995/1343/1249
f 995/1343/1249 994/1342/1248 998/1344/1250
f 995/1343/1249 998/1344/1250 999/1345/1251
f 999/1345/1251 998/1344/1250 1002/1346/1252
f 999/1345/1251 1002/1346/1252 990/1347/1253
f 990/1347/1253 1002/1346/1252 989/1348/1254
f 989/1348/1254 1002/1346/1252 1005/1349/1255
f 989/1348/1254 1005/1349/1255 988/1350/1256
f 988/1350/1256 1005/1349/1255 1008/1351/1257
f 988/1350/1256 1008/1351/1257 987/1352/1258
f 987/1352/1258 1008/1351/1257 1007/1353/1259
f 987/1352/1258 1007/1353/1259 749/1354/1011
f 749/1354/1011 1007/1353/1259 1006/1355/1260
f 749/1354/1011 1006/1355/1260 948/1356/1206
f 948/1356/1206 1006/1355/1260 949/1357/1204
f 949/1357/1204 1006/1355/1260 1003/1358/1261
f 949/1357/1204 1003/1358/1261 950/1359/1202
f 950/1359/1202 1003/1358/1261 1000/1360/1262
f 950/1359/1202 1000/1360/1262 951/1361/1200
f 951/1361/1200 1000/1360/1262 997/1362/1263
f 951/1361/1200 997/1362/1263 952/1339/1198
f 952/1339/1198 997/1362/1263 994/1342/1248
f 990/1347/1253 991/1363/1264 999/1345/1251
f 999/1345/1251 991/1363/1264 996/1364/1265
f 999/1345/1251 996/1364/1265 995/1343/1249
f 995/1343/1249 996/1364/1265 993/1365/1266
f 995/1343/1249 993/1365/1266 331/1341/1247
f 991/1363/1264 992/1366/1267 996/1364/1265
f 996/1364/1265 992/1366/1267 993/1365/1266
f 998/1344/1250 994/1342/1248 997/1362/1263
f 998/1344/1250 997/1362/1263 1001/1367/1268
f 1001/1367/1268 997/1362/1263 1000/1360/1262
f 1001/1367/1268 1000/1360/1262 1004/1368/1269
f 1004/1368/1269 1000/1360/1262 1003/1358/1261
f 1004/1368/1269 1003/1358/1261 1007/1353/1259
f 1007/1353/1259 1003/1358/1261 1006/1355/1260
f 1005/1349/1255 1002/1346/1252 1001/1367/1268
f 1001/1367/1268 1002/1346/1252 998/1344/1250
f 1005/1349/1255 1001/1367/1268 1004/1368/1269
f 1008/1351/1257 1005/1349/1255 1004/1368/1269
f 1008/1351/1257 1004/1368/1269 1007/1353/1259
f 749/1369/1011 707/1370/967 987/1371/1258
f 987/1371/1258 707/1370/967 1009/1372/1270
f 723/1373/969 1016/1374/1271 707/1375/967
f 707/1375/967 1016/1374/1271 1017/1376/1272
f 707/1375/967 1017/1376/1272 1009/1377/1270
f 1009/1377/1270 1017/1376/1272 1018/1378/1273
f 1009/1377/1270 1018/1378/1273 1015/1379/1274
f 1015/1379/1274 1018/1378/1273 1014/1380/1275
f 1014/1380/1275 1018/1378/1273 1021/1381/1276
f 1014/1380/1275 1021/1381/1276 1013/1382/1277
f 1013/1382/1277 1021/1381/1276 1024/1383/1278
f 1013/1382/1277 1024/1383/1278 1012/1384/1279
f 1012/1384/1279 1024/1383/1278 1027/1385/1280
f 1012/1384/1279 1027/1385/1280 1011/1386/1281
f 1011/1386/1281 1027/1385/1280 1030/1387/1282
f 1011/1386/1281 1030/1387/1282 1010/1388/1283
f 1010/1388/1283 1030/1387/1282 1029/1389/1284
f 1010/1388/1283 1029/1389/1284 650/1390/912
f 650/1390/912 1029/1389/1284 1028/1391/1285
f 650/1390/912 1028/1391/1285 719/1392/977
f 719/1392/977 1028/1391/1285 720/1393/975
f 720/1393/975 1028/1391/1285 1025/1394/1286
f 720/1393/975 1025/1394/1286 721/1395/973
f 721/1395/973 1025/1394/1286 1022/1396/1287
f 721/1395/973 1022/1396/1287 722/1397/971
f 722/1397/971 1022/1396/1287 1019/1398/1288
f 722/1397/971 1019/1398/1288 723/1373/969
f 723/1373/969 1019/1398/1288 1016/1374/1271
f 1021/1381/1276 1018/1378/1273 1017/1376/1272
f 1017/1376/1272 1016/1374/1271 1020/1399/1289
f 1020/1399/1289 1016/1374/1271 1019/1398/1288
f 1020/1399/1289 1019/1398/1288 1023/1400/1290
f 1023/1400/1290 1019/1398/1288 1022/1396/1287
f 1023/1400/1290 1022/1396/1287 1026/1401/1291
f 1026/1401/1291 1022/1396/1287 1025/1394/1286
f 1026/1401/1291 1025/1394/1286 1029/1389/1284
f 1029/1389/1284 1025/1394/1286 1028/1391/1285
f 1024/1383/1278 1021/1381/1276 1020/1399/1289
f 1020/1399/1289 1021/1381/1276 1017/1376/1272
f 1024/1383/1278 1020/1399/1289 1023/1400/1290
f 1027/1385/1280 1024/1383/1278 1023/1400/1290
f 1027/1385/1280 1023/1400/1290 1026/1401/1291
f 1030/1387/1282 1027/1385/1280 1026/1401/1291
f 1030/1387/1282 1026/1401/1291 1029/1389/1284
f 650/1402/912 608/1403/868 1010/1404/1283
f 1010/1404/1283 608/1403/868 1031/1405/1292
f 624/1406/870 1038/1407/1293 608/1408/868
f 608/1408/868 1038/1407/1293 1039/1409/1294
f 608/1408/868 1039/1409/1294 1031/1410/1292
f 1031/1410/1292 1039/1409/1294 1040/1411/1295
f 1031/1410/1292 1040/1411/1295 1037/1412/1296
f 1037/1412/1296 1040/1411/1295 1036/1413/1297
f 1036/1413/1297 1040/1411/1295 1043/1414/1298
f 1036/1413/1297 1043/1414/1298 1035/1415/1299
f 1035/1415/1299 1043/1414/1298 1046/1416/1300
f 1035/1415/1299 1046/1416/1300 1034/1417/1301
f 1034/1417/1301 1046/1416/1300 1049/1418/1302
f 1034/1417/1301 1049/1418/1302 1033/1419/1303
f 1033/1419/1303 1049/1418/1302 1052/1420/1304
f 1033/1419/1303 1052/1420/1304 1032/1421/1305
f 1032/1421/1305 1052/1420/1304 1051/1422/1306
f 1032/1421/1305 1051/1422/1306 421/1423/683
f 421/1423/683 1051/1422/1306 1050/1424/1307
f 421/1423/683 1050/1424/1307 620/1425/878
f 620/1425/878 1050/1424/1307 621/1426/876
f 621/1426/876 1050/1424/1307 1047/1427/1308
f 621/1426/876 1047/1427/1308 622/1428/874
f 622/1428/874 1047/1427/1308 1044/1429/1309
f 622/1428/874 1044/1429/1309 623/1430/872
f 623/1430/872 1044/1429/1309 1041/1431/1310
f 623/1430/872 1041/1431/1310 624/1406/870
f 624/1406/870 1041/1431/1310 1038/1407/1293
f 1043/1414/1298 1040/1411/1295 1039/1409/1294
f 1039/1409/1294 1038/1407/1293 1042/1432/1311
f 1042/1432/1311 1038/1407/1293 1041/1431/1310
f 1042/1432/1311 1041/1431/1310 1045/1433/1312
f 1045/1433/1312 1041/1431/1310 1044/1429/1309
f 1045/1433/1312 1044/1429/1309 1048/1434/1313
f 1048/1434/1313 1044/1429/1309 1047/1427/1308
f 1048/1434/1313 1047/1427/1308 1051/1422/1306
f 1051/1422/1306 1047/1427/1308 1050/1424/1307
f 1046/1416/1300 1043/1414/1298 1042/1432/1311
f 1042/1432/1311 1043/1414/1298 1039/1409/1294
f 1046/1416/1300 1042/1432/1311 1045/1433/1312
f 1049/1418/1302 1046/1416/1300 1045/1433/1312
f 1049/1418/1302 1045/1433/1312 1048/1434/1313
f 1052/1420/1304 1049/1418/1302 1048/1434/1313
f 1052/1420/1304 1048/1434/1313 1051/1422/1306
f 421/1435/683 379/1436/639 1032/1437/1305
f 1032/1437/1305 379/1436/639 1053/1438/1314
f 395/1439/641 1060/1440/1315 379/1441/639
f 379/1441/639 1060/1440/1315 1061/1442/1316
f 379/1441/639 1061/1442/1316 1053/1443/1314
f 1053/1443/1314 1061/1442/1316 1062/1444/1317
f 1053/1443/1314 1062/1444/1317 1059/1445/1318
f 1059/1445/1318 1062/1444/1317 1058/1446/1319
f 1058/1446/1319 1062/1444/1317 1065/1447/1320
f 1058/1446/1319 1065/1447/1320 1057/1448/1321
f 1057/1448/1321 1065/1447/1320 1068/1449/1322
f 1057/1448/1321 1068/1449/1322 1056/1450/1323
f 1056/1450/1323 1068/1449/1322 1071/1451/1324
f 1056/1450/1323 1071/1451/1324 1055/1452/1325
f 1055/1452/1325 1071/1451/1324 1074/1453/1326
f 1055/1452/1325 1074/1453/1326 1054/1454/1327
f 1054/1454/1327 1074/1453/1326 1073/1455/1328
f 1054/1454/1327 1073/1455/1328 231/1456/1329
f 231/1456/1329 1073/1455/1328 1072/1457/1330
f 231/1456/1329 1072/1457/1330 391/1458/649
f 391/1458/649 1072/1457/1330 392/1459/647
f 392/1459/647 1072/1457/1330 1069/1460/1331
f 392/1459/647 1069/1460/1331 393/1461/645
f 393/1461/645 1069/1460/1331 1066/1462/1332
f 393/1461/645 1066/1462/1332 394/1463/643
f 394/1463/643 1066/1462/1332 1063/1464/1333
f 394/1463/643 1063/1464/1333 395/1439/641
f 395/1439/641 1063/1464/1333 1060/1440/1315
f 372/1465/637 329/1466/1334 391/1458/649
f 391/1458/649 329/1466/1334 231/1456/1329
f 1065/1447/1320 1062/1444/1317 1061/1442/1316
f 1061/1442/1316 1060/1440/1315 1064/1467/1335
f 1064/1467/1335 1060/1440/1315 1063/1464/1333
f 1064/1467/1335 1063/1464/1333 1067/1468/1336
f 1067/1468/1336 1063/1464/1333 1066/1462/1332
f 1067/1468/1336 1066/1462/1332 1070/1469/1337
f 1070/1469/1337 1066/1462/1332 1069/1460/1331
f 1070/1469/1337 1069/1460/1331 1073/1455/1328
f 1073/1455/1328 1069/1460/1331 1072/1457/1330
f 1068/1449/1322 1065/1447/1320 1064/1467/1335
f 1064/1467/1335 1065/1447/1320 1061/1442/1316
f 1068/1449/1322 1064/1467/1335 1067/1468/1336
f 1071/1451/1324 1068/1449/1322 1067/1468/1336
f 1071/1451/1324 1067/1468/1336 1070/1469/1337
f 1074/1453/1326 1071/1451/1324 1070/1469/1337
f 1074/1453/1326 1070/1469/1337 1073/1455/1328
f 372/1470/637 371/1471/638 329/1472/1334
f 329/1472/1334 371/1471/638 1075/1473/1338
f 370/1474/1339 1076/1475/1340 371/1476/1341
f 371/1476/1341 1076/1475/1340 1077/1477/1342
f 371/1476/1341 1077/1477/1342 1075/1478/1343
f 370/1474/1339 369/1479/1344 1076/1475/1340
f 1076/1475/1340 369/1479/1344 365/1480/1345
f 365/1480/1345 369/1479/1344 368/1481/1346
f 365/1480/1345 368/1481/1346 367/1482/1347
f 367/1482/1347 366/1483/1348 365/1480/1345
f 1079/1484/1349 1090/1485/1350 1078/1486/1351
f 1078/1486/1351 1090/1485/1350 1091/1487/1352
f 1078/1486/1351 1091/1487/1352 1092/1488/1353
f 1092/1488/1353 1091/1487/1352 1102/1489/1354
f 1092/1488/1353 1102/1489/1354 1103/1490/1355
f 1103/1490/1355 1102/1489/1354 1113/1491/1356
f 1103/1490/1355 1113/1491/1356 1114/1492/1357
f 1114/1492/1357 1113/1491/1356 1124/1493/1358
f 1114/1492/1357 1124/1493/1358 1125/1494/1359
f 1125/1494/1359 1124/1493/1358 1135/1495/1360
f 1125/1494/1359 1135/1495/1360 1136/1496/1361
f 1136/1496/1361 1135/1495/1360 993/1497/1266
f 1136/1496/1361 993/1497/1266 1137/1498/1362
f 1137/1498/1362 993/1497/1266 1138/1499/1363
f 1137/1498/1362 1138/1499/1363 1127/1500/1364
f 1127/1500/1364 1138/1499/1363 1128/1501/1365
f 1127/1500/1364 1128/1501/1365 1117/1502/1366
f 1117/1502/1366 1128/1501/1365 1118/1503/1367
f 1117/1502/1366 1118/1503/1367 1107/1504/1368
f 1107/1504/1368 1118/1503/1367 1108/1505/1369
f 1107/1504/1368 1108/1505/1369 1097/1506/1370
f 1097/1506/1370 1108/1505/1369 1098/1507/1371
f 1097/1506/1370 1098/1507/1371 1089/1508/1372
f 1089/1508/1372 1098/1507/1371 1099/1509/1373
f 1089/1508/1372 1099/1509/1373 1088/1510/1374
f 1088/1510/1374 1099/1509/1373 1087/1511/1375
f 1087/1511/1375 1099/1509/1373 1109/1512/1376
f 1087/1511/1375 1109/1512/1376 1086/1513/1377
f 1086/1513/1377 1109/1512/1376 1119/1514/1378
f 1086/1513/1377 1119/1514/1378 1085/1515/1379
f 1085/1515/1379 1119/1514/1378 1129/1516/1380
f 1085/1515/1379 1129/1516/1380 1084/1517/1381
f 1084/1517/1381 1129/1516/1380 1139/1518/1382
f 1084/1517/1381 1139/1518/1382 993/1497/1266
f 993/1497/1266 1139/1518/1382 1138/1499/1363
f 1090/1485/1350 1079/1484/1349 1100/1519/1383
f 1100/1519/1383 1079/1484/1349 1080/1520/1384
f 1100/1519/1383 1080/1520/1384 1110/1521/1385
f 1110/1521/1385 1080/1520/1384 1081/1522/1386
f 1110/1521/1385 1081/1522/1386 1120/1523/1387
f 1120/1523/1387 1081/1522/1386 1082/1524/1388
f 1120/1523/1387 1082/1524/1388 1130/1525/1389
f 1130/1525/1389 1082/1524/1388 1083/1526/1390
f 1130/1525/1389 1083/1526/1390 1054/1527/1327
f 993/1497/1266 1134/1528/1391 1054/1527/1327
f 1054/1527/1327 1134/1528/1391 1133/1529/1392
f 1054/1527/1327 1133/1529/1392 1132/1530/1393
f 1132/1530/1393 1133/1529/1392 1122/1531/1394
f 1132/1530/1393 1122/1531/1394 1121/1532/1395
f 1121/1532/1395 1122/1531/1394 1111/1533/1396
f 1121/1532/1395 1111/1533/1396 1110/1521/1385
f 1110/1521/1385 1111/1533/1396 1100/1519/1383
f 1078/1486/1351 1095/1534/1397 1089/1508/1372
f 1089/1508/1372 1095/1534/1397 1096/1535/1398
f 1089/1508/1372 1096/1535/1398 1097/1506/1370
f 1097/1506/1370 1096/1535/1398 1107/1504/1368
f 1091/1487/1352 1090/1485/1350 1101/1536/1399
f 1101/1536/1399 1090/1485/1350 1100/1519/1383
f 1101/1536/1399 1100/1519/1383 1111/1533/1396
f 1092/1488/1353 1093/1537/1400 1078/1486/1351
f 1078/1486/1351 1093/1537/1400 1094/1538/1401
f 1078/1486/1351 1094/1538/1401 1095/1534/1397
f 1095/1534/1397 1094/1538/1401 1105/1539/1402
f 1095/1534/1397 1105/1539/1402 1106/1540/1403
f 1106/1540/1403 1105/1539/1402 1116/1541/1404
f 1106/1540/1403 1116/1541/1404 1117/1502/1366
f 1117/1502/1366 1116/1541/1404 1127/1500/1364
f 1092/1488/1353 1103/1490/1355 1093/1537/1400
f 1093/1537/1400 1103/1490/1355 1104/1542/1405
f 1093/1537/1400 1104/1542/1405 1094/1538/1401
f 1094/1538/1401 1104/1542/1405 1105/1539/1402
f 1107/1504/1368 1096/1535/1398 1106/1540/1403
f 1106/1540/1403 1096/1535/1398 1095/1534/1397
f 1109/1512/1376 1099/1509/1373 1098/1507/1371
f 1109/1512/1376 1098/1507/1371 1108/1505/1369
f 1091/1487/1352 1101/1536/1399 1102/1489/1354
f 1102/1489/1354 1101/1536/1399 1112/1543/1406
f 1102/1489/1354 1112/1543/1406 1113/1491/1356
f 1113/1491/1356 1112/1543/1406 1123/1544/1407
f 1113/1491/1356 1123/1544/1407 1124/1493/1358
f 1124/1493/1358 1123/1544/1407 1134/1528/1391
f 1124/1493/1358 1134/1528/1391 1135/1495/1360
f 1135/1495/1360 1134/1528/1391 993/1497/1266
f 1112/1543/1406 1101/1536/1399 1111/1533/1396
f 1103/1490/1355 1114/1492/1357 1104/1542/1405
f 1104/1542/1405 1114/1492/1357 1115/1545/1408
f 1104/1542/1405 1115/1545/1408 1105/1539/1402
f 1105/1539/1402 1115/1545/1408 1116/1541/1404
f 1117/1502/1366 1107/1504/1368 1106/1540/1403
f 1119/1514/1378 1109/1512/1376 1108/1505/1369
f 1119/1514/1378 1108/1505/1369 1118/1503/1367
f 1121/1532/1395 1110/1521/1385 1120/1523/1387
f 1123/1544/1407 1112/1543/1406 1122/1531/1394
f 1122/1531/1394 1112/1543/1406 1111/1533/1396
f 1114/1492/1357 1125/1494/1359 1115/1545/1408
f 1115/1545/1408 1125/1494/1359 1126/1546/1409
f 1115/1545/1408 1126/1546/1409 1116/1541/1404
f 1116/1541/1404 1126/1546/1409 1127/1500/1364
f 1129/1516/1380 1119/1514/1378 1118/1503/1367
f 1129/1516/1380 1118/1503/1367 1128/1501/1365
f 1121/1532/1395 1120/1523/1387 1131/1547/1410
f 1131/1547/1410 1120/1523/1387 1130/1525/1389
f 1131/1547/1410 1130/1525/1389 1054/1527/1327
f 1134/1528/1391 1123/1544/1407 1133/1529/1392
f 1133/1529/1392 1123/1544/1407 1122/1531/1394
f 1137/1498/1362 1127/1500/1364 1126/1546/1409
f 1137/1498/1362 1126/1546/1409 1136/1496/1361
f 1136/1496/1361 1126/1546/1409 1125/1494/1359
f 1139/1518/1382 1129/1516/1380 1128/1501/1365
f 1139/1518/1382 1128/1501/1365 1138/1499/1363
f 1054/1527/1327 1132/1530/1393 1131/1547/1410
f 1131/1547/1410 1132/1530/1393 1121/1532/1395
f 987/1548/1258 1140/1549/1411 988/1550/1256
f 988/1550/1256 1140/1549/1411 1155/1551/1412
f 988/1550/1256 1155/1551/1412 989/1552/1254
f 989/1552/1254 1155/1551/1412 1160/1553/1413
f 989/1552/1254 1160/1553/1413 990/1554/1253
f 990/1554/1253 1160/1553/1413 1165/1555/1414
f 990/1554/1253 1165/1555/1414 991/1556/1264
f 991/1556/1264 1165/1555/1414 1170/1557/1415
f 991/1556/1264 1170/1557/1415 992/1558/1267
f 992/1558/1267 1170/1557/1415 1175/1559/1416
f 992/1558/1267 1175/1559/1416 993/1560/1266
f 993/1560/1266 1175/1559/1416 1084/1561/1381
f 1084/1561/1381 1175/1559/1416 1174/1562/1417
f 1084/1561/1381 1174/1562/1417 1085/1563/1379
f 1085/1563/1379 1174/1562/1417 1173/1564/1418
f 1085/1563/1379 1173/1564/1418 1086/1565/1377
f 1086/1565/1377 1173/1564/1418 1172/1566/1419
f 1086/1565/1377 1172/1566/1419 1087/1567/1375
f 1087/1567/1375 1172/1566/1419 1171/1568/1420
f 1087/1567/1375 1171/1568/1420 1088/1569/1374
f 1088/1569/1374 1171/1568/1420 1150/1570/1421
f 1088/1569/1374 1150/1570/1421 1089/1571/1372
f 1140/1549/1411 1141/1572/1422 1155/1551/1412
f 1155/1551/1412 1141/1572/1422 1154/1573/1423
f 1155/1551/1412 1154/1573/1423 1160/1553/1413
f 1160/1553/1413 1154/1573/1423 1159/1574/1424
f 1160/1553/1413 1159/1574/1424 1165/1555/1414
f 1165/1555/1414 1159/1574/1424 1164/1575/1425
f 1165/1555/1414 1164/1575/1425 1170/1557/1415
f 1170/1557/1415 1164/1575/1425 1169/1576/1426
f 1170/1557/1415 1169/1576/1426 1175/1559/1416
f 1175/1559/1416 1169/1576/1426 1174/1562/1417
f 1141/1572/1422 1142/1577/1427 1154/1573/1423
f 1154/1573/1423 1142/1577/1427 1153/1578/1428
f 1154/1573/1423 1153/1578/1428 1159/1574/1424
f 1159/1574/1424 1153/1578/1428 1158/1579/1429
f 1159/1574/1424 1158/1579/1429 1164/1575/1425
f 1164/1575/1425 1158/1579/1429 1163/1580/1430
f 1164/1575/1425 1163/1580/1430 1169/1576/1426
f 1169/1576/1426 1163/1580/1430 1168/1581/1431
f 1169/1576/1426 1168/1581/1431 1174/1562/1417
f 1174/1562/1417 1168/1581/1431 1173/1564/1418
f 1142/1577/1427 1143/1582/1432 1153/1578/1428
f 1153/1578/1428 1143/1582/1432 1152/1583/1433
f 1153/1578/1428 1152/1583/1433 1158/1579/1429
f 1158/1579/1429 1152/1583/1433 1157/1584/1434
f 1158/1579/1429 1157/1584/1434 1163/1580/1430
f 1163/1580/1430 1157/1584/1434 1162/1585/1435
f 1163/1580/1430 1162/1585/1435 1168/1581/1431
f 1168/1581/1431 1162/1585/1435 1167/1586/1436
f 1168/1581/1431 1167/1586/1436 1173/1564/1418
f 1173/1564/1418 1167/1586/1436 1172/1566/1419
f 1143/1582/1432 1144/1587/1437 1152/1583/1433
f 1152/1583/1433 1144/1587/1437 1151/1588/1438
f 1152/1583/1433 1151/1588/1438 1157/1584/1434
f 1157/1584/1434 1151/1588/1438 1156/1589/1439
f 1157/1584/1434 1156/1589/1439 1162/1585/1435
f 1162/1585/1435 1156/1589/1439 1161/1590/1440
f 1162/1585/1435 1161/1590/1440 1167/1586/1436
f 1167/1586/1436 1161/1590/1440 1166/1591/1441
f 1167/1586/1436 1166/1591/1441 1172/1566/1419
f 1172/1566/1419 1166/1591/1441 1171/1568/1420
f 1144/1587/1437 1145/1592/1442 1151/1588/1438
f 1151/1588/1438 1145/1592/1442 1146/1593/1443
f 1151/1588/1438 1146/1593/1443 1156/1589/1439
f 1156/1589/1439 1146/1593/1443 1147/1594/1444
f 1156/1589/1439 1147/1594/1444 1161/1590/1440
f 1161/1590/1440 1147/1594/1444 1148/1595/1445
f 1161/1590/1440 1148/1595/1445 1166/1591/1441
f 1166/1591/1441 1148/1595/1445 1149/1596/1446
f 1166/1591/1441 1149/1596/1446 1171/1568/1420
f 1171/1568/1420 1149/1596/1446 1150/1570/1421
f 1176/1597/1447 1182/1598/1448 1009/1599/1270
f 1009/1599/1270 1182/1598/1448 1183/1600/1449
f 1009/1599/1270 1183/1600/1449 1184/1601/1450
f 1184/1601/1450 1183/1600/1449 1220/1602/1451
f 1184/1601/1450 1220/1602/1451 1221/1603/1452
f 1221/1603/1452 1220/1602/1451 1257/1604/1453
f 1221/1603/1452 1257/1604/1453 1258/1605/1454
f 1258/1605/1454 1257/1604/1453 1294/1606/1455
f 1258/1605/1454 1294/1606/1455 1295/1607/1456
f 1295/1607/1456 1294/1606/1455 1331/1608/1457
f 1295/1607/1456 1331/1608/1457 1332/1609/1458
f 1332/1609/1458 1331/1608/1457 1181/1610/1459
f 1332/1609/1458 1181/1610/1459 1333/1611/1460
f 1333/1611/1460 1181/1610/1459 1334/1612/1461
f 1333/1611/1460 1334/1612/1461 1297/1613/1462
f 1297/1613/1462 1334/1612/1461 1298/1614/1463
f 1297/1613/1462 1298/1614/1463 1261/1615/1464
f 1261/1615/1464 1298/1614/1463 1262/1616/1465
f 1261/1615/1464 1262/1616/1465 1225/1617/1466
f 1225/1617/1466 1262/1616/1465 1226/1618/1467
f 1225/1617/1466 1226/1618/1467 1189/1619/1468
f 1189/1619/1468 1226/1618/1467 1190/1620/1469
f 1189/1619/1468 1190/1620/1469 1009/1599/1270
f 1009/1599/1270 1190/1620/1469 1191/1621/1470
f 1009/1599/1270 1191/1621/1470 1192/1622/1471
f 1192/1622/1471 1191/1621/1470 1228/1623/1472
f 1192/1622/1471 1228/1623/1472 1229/1624/1473
f 1229/1624/1473 1228/1623/1472 1265/1625/1474
f 1229/1624/1473 1265/1625/1474 1266/1626/1475
f 1266/1626/1475 1265/1625/1474 1302/1627/1476
f 1266/1626/1475 1302/1627/1476 1303/1628/1477
f 1303/1628/1477 1302/1627/1476 1339/1629/1478
f 1303/1628/1477 1339/1629/1478 1340/1630/1479
f 1340/1630/1479 1339/1629/1478 1181/1610/1459
f 1340/1630/1479 1181/1610/1459 1341/1631/1480
f 1341/1631/1480 1181/1610/1459 1342/1632/1481
f 1341/1631/1480 1342/1632/1481 1305/1633/1482
f 1305/1633/1482 1342/1632/1481 1306/1634/1483
f 1305/1633/1482 1306/1634/1483 1269/1635/1484
f 1269/1635/1484 1306/1634/1483 1270/1636/1485
f 1269/1635/1484 1270/1636/1485 1233/1637/1486
f 1233/1637/1486 1270/1636/1485 1234/1638/1487
f 1233/1637/1486 1234/1638/1487 1197/1639/1488
f 1197/1639/1488 1234/1638/1487 1198/1640/1489
f 1197/1639/1488 1198/1640/1489 1009/1599/1270
f 1009/1599/1270 1198/1640/1489 1199/1641/1490
f 1009/1599/1270 1199/1641/1490 1200/1642/1491
f 1200/1642/1491 1199/1641/1490 1236/1643/1492
f 1200/1642/1491 1236/1643/1492 1237/1644/1493
f 1237/1644/1493 1236/1643/1492 1273/1645/1494
f 1237/1644/1493 1273/1645/1494 1274/1646/1495
f 1274/1646/1495 1273/1645/1494 1310/1647/1496
f 1274/1646/1495 1310/1647/1496 1311/1648/1497
f 1311/1648/1497 1310/1647/1496 1347/1649/1498
f 1311/1648/1497 1347/1649/1498 1348/1650/1499
f 1348/1650/1499 1347/1649/1498 1145/1651/1442
f 1348/1650/1499 1145/1651/1442 1349/1652/1500
f 1349/1652/1500 1145/1651/1442 1350/1653/1501
f 1349/1652/1500 1350/1653/1501 1313/1654/1502
f 1313/1654/1502 1350/1653/1501 1314/1655/1503
f 1313/1654/1502 1314/1655/1503 1277/1656/1504
f 1277/1656/1504 1314/1655/1503 1278/1657/1505
f 1277/1656/1504 1278/1657/1505 1241/1658/1506
f 1241/1658/1506 1278/1657/1505 1242/1659/1507
f 1241/1658/1506 1242/1659/1507 1205/1660/1508
f 1205/1660/1508 1242/1659/1507 1206/1661/1509
f 1205/1660/1508 1206/1661/1509 987/1662/1258
f 987/1662/1258 1206/1661/1509 1207/1663/1510
f 987/1662/1258 1207/1663/1510 1208/1664/1511
f 1208/1664/1511 1207/1663/1510 1244/1665/1512
f 1208/1664/1511 1244/1665/1512 1245/1666/1513
f 1245/1666/1513 1244/1665/1512 1281/1667/1514
f 1245/1666/1513 1281/1667/1514 1282/1668/1515
f 1282/1668/1515 1281/1667/1514 1318/1669/1516
f 1282/1668/1515 1318/1669/1516 1319/1670/1517
f 1319/1670/1517 1318/1669/1516 1355/1671/1518
f 1319/1670/1517 1355/1671/1518 1356/1672/1519
f 1356/1672/1519 1355/1671/1518 1145/1651/1442
f 1356/1672/1519 1145/1651/1442 1357/1673/1520
f 1357/1673/1520 1145/1651/1442 1358/1674/1521
f 1357/1673/1520 1358/1674/1521 1321/1675/1522
f 1321/1675/1522 1358/1674/1521 1322/1676/1523
f 1321/1675/1522 1322/1676/1523 1285/1677/1524
f 1285/1677/1524 1322/1676/1523 1286/1678/1525
f 1285/1677/1524 1286/1678/1525 1249/1679/1526
f 1249/1679/1526 1286/1678/1525 1250/1680/1527
f 1249/1679/1526 1250/1680/1527 1213/1681/1528
f 1213/1681/1528 1250/1680/1527 1214/1682/1529
f 1213/1681/1528 1214/1682/1529 987/1662/1258
f 987/1662/1258 1214/1682/1529 1215/1683/1530
f 987/1662/1258 1215/1683/1530 1216/1684/1531
f 1216/1684/1531 1215/1683/1530 1252/1685/1532
f 1216/1684/1531 1252/1685/1532 1253/1686/1533
f 1253/1686/1533 1252/1685/1532 1289/1687/1534
f 1253/1686/1533 1289/1687/1534 1142/1688/1427
f 1142/1688/1427 1289/1687/1534 1143/1689/1432
f 1143/1689/1432 1289/1687/1534 1325/1690/1535
f 1143/1689/1432 1325/1690/1535 1144/1691/1437
f 1144/1691/1437 1325/1690/1535 1361/1692/1536
f 1144/1691/1437 1361/1692/1536 1145/1651/1442
f 1145/1651/1442 1361/1692/1536 1360/1693/1537
f 1145/1651/1442 1360/1693/1537 1359/1694/1538
f 1359/1694/1538 1360/1693/1537 1323/1695/1539
f 1359/1694/1538 1323/1695/1539 1322/1676/1523
f 1322/1676/1523 1323/1695/1539 1286/1678/1525
f 1182/1598/1448 1176/1597/1447 1218/1696/1540
f 1218/1696/1540 1176/1597/1447 1177/1697/1541
f 1218/1696/1540 1177/1697/1541 1254/1698/1542
f 1254/1698/1542 1177/1697/1541 1178/1699/1543
f 1254/1698/1542 1178/1699/1543 1290/1700/1544
f 1290/1700/1544 1178/1699/1543 1179/1701/1545
f 1290/1700/1544 1179/1701/1545 1326/1702/1546
f 1326/1702/1546 1179/1701/1545 1180/1703/1547
f 1326/1702/1546 1180/1703/1547 1181/1610/1459
f 1342/1632/1481 1181/1610/1459 1343/1704/1548
f 1343/1704/1548 1181/1610/1459 1145/1651/1442
f 1343/1704/1548 1145/1651/1442 1344/1705/1549
f 1344/1705/1549 1145/1651/1442 1345/1706/1550
f 1344/1705/1549 1345/1706/1550 1308/1707/1551
f 1308/1707/1551 1345/1706/1550 1309/1708/1552
f 1308/1707/1551 1309/1708/1552 1272/1709/1553
f 1272/1709/1553 1309/1708/1552 1273/1645/1494
f 1272/1709/1553 1273/1645/1494 1236/1643/1492
f 1142/1688/1427 1141/1710/1422 1253/1686/1533
f 1253/1686/1533 1141/1710/1422 1217/1711/1554
f 1253/1686/1533 1217/1711/1554 1216/1684/1531
f 1216/1684/1531 1217/1711/1554 987/1662/1258
f 1141/1710/1422 1140/1712/1411 1217/1711/1554
f 1217/1711/1554 1140/1712/1411 987/1662/1258
f 1009/1599/1270 1200/1642/1491 987/1662/1258
f 987/1662/1258 1200/1642/1491 1201/1713/1555
f 987/1662/1258 1201/1713/1555 1202/1714/1556
f 1202/1714/1556 1201/1713/1555 1238/1715/1557
f 1202/1714/1556 1238/1715/1557 1239/1716/1558
f 1239/1716/1558 1238/1715/1557 1275/1717/1559
f 1239/1716/1558 1275/1717/1559 1276/1718/1560
f 1276/1718/1560 1275/1717/1559 1312/1719/1561
f 1276/1718/1560 1312/1719/1561 1313/1654/1502
f 1313/1654/1502 1312/1719/1561 1349/1652/1500
f 1183/1600/1449 1182/1598/1448 1219/1720/1562
f 1219/1720/1562 1182/1598/1448 1218/1696/1540
f 1219/1720/1562 1218/1696/1540 1255/1721/1563
f 1255/1721/1563 1218/1696/1540 1254/1698/1542
f 1255/1721/1563 1254/1698/1542 1291/1722/1564
f 1291/1722/1564 1254/1698/1542 1290/1700/1544
f 1291/1722/1564 1290/1700/1544 1327/1723/1565
f 1327/1723/1565 1290/1700/1544 1326/1702/1546
f 1327/1723/1565 1326/1702/1546 1181/1610/1459
f 1184/1601/1450 1185/1724/1566 1009/1599/1270
f 1009/1599/1270 1185/1724/1566 1186/1725/1567
f 1009/1599/1270 1186/1725/1567 1187/1726/1568
f 1187/1726/1568 1186/1725/1567 1223/1727/1569
f 1187/1726/1568 1223/1727/1569 1224/1728/1570
f 1224/1728/1570 1223/1727/1569 1260/1729/1571
f 1224/1728/1570 1260/1729/1571 1261/1615/1464
f 1261/1615/1464 1260/1729/1571 1297/1613/1462
f 1184/1601/1450 1221/1603/1452 1185/1724/1566
f 1185/1724/1566 1221/1603/1452 1222/1730/1572
f 1185/1724/1566 1222/1730/1572 1186/1725/1567
f 1186/1725/1567 1222/1730/1572 1223/1727/1569
f 1189/1619/1468 1009/1599/1270 1188/1731/1573
f 1188/1731/1573 1009/1599/1270 1187/1726/1568
f 1188/1731/1573 1187/1726/1568 1224/1728/1570
f 1225/1617/1466 1189/1619/1468 1188/1731/1573
f 1225/1617/1466 1188/1731/1573 1224/1728/1570
f 1191/1621/1470 1190/1620/1469 1227/1732/1574
f 1227/1732/1574 1190/1620/1469 1226/1618/1467
f 1227/1732/1574 1226/1618/1467 1263/1733/1575
f 1263/1733/1575 1226/1618/1467 1262/1616/1465
f 1263/1733/1575 1262/1616/1465 1299/1734/1576
f 1299/1734/1576 1262/1616/1465 1298/1614/1463
f 1299/1734/1576 1298/1614/1463 1335/1735/1577
f 1335/1735/1577 1298/1614/1463 1334/1612/1461
f 1335/1735/1577 1334/1612/1461 1181/1610/1459
f 1192/1622/1471 1193/1736/1578 1009/1599/1270
f 1009/1599/1270 1193/1736/1578 1194/1737/1579
f 1009/1599/1270 1194/1737/1579 1195/1738/1580
f 1195/1738/1580 1194/1737/1579 1231/1739/1581
f 1195/1738/1580 1231/1739/1581 1232/1740/1582
f 1232/1740/1582 1231/1739/1581 1268/1741/1583
f 1232/1740/1582 1268/1741/1583 1269/1635/1484
f 1269/1635/1484 1268/1741/1583 1305/1633/1482
f 1192/1622/1471 1229/1624/1473 1193/1736/1578
f 1193/1736/1578 1229/1624/1473 1230/1742/1584
f 1193/1736/1578 1230/1742/1584 1194/1737/1579
f 1194/1737/1579 1230/1742/1584 1231/1739/1581
f 1197/1639/1488 1009/1599/1270 1196/1743/1585
f 1196/1743/1585 1009/1599/1270 1195/1738/1580
f 1196/1743/1585 1195/1738/1580 1232/1740/1582
f 1233/1637/1486 1197/1639/1488 1196/1743/1585
f 1233/1637/1486 1196/1743/1585 1232/1740/1582
f 1199/1641/1490 1198/1640/1489 1235/1744/1586
f 1235/1744/1586 1198/1640/1489 1234/1638/1487
f 1235/1744/1586 1234/1638/1487 1271/1745/1587
f 1271/1745/1587 1234/1638/1487 1270/1636/1485
f 1271/1745/1587 1270/1636/1485 1307/1746/1588
f 1307/1746/1588 1270/1636/1485 1306/1634/1483
f 1307/1746/1588 1306/1634/1483 1343/1704/1548
f 1343/1704/1548 1306/1634/1483 1342/1632/1481
f 1238/1715/1557 1201/1713/1555 1237/1644/1493
f 1237/1644/1493 1201/1713/1555 1200/1642/1491
f 1202/1714/1556 1203/1747/1589 987/1662/1258
f 987/1662/1258 1203/1747/1589 1204/1748/1590
f 987/1662/1258 1204/1748/1590 1205/1660/1508
f 1205/1660/1508 1204/1748/1590 1241/1658/1506
f 1202/1714/1556 1239/1716/1558 1203/1747/1589
f 1203/1747/1589 1239/1716/1558 1240/1749/1591
f 1203/1747/1589 1240/1749/1591 1204/1748/1590
f 1204/1748/1590 1240/1749/1591 1241/1658/1506
f 1207/1663/1510 1206/1661/1509 1243/1750/1592
f 1243/1750/1592 1206/1661/1509 1242/1659/1507
f 1243/1750/1592 1242/1659/1507 1279/1751/1593
f 1279/1751/1593 1242/1659/1507 1278/1657/1505
f 1279/1751/1593 1278/1657/1505 1315/1752/1594
f 1315/1752/1594 1278/1657/1505 1314/1655/1503
f 1315/1752/1594 1314/1655/1503 1351/1753/1595
f 1351/1753/1595 1314/1655/1503 1350/1653/1501
f 1351/1753/1595 1350/1653/1501 1145/1651/1442
f 1208/1664/1511 1209/1754/1596 987/1662/1258
f 987/1662/1258 1209/1754/1596 1210/1755/1597
f 987/1662/1258 1210/1755/1597 1211/1756/1598
f 1211/1756/1598 1210/1755/1597 1247/1757/1599
f 1211/1756/1598 1247/1757/1599 1248/1758/1600
f 1248/1758/1600 1247/1757/1599 1284/1759/1601
f 1248/1758/1600 1284/1759/1601 1285/1677/1524
f 1285/1677/1524 1284/1759/1601 1321/1675/1522
f 1208/1664/1511 1245/1666/1513 1209/1754/1596
f 1209/1754/1596 1245/1666/1513 1246/1760/1602
f 1209/1754/1596 1246/1760/1602 1210/1755/1597
f 1210/1755/1597 1246/1760/1602 1247/1757/1599
f 1213/1681/1528 987/1662/1258 1212/1761/1603
f 1212/1761/1603 987/1662/1258 1211/1756/1598
f 1212/1761/1603 1211/1756/1598 1248/1758/1600
f 1249/1679/1526 1213/1681/1528 1212/1761/1603
f 1249/1679/1526 1212/1761/1603 1248/1758/1600
f 1215/1683/1530 1214/1682/1529 1251/1762/1604
f 1251/1762/1604 1214/1682/1529 1250/1680/1527
f 1251/1762/1604 1250/1680/1527 1287/1763/1605
f 1287/1763/1605 1250/1680/1527 1286/1678/1525
f 1287/1763/1605 1286/1678/1525 1323/1695/1539
f 1183/1600/1449 1219/1720/1562 1220/1602/1451
f 1220/1602/1451 1219/1720/1562 1256/1764/1606
f 1220/1602/1451 1256/1764/1606 1257/1604/1453
f 1257/1604/1453 1256/1764/1606 1293/1765/1607
f 1257/1604/1453 1293/1765/1607 1294/1606/1455
f 1294/1606/1455 1293/1765/1607 1330/1766/1608
f 1294/1606/1455 1330/1766/1608 1331/1608/1457
f 1331/1608/1457 1330/1766/1608 1181/1610/1459
f 1256/1764/1606 1219/1720/1562 1255/1721/1563
f 1221/1603/1452 1258/1605/1454 1222/1730/1572
f 1222/1730/1572 1258/1605/1454 1259/1767/1609
f 1222/1730/1572 1259/1767/1609 1223/1727/1569
f 1223/1727/1569 1259/1767/1609 1260/1729/1571
f 1261/1615/1464 1225/1617/1466 1224/1728/1570
f 1191/1621/1470 1227/1732/1574 1228/1623/1472
f 1228/1623/1472 1227/1732/1574 1264/1768/1610
f 1228/1623/1472 1264/1768/1610 1265/1625/1474
f 1265/1625/1474 1264/1768/1610 1301/1769/1611
f 1265/1625/1474 1301/1769/1611 1302/1627/1476
f 1302/1627/1476 1301/1769/1611 1338/1770/1612
f 1302/1627/1476 1338/1770/1612 1339/1629/1478
f 1339/1629/1478 1338/1770/1612 1181/1610/1459
f 1264/1768/1610 1227/1732/1574 1263/1733/1575
f 1229/1624/1473 1266/1626/1475 1230/1742/1584
f 1230/1742/1584 1266/1626/1475 1267/1771/1613
f 1230/1742/1584 1267/1771/1613 1231/1739/1581
f 1231/1739/1581 1267/1771/1613 1268/1741/1583
f 1269/1635/1484 1233/1637/1486 1232/1740/1582
f 1272/1709/1553 1236/1643/1492 1235/1744/1586
f 1235/1744/1586 1236/1643/1492 1199/1641/1490
f 1272/1709/1553 1235/1744/1586 1271/1745/1587
f 1275/1717/1559 1238/1715/1557 1274/1646/1495
f 1274/1646/1495 1238/1715/1557 1237/1644/1493
f 1277/1656/1504 1241/1658/1506 1240/1749/1591
f 1277/1656/1504 1240/1749/1591 1276/1718/1560
f 1276/1718/1560 1240/1749/1591 1239/1716/1558
f 1207/1663/1510 1243/1750/1592 1244/1665/1512
f 1244/1665/1512 1243/1750/1592 1280/1772/1614
f 1244/1665/1512 1280/1772/1614 1281/1667/1514
f 1281/1667/1514 1280/1772/1614 1317/1773/1615
f 1281/1667/1514 1317/1773/1615 1318/1669/1516
f 1318/1669/1516 1317/1773/1615 1354/1774/1616
f 1318/1669/1516 1354/1774/1616 1355/1671/1518
f 1355/1671/1518 1354/1774/1616 1145/1651/1442
f 1280/1772/1614 1243/1750/1592 1279/1751/1593
f 1245/1666/1513 1282/1668/1515 1246/1760/1602
f 1246/1760/1602 1282/1668/1515 1283/1775/1617
f 1246/1760/1602 1283/1775/1617 1247/1757/1599
f 1247/1757/1599 1283/1775/1617 1284/1759/1601
f 1285/1677/1524 1249/1679/1526 1248/1758/1600
f 1215/1683/1530 1251/1762/1604 1252/1685/1532
f 1252/1685/1532 1251/1762/1604 1288/1776/1618
f 1252/1685/1532 1288/1776/1618 1289/1687/1534
f 1289/1687/1534 1288/1776/1618 1325/1690/1535
f 1288/1776/1618 1251/1762/1604 1287/1763/1605
f 1256/1764/1606 1255/1721/1563 1292/1777/1619
f 1292/1777/1619 1255/1721/1563 1291/1722/1564
f 1292/1777/1619 1291/1722/1564 1328/1778/1620
f 1328/1778/1620 1291/1722/1564 1327/1723/1565
f 1328/1778/1620 1327/1723/1565 1181/1610/1459
f 1258/1605/1454 1295/1607/1456 1259/1767/1609
f 1259/1767/1609 1295/1607/1456 1296/1779/1621
f 1259/1767/1609 1296/1779/1621 1260/1729/1571
f 1260/1729/1571 1296/1779/1621 1297/1613/1462
f 1264/1768/1610 1263/1733/1575 1300/1780/1622
f 1300/1780/1622 1263/1733/1575 1299/1734/1576
f 1300/1780/1622 1299/1734/1576 1336/1781/1623
f 1336/1781/1623 1299/1734/1576 1335/1735/1577
f 1336/1781/1623 1335/1735/1577 1181/1610/1459
f 1266/1626/1475 1303/1628/1477 1267/1771/1613
f 1267/1771/1613 1303/1628/1477 1304/1782/1624
f 1267/1771/1613 1304/1782/1624 1268/1741/1583
f 1268/1741/1583 1304/1782/1624 1305/1633/1482
f 1308/1707/1551 1272/1709/1553 1271/1745/1587
f 1308/1707/1551 1271/1745/1587 1307/1746/1588
f 1310/1647/1496 1273/1645/1494 1309/1708/1552
f 1312/1719/1561 1275/1717/1559 1311/1648/1497
f 1311/1648/1497 1275/1717/1559 1274/1646/1495
f 1313/1654/1502 1277/1656/1504 1276/1718/1560
f 1280/1772/1614 1279/1751/1593 1316/1783/1625
f 1316/1783/1625 1279/1751/1593 1315/1752/1594
f 1316/1783/1625 1315/1752/1594 1352/1784/1626
f 1352/1784/1626 1315/1752/1594 1351/1753/1595
f 1352/1784/1626 1351/1753/1595 1145/1651/1442
f 1282/1668/1515 1319/1670/1517 1283/1775/1617
f 1283/1775/1617 1319/1670/1517 1320/1785/1627
f 1283/1775/1617 1320/1785/1627 1284/1759/1601
f 1284/1759/1601 1320/1785/1627 1321/1675/1522
f 1288/1776/1618 1287/1763/1605 1324/1786/1628
f 1324/1786/1628 1287/1763/1605 1323/1695/1539
f 1324/1786/1628 1323/1695/1539 1360/1693/1537
f 1256/1764/1606 1292/1777/1619 1293/1765/1607
f 1293/1765/1607 1292/1777/1619 1329/1787/1629
f 1293/1765/1607 1329/1787/1629 1330/1766/1608
f 1330/1766/1608 1329/1787/1629 1181/1610/1459
f 1329/1787/1629 1292/1777/1619 1328/1778/1620
f 1333/1611/1460 1297/1613/1462 1296/1779/1621
f 1333/1611/1460 1296/1779/1621 1332/1609/1458
f 1332/1609/1458 1296/1779/1621 1295/1607/1456
f 1264/1768/1610 1300/1780/1622 1301/1769/1611
f 1301/1769/1611 1300/1780/1622 1337/1788/1630
f 1301/1769/1611 1337/1788/1630 1338/1770/1612
f 1338/1770/1612 1337/1788/1630 1181/1610/1459
f 1337/1788/1630 1300/1780/1622 1336/1781/1623
f 1341/1631/1480 1305/1633/1482 1304/1782/1624
f 1341/1631/1480 1304/1782/1624 1340/1630/1479
f 1340/1630/1479 1304/1782/1624 1303/1628/1477
f 1344/1705/1549 1308/1707/1551 1307/1746/1588
f 1344/1705/1549 1307/1746/1588 1343/1704/1548
f 1310/1647/1496 1309/1708/1552 1346/1789/1631
f 1346/1789/1631 1309/1708/1552 1345/1706/1550
f 1346/1789/1631 1345/1706/1550 1145/1651/1442
f 1349/1652/1500 1312/1719/1561 1348/1650/1499
f 1348/1650/1499 1312/1719/1561 1311/1648/1497
f 1280/1772/1614 1316/1783/1625 1317/1773/1615
f 1317/1773/1615 1316/1783/1625 1353/1790/1632
f 1317/1773/1615 1353/1790/1632 1354/1774/1616
f 1354/1774/1616 1353/1790/1632 1145/1651/1442
f 1353/1790/1632 1316/1783/1625 1352/1784/1626
f 1357/1673/1520 1321/1675/1522 1320/1785/1627
f 1357/1673/1520 1320/1785/1627 1356/1672/1519
f 1356/1672/1519 1320/1785/1627 1319/1670/1517
f 1359/1694/1538 1322/1676/1523 1358/1674/1521
f 1361/1692/1536 1325/1690/1535 1324/1786/1628
f 1324/1786/1628 1325/1690/1535 1288/1776/1618
f 1361/1692/1536 1324/1786/1628 1360/1693/1537
f 1181/1610/1459 1329/1787/1629 1328/1778/1620
f 1181/1610/1459 1337/1788/1630 1336/1781/1623
f 1145/1651/1442 1347/1649/1498 1346/1789/1631
f 1346/1789/1631 1347/1649/1498 1310/1647/1496
f 1145/1651/1442 1353/1790/1632 1352/1784/1626
f 1145/1651/1442 1359/1694/1538 1358/1674/1521
f 1010/1791/1283 1362/1792/1633 1011/1793/1281
f 1011/1793/1281 1362/1792/1633 1377/1794/1634
f 1011/1793/1281 1377/1794/1634 1012/1795/1279
f 1012/1795/1279 1377/1794/1634 1382/1796/1635
f 1012/1795/1279 1382/1796/1635 1013/1797/1277
f 1013/1797/1277 1382/1796/1635 1387/1798/1636
f 1013/1797/1277 1387/1798/1636 1014/1799/1275
f 1014/1799/1275 1387/1798/1636 1392/1800/1637
f 1014/1799/1275 1392/1800/1637 1015/1801/1274
f 1015/1801/1274 1392/1800/1637 1397/1802/1638
f 1015/1801/1274 1397/1802/1638 1009/1803/1270
f 1009/1803/1270 1397/1802/1638 1176/1804/1447
f 1176/1804/1447 1397/1802/1638 1396/1805/1639
f 1176/1804/1447 1396/1805/1639 1177/1806/1541
f 1177/1806/1541 1396/1805/1639 1395/1807/1640
f 1177/1806/1541 1395/1807/1640 1178/1808/1543
f 1178/1808/1543 1395/1807/1640 1394/1809/1641
f 1178/1808/1543 1394/1809/1641 1179/1810/1545
f 1179/1810/1545 1394/1809/1641 1393/1811/1642
f 1179/1810/1545 1393/1811/1642 1180/1812/1547
f 1180/1812/1547 1393/1811/1642 1372/1813/1643
f 1180/1812/1547 1372/1813/1643 1181/1814/1459
f 1362/1792/1633 1363/1815/1644 1377/1794/1634
f 1377/1794/1634 1363/1815/1644 1376/1816/1645
f 1377/1794/1634 1376/1816/1645 1382/1796/1635
f 1382/1796/1635 1376/1816/1645 1381/1817/1646
f 1382/1796/1635 1381/1817/1646 1387/1798/1636
f 1387/1798/1636 1381/1817/1646 1386/1818/1647
f 1387/1798/1636 1386/1818/1647 1392/1800/1637
f 1392/1800/1637 1386/1818/1647 1391/1819/1648
f 1392/1800/1637 1391/1819/1648 1397/1802/1638
f 1397/1802/1638 1391/1819/1648 1396/1805/1639
f 1363/1815/1644 1364/1820/1649 1376/1816/1645
f 1376/1816/1645 1364/1820/1649 1375/1821/1650
f 1376/1816/1645 1375/1821/1650 1381/1817/1646
f 1381/1817/1646 1375/1821/1650 1380/1822/1651
f 1381/1817/1646 1380/1822/1651 1386/1818/1647
f 1386/1818/1647 1380/1822/1651 1385/1823/1652
f 1386/1818/1647 1385/1823/1652 1391/1819/1648
f 1391/1819/1648 1385/1823/1652 1390/1824/1653
f 1391/1819/1648 1390/1824/1653 1396/1805/1639
f 1396/1805/1639 1390/1824/1653 1395/1807/1640
f 1364/1820/1649 1365/1825/1654 1375/1821/1650
f 1375/1821/1650 1365/1825/1654 1374/1826/1655
f 1375/1821/1650 1374/1826/1655 1380/1822/1651
f 1380/1822/1651 1374/1826/1655 1379/1827/1656
f 1380/1822/1651 1379/1827/1656 1385/1823/1652
f 1385/1823/1652 1379/1827/1656 1384/1828/1657
f 1385/1823/1652 1384/1828/1657 1390/1824/1653
f 1390/1824/1653 1384/1828/1657 1389/1829/1658
f 1390/1824/1653 1389/1829/1658 1395/1807/1640
f 1395/1807/1640 1389/1829/1658 1394/1809/1641
f 1365/1825/1654 1366/1830/1659 1374/1826/1655
f 1374/1826/1655 1366/1830/1659 1373/1831/1660
f 1374/1826/1655 1373/1831/1660 1379/1827/1656
f 1379/1827/1656 1373/1831/1660 1378/1832/1661
f 1379/1827/1656 1378/1832/1661 1384/1828/1657
f 1384/1828/1657 1378/1832/1661 1383/1833/1662
f 1384/1828/1657 1383/1833/1662 1389/1829/1658
f 1389/1829/1658 1383/1833/1662 1388/1834/1663
f 1389/1829/1658 1388/1834/1663 1394/1809/1641
f 1394/1809/1641 1388/1834/1663 1393/1811/1642
f 1366/1830/1659 1367/1835/1664 1373/1831/1660
f 1373/1831/1660 1367/1835/1664 1368/1836/1665
f 1373/1831/1660 1368/1836/1665 1378/1832/1661
f 1378/1832/1661 1368/1836/1665 1369/1837/1666
f 1378/1832/1661 1369/1837/1666 1383/1833/1662
f 1383/1833/1662 1369/1837/1666 1370/1838/1667
f 1383/1833/1662 1370/1838/1667 1388/1834/1663
f 1388/1834/1663 1370/1838/1667 1371/1839/1668
f 1388/1834/1663 1371/1839/1668 1393/1811/1642
f 1393/1811/1642 1371/1839/1668 1372/1813/1643
f 1398/1840/1669 1404/1841/1670 1031/1842/1292
f 1031/1842/1292 1404/1841/1670 1405/1843/1671
f 1031/1842/1292 1405/1843/1671 1406/1844/1672
f 1406/1844/1672 1405/1843/1671 1416/1845/1673
f 1406/1844/1672 1416/1845/1673 1417/1846/1674
f 1417/1846/1674 1416/1845/1673 1427/1847/1675
f 1417/1846/1674 1427/1847/1675 1428/1848/1676
f 1428/1848/1676 1427/1847/1675 1438/1849/1677
f 1428/1848/1676 1438/1849/1677 1439/1850/1678
f 1439/1850/1678 1438/1849/1677 1449/1851/1679
f 1439/1850/1678 1449/1851/1679 1450/1852/1680
f 1450/1852/1680 1449/1851/1679 1367/1853/1664
f 1450/1852/1680 1367/1853/1664 1451/1854/1681
f 1451/1854/1681 1367/1853/1664 1452/1855/1682
f 1451/1854/1681 1452/1855/1682 1441/1856/1683
f 1441/1856/1683 1452/1855/1682 1442/1857/1684
f 1441/1856/1683 1442/1857/1684 1431/1858/1685
f 1431/1858/1685 1442/1857/1684 1432/1859/1686
f 1431/1858/1685 1432/1859/1686 1421/1860/1687
f 1421/1860/1687 1432/1859/1686 1422/1861/1688
f 1421/1860/1687 1422/1861/1688 1411/1862/1689
f 1411/1862/1689 1422/1861/1688 1412/1863/1690
f 1411/1862/1689 1412/1863/1690 1010/1864/1283
f 1010/1864/1283 1412/1863/1690 1413/1865/1691
f 1010/1864/1283 1413/1865/1691 1362/1866/1633
f 1362/1866/1633 1413/1865/1691 1363/1867/1644
f 1363/1867/1644 1413/1865/1691 1423/1868/1692
f 1363/1867/1644 1423/1868/1692 1364/1869/1649
f 1364/1869/1649 1423/1868/1692 1433/1870/1693
f 1364/1869/1649 1433/1870/1693 1365/1871/1654
f 1365/1871/1654 1433/1870/1693 1443/1872/1694
f 1365/1871/1654 1443/1872/1694 1366/1873/1659
f 1366/1873/1659 1443/1872/1694 1453/1874/1695
f 1366/1873/1659 1453/1874/1695 1367/1853/1664
f 1367/1853/1664 1453/1874/1695 1452/1855/1682
f 1404/1841/1670 1398/1840/1669 1414/1875/1696
f 1414/1875/1696 1398/1840/1669 1399/1876/1697
f 1414/1875/1696 1399/1876/1697 1424/1877/1698
f 1424/1877/1698 1399/1876/1697 1400/1878/1699
f 1424/1877/1698 1400/1878/1699 1434/1879/1700
f 1434/1879/1700 1400/1878/1699 1401/1880/1701
f 1434/1879/1700 1401/1880/1701 1444/1881/1702
f 1444/1881/1702 1401/1880/1701 1402/1882/1703
f 1444/1881/1702 1402/1882/1703 1403/1883/1704
f 1367/1853/1664 1448/1884/1705 1403/1883/1704
f 1403/1883/1704 1448/1884/1705 1447/1885/1706
f 1403/1883/1704 1447/1885/1706 1446/1886/1707
f 1446/1886/1707 1447/1885/1706 1436/1887/1708
f 1446/1886/1707 1436/1887/1708 1435/1888/1709
f 1435/1888/1709 1436/1887/1708 1425/1889/1710
f 1435/1888/1709 1425/1889/1710 1424/1877/1698
f 1424/1877/1698 1425/1889/1710 1414/1875/1696
f 1031/1842/1292 1409/1890/1711 1010/1864/1283
f 1010/1864/1283 1409/1890/1711 1410/1891/1712
f 1010/1864/1283 1410/1891/1712 1411/1862/1689
f 1411/1862/1689 1410/1891/1712 1421/1860/1687
f 1405/1843/1671 1404/1841/1670 1415/1892/1713
f 1415/1892/1713 1404/1841/1670 1414/1875/1696
f 1415/1892/1713 1414/1875/1696 1425/1889/1710
f 1406/1844/1672 1407/1893/1714 1031/1842/1292
f 1031/1842/1292 1407/1893/1714 1408/1894/1715
f 1031/1842/1292 1408/1894/1715 1409/1890/1711
f 1409/1890/1711 1408/1894/1715 1419/1895/1716
f 1409/1890/1711 1419/1895/1716 1420/1896/1717
f 1420/1896/1717 1419/1895/1716 1430/1897/1718
f 1420/1896/1717 1430/1897/1718 1431/1858/1685
f 1431/1858/1685 1430/1897/1718 1441/1856/1683
f 1406/1844/1672 1417/1846/1674 1407/1893/1714
f 1407/1893/1714 1417/1846/1674 1418/1898/1719
f 1407/1893/1714 1418/1898/1719 1408/1894/1715
f 1408/1894/1715 1418/1898/1719 1419/1895/1716
f 1421/1860/1687 1410/1891/1712 1420/1896/1717
f 1420/1896/1717 1410/1891/1712 1409/1890/1711
f 1423/1868/1692 1413/1865/1691 1412/1863/1690
f 1423/1868/1692 1412/1863/1690 1422/1861/1688
f 1405/1843/1671 1415/1892/1713 1416/1845/1673
f 1416/1845/1673 1415/1892/1713 1426/1899/1720
f 1416/1845/1673 1426/1899/1720 1427/1847/1675
f 1427/1847/1675 1426/1899/1720 1437/1900/1721
f 1427/1847/1675 1437/1900/1721 1438/1849/1677
f 1438/1849/1677 1437/1900/1721 1448/1884/1705
f 1438/1849/1677 1448/1884/1705 1449/1851/1679
f 1449/1851/1679 1448/1884/1705 1367/1853/1664
f 1426/1899/1720 1415/1892/1713 1425/1889/1710
f 1417/1846/1674 1428/1848/1676 1418/1898/1719
f 1418/1898/1719 1428/1848/1676 1429/1901/1722
f 1418/1898/1719 1429/1901/1722 1419/1895/1716
f 1419/1895/1716 1429/1901/1722 1430/1897/1718
f 1431/1858/1685 1421/1860/1687 1420/1896/1717
f 1433/1870/1693 1423/1868/1692 1422/1861/1688
f 1433/1870/1693 1422/1861/1688 1432/1859/1686
f 1435/1888/1709 1424/1877/1698 1434/1879/1700
f 1437/1900/1721 1426/1899/1720 1436/1887/1708
f 1436/1887/1708 1426/1899/1720 1425/1889/1710
f 1428/1848/1676 1439/1850/1678 1429/1901/1722
f 1429/1901/1722 1439/1850/1678 1440/1902/1723
f 1429/1901/1722 1440/1902/1723 1430/1897/1718
f 1430/1897/1718 1440/1902/1723 1441/1856/1683
f 1443/1872/1694 1433/1870/1693 1432/1859/1686
f 1443/1872/1694 1432/1859/1686 1442/1857/1684
f 1435/1888/1709 1434/1879/1700 1445/1903/1724
f 1445/1903/1724 1434/1879/1700 1444/1881/1702
f 1445/1903/1724 1444/1881/1702 1403/1883/1704
f 1448/1884/1705 1437/1900/1721 1447/1885/1706
f 1447/1885/1706 1437/1900/1721 1436/1887/1708
f 1451/1854/1681 1441/1856/1683 1440/1902/1723
f 1451/1854/1681 1440/1902/1723 1450/1852/1680
f 1450/1852/1680 1440/1902/1723 1439/1850/1678
f 1453/1874/1695 1443/1872/1694 1442/1857/1684
f 1453/1874/1695 1442/1857/1684 1452/1855/1682
f 1403/1883/1704 1446/1886/1707 1445/1903/1724
f 1445/1903/1724 1446/1886/1707 1435/1888/1709
f 1032/1904/1305 1454/1905/1725 1033/1906/1303
f 1033/1906/1303 1454/1905/1725 1469/1907/1726
f 1033/1906/1303 1469/1907/1726 1034/1908/1301
f 1034/1908/1301 1469/1907/1726 1474/1909/1727
f 1034/1908/1301 1474/1909/1727 1035/1910/1299
f 1035/1910/1299 1474/1909/1727 1479/1911/1728
f 1035/1910/1299 1479/1911/1728 1036/1912/1297
f 1036/1912/1297 1479/1911/1728 1484/1913/1729
f 1036/1912/1297 1484/1913/1729 1037/1914/1296
f 1037/1914/1296 1484/1913/1729 1489/1915/1730
f 1037/1914/1296 1489/1915/1730 1031/1916/1292
f 1031/1916/1292 1489/1915/1730 1398/1917/1669
f 1398/1917/1669 1489/1915/1730 1488/1918/1731
f 1398/1917/1669 1488/1918/1731 1399/1919/1697
f 1399/1919/1697 1488/1918/1731 1487/1920/1732
f 1399/1919/1697 1487/1920/1732 1400/1921/1699
f 1400/1921/1699 1487/1920/1732 1486/1922/1733
f 1400/1921/1699 1486/1922/1733 1401/1923/1701
f 1401/1923/1701 1486/1922/1733 1485/1924/1734
f 1401/1923/1701 1485/1924/1734 1402/1925/1703
f 1402/1925/1703 1485/1924/1734 1464/1926/1735
f 1402/1925/1703 1464/1926/1735 1403/1927/1704
f 1454/1905/1725 1455/1928/1736 1469/1907/1726
f 1469/1907/1726 1455/1928/1736 1468/1929/1737
f 1469/1907/1726 1468/1929/1737 1474/1909/1727
f 1474/1909/1727 1468/1929/1737 1473/1930/1738
f 1474/1909/1727 1473/1930/1738 1479/1911/1728
f 1479/1911/1728 1473/1930/1738 1478/1931/1739
f 1479/1911/1728 1478/1931/1739 1484/1913/1729
f 1484/1913/1729 1478/1931/1739 1483/1932/1740
f 1484/1913/1729 1483/1932/1740 1489/1915/1730
f 1489/1915/1730 1483/1932/1740 1488/1918/1731
f 1455/1928/1736 1456/1933/1741 1468/1929/1737
f 1468/1929/1737 1456/1933/1741 1467/1934/1742
f 1468/1929/1737 1467/1934/1742 1473/1930/1738
f 1473/1930/1738 1467/1934/1742 1472/1935/1743
f 1473/1930/1738 1472/1935/1743 1478/1931/1739
f 1478/1931/1739 1472/1935/1743 1477/1936/1744
f 1478/1931/1739 1477/1936/1744 1483/1932/1740
f 1483/1932/1740 1477/1936/1744 1482/1937/1745
f 1483/1932/1740 1482/1937/1745 1488/1918/1731
f 1488/1918/1731 1482/1937/1745 1487/1920/1732
f 1456/1933/1741 1457/1938/1746 1467/1934/1742
f 1467/1934/1742 1457/1938/1746 1466/1939/1747
f 1467/1934/1742 1466/1939/1747 1472/1935/1743
f 1472/1935/1743 1466/1939/1747 1471/1940/1748
f 1472/1935/1743 1471/1940/1748 1477/1936/1744
f 1477/1936/1744 1471/1940/1748 1476/1941/1749
f 1477/1936/1744 1476/1941/1749 1482/1937/1745
f 1482/1937/1745 1476/1941/1749 1481/1942/1750
f 1482/1937/1745 1481/1942/1750 1487/1920/1732
f 1487/1920/1732 1481/1942/1750 1486/1922/1733
f 1457/1938/1746 1458/1943/1751 1466/1939/1747
f 1466/1939/1747 1458/1943/1751 1465/1944/1752
f 1466/1939/1747 1465/1944/1752 1471/1940/1748
f 1471/1940/1748 1465/1944/1752 1470/1945/1753
f 1471/1940/1748 1470/1945/1753 1476/1941/1749
f 1476/1941/1749 1470/1945/1753 1475/1946/1754
f 1476/1941/1749 1475/1946/1754 1481/1942/1750
f 1481/1942/1750 1475/1946/1754 1480/1947/1755
f 1481/1942/1750 1480/1947/1755 1486/1922/1733
f 1486/1922/1733 1480/1947/1755 1485/1924/1734
f 1458/1943/1751 1459/1948/1756 1465/1944/1752
f 1465/1944/1752 1459/1948/1756 1460/1949/1757
f 1465/1944/1752 1460/1949/1757 1470/1945/1753
f 1470/1945/1753 1460/1949/1757 1461/1950/1758
f 1470/1945/1753 1461/1950/1758 1475/1946/1754
f 1475/1946/1754 1461/1950/1758 1462/1951/1759
f 1475/1946/1754 1462/1951/1759 1480/1947/1755
f 1480/1947/1755 1462/1951/1759 1463/1952/1760
f 1480/1947/1755 1463/1952/1760 1485/1924/1734
f 1485/1924/1734 1463/1952/1760 1464/1926/1735
f 1490/1953/1761 1496/1954/1762 1053/1955/1314
f 1053/1955/1314 1496/1954/1762 1497/1956/1763
f 1053/1955/1314 1497/1956/1763 1498/1957/1764
f 1498/1957/1764 1497/1956/1763 1534/1958/1765
f 1498/1957/1764 1534/1958/1765 1535/1959/1766
f 1535/1959/1766 1534/1958/1765 1571/1960/1767
f 1535/1959/1766 1571/1960/1767 1572/1961/1768
f 1572/1961/1768 1571/1960/1767 1608/1962/1769
f 1572/1961/1768 1608/1962/1769 1609/1963/1770
f 1609/1963/1770 1608/1962/1769 1645/1964/1771
f 1609/1963/1770 1645/1964/1771 1646/1965/1772
f 1646/1965/1772 1645/1964/1771 1495/1966/1773
f 1646/1965/1772 1495/1966/1773 1647/1967/1774
f 1647/1967/1774 1495/1966/1773 1648/1968/1775
f 1647/1967/1774 1648/1968/1775 1611/1969/1776
f 1611/1969/1776 1648/1968/1775 1612/1970/1777
f 1611/1969/1776 1612/1970/1777 1575/1971/1778
f 1575/1971/1778 1612/1970/1777 1576/1972/1779
f 1575/1971/1778 1576/1972/1779 1539/1973/1780
f 1539/1973/1780 1576/1972/1779 1540/1974/1781
f 1539/1973/1780 1540/1974/1781 1503/1975/1782
f 1503/1975/1782 1540/1974/1781 1504/1976/1783
f 1503/1975/1782 1504/1976/1783 1053/1955/1314
f 1053/1955/1314 1504/1976/1783 1505/1977/1784
f 1053/1955/1314 1505/1977/1784 1506/1978/1785
f 1506/1978/1785 1505/1977/1784 1542/1979/1786
f 1506/1978/1785 1542/1979/1786 1543/1980/1787
f 1543/1980/1787 1542/1979/1786 1579/1981/1788
f 1543/1980/1787 1579/1981/1788 1580/1982/1789
f 1580/1982/1789 1579/1981/1788 1616/1983/1790
f 1580/1982/1789 1616/1983/1790 1617/1984/1791
f 1617/1984/1791 1616/1983/1790 1653/1985/1792
f 1617/1984/1791 1653/1985/1792 1654/1986/1793
f 1654/1986/1793 1653/1985/1792 1495/1966/1773
f 1654/1986/1793 1495/1966/1773 1655/1987/1794
f 1655/1987/1794 1495/1966/1773 1656/1988/1795
f 1655/1987/1794 1656/1988/1795 1619/1989/1796
f 1619/1989/1796 1656/1988/1795 1620/1990/1797
f 1619/1989/1796 1620/1990/1797 1583/1991/1798
f 1583/1991/1798 1620/1990/1797 1584/1992/1799
f 1583/1991/1798 1584/1992/1799 1547/1993/1800
f 1547/1993/1800 1584/1992/1799 1548/1994/1801
f 1547/1993/1800 1548/1994/1801 1511/1995/1802
f 1511/1995/1802 1548/1994/1801 1512/1996/1803
f 1511/1995/1802 1512/1996/1803 1053/1955/1314
f 1053/1955/1314 1512/1996/1803 1513/1997/1804
f 1053/1955/1314 1513/1997/1804 1514/1998/1805
f 1514/1998/1805 1513/1997/1804 1550/1999/1806
f 1514/1998/1805 1550/1999/1806 1551/2000/1807
f 1551/2000/1807 1550/1999/1806 1587/2001/1808
f 1551/2000/1807 1587/2001/1808 1588/2002/1809
f 1588/2002/1809 1587/2001/1808 1624/2003/1810
f 1588/2002/1809 1624/2003/1810 1625/2004/1811
f 1625/2004/1811 1624/2003/1810 1661/2005/1812
f 1625/2004/1811 1661/2005/1812 1662/2006/1813
f 1662/2006/1813 1661/2005/1812 1459/2007/1756
f 1662/2006/1813 1459/2007/1756 1663/2008/1814
f 1663/2008/1814 1459/2007/1756 1664/2009/1815
f 1663/2008/1814 1664/2009/1815 1627/2010/1816
f 1627/2010/1816 1664/2009/1815 1628/2011/1817
f 1627/2010/1816 1628/2011/1817 1591/2012/1818
f 1591/2012/1818 1628/2011/1817 1592/2013/1819
f 1591/2012/1818 1592/2013/1819 1555/2014/1820
f 1555/2014/1820 1592/2013/1819 1556/2015/1821
f 1555/2014/1820 1556/2015/1821 1519/2016/1822
f 1519/2016/1822 1556/2015/1821 1520/2017/1823
f 1519/2016/1822 1520/2017/1823 1032/2018/1305
f 1032/2018/1305 1520/2017/1823 1521/2019/1824
f 1032/2018/1305 1521/2019/1824 1522/2020/1825
f 1522/2020/1825 1521/2019/1824 1558/2021/1826
f 1522/2020/1825 1558/2021/1826 1559/2022/1827
f 1559/2022/1827 1558/2021/1826 1595/2023/1828
f 1559/2022/1827 1595/2023/1828 1596/2024/1829
f 1596/2024/1829 1595/2023/1828 1632/2025/1830
f 1596/2024/1829 1632/2025/1830 1633/2026/1831
f 1633/2026/1831 1632/2025/1830 1669/2027/1832
f 1633/2026/1831 1669/2027/1832 1670/2028/1833
f 1670/2028/1833 1669/2027/1832 1459/2007/1756
f 1670/2028/1833 1459/2007/1756 1671/2029/1834
f 1671/2029/1834 1459/2007/1756 1672/2030/1835
f 1671/2029/1834 1672/2030/1835 1635/2031/1836
f 1635/2031/1836 1672/2030/1835 1636/2032/1837
f 1635/2031/1836 1636/2032/1837 1599/2033/1838
f 1599/2033/1838 1636/2032/1837 1600/2034/1839
f 1599/2033/1838 1600/2034/1839 1563/2035/1840
f 1563/2035/1840 1600/2034/1839 1564/2036/1841
f 1563/2035/1840 1564/2036/1841 1527/2037/1842
f 1527/2037/1842 1564/2036/1841 1528/2038/1843
f 1527/2037/1842 1528/2038/1843 1032/2018/1305
f 1032/2018/1305 1528/2038/1843 1529/2039/1844
f 1032/2018/1305 1529/2039/1844 1530/2040/1845
f 1530/2040/1845 1529/2039/1844 1566/2041/1846
f 1530/2040/1845 1566/2041/1846 1567/2042/1847
f 1567/2042/1847 1566/2041/1846 1603/2043/1848
f 1567/2042/1847 1603/2043/1848 1456/2044/1741
f 1456/2044/1741 1603/2043/1848 1457/2045/1746
f 1457/2045/1746 1603/2043/1848 1639/2046/1849
f 1457/2045/1746 1639/2046/1849 1458/2047/1751
f 1458/2047/1751 1639/2046/1849 1675/2048/1850
f 1458/2047/1751 1675/2048/1850 1459/2007/1756
f 1459/2007/1756 1675/2048/1850 1674/2049/1851
f 1459/2007/1756 1674/2049/1851 1673/2050/1852
f 1673/2050/1852 1674/2049/1851 1637/2051/1853
f 1673/2050/1852 1637/2051/1853 1636/2032/1837
f 1636/2032/1837 1637/2051/1853 1600/2034/1839
f 1496/1954/1762 1490/1953/1761 1532/2052/1854
f 1532/2052/1854 1490/1953/1761 1491/2053/1855
f 1532/2052/1854 1491/2053/1855 1568/2054/1856
f 1568/2054/1856 1491/2053/1855 1492/2055/1857
f 1568/2054/1856 1492/2055/1857 1604/2056/1858
f 1604/2056/1858 1492/2055/1857 1493/2057/1859
f 1604/2056/1858 1493/2057/1859 1640/2058/1860
f 1640/2058/1860 1493/2057/1859 1494/2059/1861
f 1640/2058/1860 1494/2059/1861 1495/1966/1773
f 1656/1988/1795 1495/1966/1773 1657/2060/1862
f 1657/2060/1862 1495/1966/1773 1459/2007/1756
f 1657/2060/1862 1459/2007/1756 1658/2061/1863
f 1658/2061/1863 1459/2007/1756 1659/2062/1864
f 1658/2061/1863 1659/2062/1864 1622/2063/1865
f 1622/2063/1865 1659/2062/1864 1623/2064/1866
f 1622/2063/1865 1623/2064/1866 1586/2065/1867
f 1586/2065/1867 1623/2064/1866 1587/2001/1808
f 1586/2065/1867 1587/2001/1808 1550/1999/1806
f 1456/2044/1741 1455/2066/1736 1567/2042/1847
f 1567/2042/1847 1455/2066/1736 1531/2067/1868
f 1567/2042/1847 1531/2067/1868 1530/2040/1845
f 1530/2040/1845 1531/2067/1868 1032/2018/1305
f 1455/2066/1736 1454/2068/1725 1531/2067/1868
f 1531/2067/1868 1454/2068/1725 1032/2018/1305
f 1053/1955/1314 1514/1998/1805 1032/2018/1305
f 1032/2018/1305 1514/1998/1805 1515/2069/1869
f 1032/2018/1305 1515/2069/1869 1516/2070/1870
f 1516/2070/1870 1515/2069/1869 1552/2071/1871
f 1516/2070/1870 1552/2071/1871 1553/2072/1872
f 1553/2072/1872 1552/2071/1871 1589/2073/1873
f 1553/2072/1872 1589/2073/1873 1590/2074/1874
f 1590/2074/1874 1589/2073/1873 1626/2075/1875
f 1590/2074/1874 1626/2075/1875 1627/2010/1816
f 1627/2010/1816 1626/2075/1875 1663/2008/1814
f 1497/1956/1763 1496/1954/1762 1533/2076/1876
f 1533/2076/1876 1496/1954/1762 1532/2052/1854
f 1533/2076/1876 1532/2052/1854 1569/2077/1877
f 1569/2077/1877 1532/2052/1854 1568/2054/1856
f 1569/2077/1877 1568/2054/1856 1605/2078/1878
f 1605/2078/1878 1568/2054/1856 1604/2056/1858
f 1605/2078/1878 1604/2056/1858 1641/2079/1879
f 1641/2079/1879 1604/2056/1858 1640/2058/1860
f 1641/2079/1879 1640/2058/1860 1495/1966/1773
f 1498/1957/1764 1499/2080/1880 1053/1955/1314
f 1053/1955/1314 1499/2080/1880 1500/2081/1881
f 1053/1955/1314 1500/2081/1881 1501/2082/1882
f 1501/2082/1882 1500/2081/1881 1537/2083/1883
f 1501/2082/1882 1537/2083/1883 1538/2084/1884
f 1538/2084/1884 1537/2083/1883 1574/2085/1885
f 1538/2084/1884 1574/2085/1885 1575/1971/1778
f 1575/1971/1778 1574/2085/1885 1611/1969/1776
f 1498/1957/1764 1535/1959/1766 1499/2080/1880
f 1499/2080/1880 1535/1959/1766 1536/2086/1886
f 1499/2080/1880 1536/2086/1886 1500/2081/1881
f 1500/2081/1881 1536/2086/1886 1537/2083/1883
f 1503/1975/1782 1053/1955/1314 1502/2087/1887
f 1502/2087/1887 1053/1955/1314 1501/2082/1882
f 1502/2087/1887 1501/2082/1882 1538/2084/1884
f 1539/1973/1780 1503/1975/1782 1502/2087/1887
f 1539/1973/1780 1502/2087/1887 1538/2084/1884
f 1505/1977/1784 1504/1976/1783 1541/2088/1888
f 1541/2088/1888 1504/1976/1783 1540/1974/1781
f 1541/2088/1888 1540/1974/1781 1577/2089/1889
f 1577/2089/1889 1540/1974/1781 1576/1972/1779
f 1577/2089/1889 1576/1972/1779 1613/2090/1890
f 1613/2090/1890 1576/1972/1779 1612/1970/1777
f 1613/2090/1890 1612/1970/1777 1649/2091/1891
f 1649/2091/1891 1612/1970/1777 1648/1968/1775
f 1649/2091/1891 1648/1968/1775 1495/1966/1773
f 1506/1978/1785 1507/2092/1892 1053/1955/1314
f 1053/1955/1314 1507/2092/1892 1508/2093/1893
f 1053/1955/1314 1508/2093/1893 1509/2094/1894
f 1509/2094/1894 1508/2093/1893 1545/2095/1895
f 1509/2094/1894 1545/2095/1895 1546/2096/1896
f 1546/2096/1896 1545/2095/1895 1582/2097/1897
f 1546/2096/1896 1582/2097/1897 1583/1991/1798
f 1583/1991/1798 1582/2097/1897 1619/1989/1796
f 1506/1978/1785 1543/1980/1787 1507/2092/1892
f 1507/2092/1892 1543/1980/1787 1544/2098/1898
f 1507/2092/1892 1544/2098/1898 1508/2093/1893
f 1508/2093/1893 1544/2098/1898 1545/2095/1895
f 1511/1995/1802 1053/1955/1314 1510/2099/1899
f 1510/2099/1899 1053/1955/1314 1509/2094/1894
f 1510/2099/1899 1509/2094/1894 1546/2096/1896
f 1547/1993/1800 1511/1995/1802 1510/2099/1899
f 1547/1993/1800 1510/2099/1899 1546/2096/1896
f 1513/1997/1804 1512/1996/1803 1549/2100/1900
f 1549/2100/1900 1512/1996/1803 1548/1994/1801
f 1549/2100/1900 1548/1994/1801 1585/2101/1901
f 1585/2101/1901 1548/1994/1801 1584/1992/1799
f 1585/2101/1901 1584/1992/1799 1621/2102/1902
f 1621/2102/1902 1584/1992/1799 1620/1990/1797
f 1621/2102/1902 1620/1990/1797 1657/2060/1862
f 1657/2060/1862 1620/1990/1797 1656/1988/1795
f 1552/2071/1871 1515/2069/1869 1551/2000/1807
f 1551/2000/1807 1515/2069/1869 1514/1998/1805
f 1516/2070/1870 1517/2103/1903 1032/2018/1305
f 1032/2018/1305 1517/2103/1903 1518/2104/1904
f 1032/2018/1305 1518/2104/1904 1519/2016/1822
f 1519/2016/1822 1518/2104/1904 1555/2014/1820
f 1516/2070/1870 1553/2072/1872 1517/2103/1903
f 1517/2103/1903 1553/2072/1872 1554/2105/1905
f 1517/2103/1903 1554/2105/1905 1518/2104/1904
f 1518/2104/1904 1554/2105/1905 1555/2014/1820
f 1521/2019/1824 1520/2017/1823 1557/2106/1906
f 1557/2106/1906 1520/2017/1823 1556/2015/1821
f 1557/2106/1906 1556/2015/1821 1593/2107/1907
f 1593/2107/1907 1556/2015/1821 1592/2013/1819
f 1593/2107/1907 1592/2013/1819 1629/2108/1908
f 1629/2108/1908 1592/2013/1819 1628/2011/1817
f 1629/2108/1908 1628/2011/1817 1665/2109/1909
f 1665/2109/1909 1628/2011/1817 1664/2009/1815
f 1665/2109/1909 1664/2009/1815 1459/2007/1756
f 1522/2020/1825 1523/2110/1910 1032/2018/1305
f 1032/2018/1305 1523/2110/1910 1524/2111/1911
f 1032/2018/1305 1524/2111/1911 1525/2112/1912
f 1525/2112/1912 1524/2111/1911 1561/2113/1913
f 1525/2112/1912 1561/2113/1913 1562/2114/1914
f 1562/2114/1914 1561/2113/1913 1598/2115/1915
f 1562/2114/1914 1598/2115/1915 1599/2033/1838
f 1599/2033/1838 1598/2115/1915 1635/2031/1836
f 1522/2020/1825 1559/2022/1827 1523/2110/1910
f 1523/2110/1910 1559/2022/1827 1560/2116/1916
f 1523/2110/1910 1560/2116/1916 1524/2111/1911
f 1524/2111/1911 1560/2116/1916 1561/2113/1913
f 1527/2037/1842 1032/2018/1305 1526/2117/1917
f 1526/2117/1917 1032/2018/1305 1525/2112/1912
f 1526/2117/1917 1525/2112/1912 1562/2114/1914
f 1563/2035/1840 1527/2037/1842 1526/2117/1917
f 1563/2035/1840 1526/2117/1917 1562/2114/1914
f 1529/2039/1844 1528/2038/1843 1565/2118/1918
f 1565/2118/1918 1528/2038/1843 1564/2036/1841
f 1565/2118/1918 1564/2036/1841 1601/2119/1919
f 1601/2119/1919 1564/2036/1841 1600/2034/1839
f 1601/2119/1919 1600/2034/1839 1637/2051/1853
f 1497/1956/1763 1533/2076/1876 1534/1958/1765
f 1534/1958/1765 1533/2076/1876 1570/2120/1920
f 1534/1958/1765 1570/2120/1920 1571/1960/1767
f 1571/1960/1767 1570/2120/1920 1607/2121/1921
f 1571/1960/1767 1607/2121/1921 1608/1962/1769
f 1608/1962/1769 1607/2121/1921 1644/2122/1922
f 1608/1962/1769 1644/2122/1922 1645/1964/1771
f 1645/1964/1771 1644/2122/1922 1495/1966/1773
f 1570/2120/1920 1533/2076/1876 1569/2077/1877
f 1535/1959/1766 1572/1961/1768 1536/2086/1886
f 1536/2086/1886 1572/1961/1768 1573/2123/1923
f 1536/2086/1886 1573/2123/1923 1537/2083/1883
f 1537/2083/1883 1573/2123/1923 1574/2085/1885
f 1575/1971/1778 1539/1973/1780 1538/2084/1884
f 1505/1977/1784 1541/2088/1888 1542/1979/1786
f 1542/1979/1786 1541/2088/1888 1578/2124/1924
f 1542/1979/1786 1578/2124/1924 1579/1981/1788
f 1579/1981/1788 1578/2124/1924 1615/2125/1925
f 1579/1981/1788 1615/2125/1925 1616/1983/1790
f 1616/1983/1790 1615/2125/1925 1652/2126/1926
f 1616/1983/1790 1652/2126/1926 1653/1985/1792
f 1653/1985/1792 1652/2126/1926 1495/1966/1773
f 1578/2124/1924 1541/2088/1888 1577/2089/1889
f 1543/1980/1787 1580/1982/1789 1544/2098/1898
f 1544/2098/1898 1580/1982/1789 1581/2127/1927
f 1544/2098/1898 1581/2127/1927 1545/2095/1895
f 1545/2095/1895 1581/2127/1927 1582/2097/1897
f 1583/1991/1798 1547/1993/1800 1546/2096/1896
f 1586/2065/1867 1550/1999/1806 1549/2100/1900
f 1549/2100/1900 1550/1999/1806 1513/1997/1804
f 1586/2065/1867 1549/2100/1900 1585/2101/1901
f 1589/2073/1873 1552/2071/1871 1588/2002/1809
f 1588/2002/1809 1552/2071/1871 1551/2000/1807
f 1591/2012/1818 1555/2014/1820 1554/2105/1905
f 1591/2012/1818 1554/2105/1905 1590/2074/1874
f 1590/2074/1874 1554/2105/1905 1553/2072/1872
f 1521/2019/1824 1557/2106/1906 1558/2021/1826
f 1558/2021/1826 1557/2106/1906 1594/2128/1928
f 1558/2021/1826 1594/2128/1928 1595/2023/1828
f 1595/2023/1828 1594/2128/1928 1631/2129/1929
f 1595/2023/1828 1631/2129/1929 1632/2025/1830
f 1632/2025/1830 1631/2129/1929 1668/2130/1930
f 1632/2025/1830 1668/2130/1930 1669/2027/1832
f 1669/2027/1832 1668/2130/1930 1459/2007/1756
f 1594/2128/1928 1557/2106/1906 1593/2107/1907
f 1559/2022/1827 1596/2024/1829 1560/2116/1916
f 1560/2116/1916 1596/2024/1829 1597/2131/1931
f 1560/2116/1916 1597/2131/1931 1561/2113/1913
f 1561/2113/1913 1597/2131/1931 1598/2115/1915
f 1599/2033/1838 1563/2035/1840 1562/2114/1914
f 1529/2039/1844 1565/2118/1918 1566/2041/1846
f 1566/2041/1846 1565/2118/1918 1602/2132/1932
f 1566/2041/1846 1602/2132/1932 1603/2043/1848
f 1603/2043/1848 1602/2132/1932 1639/2046/1849
f 1602/2132/1932 1565/2118/1918 1601/2119/1919
f 1570/2120/1920 1569/2077/1877 1606/2133/1933
f 1606/2133/1933 1569/2077/1877 1605/2078/1878
f 1606/2133/1933 1605/2078/1878 1642/2134/1934
f 1642/2134/1934 1605/2078/1878 1641/2079/1879
f 1642/2134/1934 1641/2079/1879 1495/1966/1773
f 1572/1961/1768 1609/1963/1770 1573/2123/1923
f 1573/2123/1923 1609/1963/1770 1610/2135/1935
f 1573/2123/1923 1610/2135/1935 1574/2085/1885
f 1574/2085/1885 1610/2135/1935 1611/1969/1776
f 1578/2124/1924 1577/2089/1889 1614/2136/1936
f 1614/2136/1936 1577/2089/1889 1613/2090/1890
f 1614/2136/1936 1613/2090/1890 1650/2137/1937
f 1650/2137/1937 1613/2090/1890 1649/2091/1891
f 1650/2137/1937 1649/2091/1891 1495/1966/1773
f 1580/1982/1789 1617/1984/1791 1581/2127/1927
f 1581/2127/1927 1617/1984/1791 1618/2138/1938
f 1581/2127/1927 1618/2138/1938 1582/2097/1897
f 1582/2097/1897 1618/2138/1938 1619/1989/1796
f 1622/2063/1865 1586/2065/1867 1585/2101/1901
f 1622/2063/1865 1585/2101/1901 1621/2102/1902
f 1624/2003/1810 1587/2001/1808 1623/2064/1866
f 1626/2075/1875 1589/2073/1873 1625/2004/1811
f 1625/2004/1811 1589/2073/1873 1588/2002/1809
f 1627/2010/1816 1591/2012/1818 1590/2074/1874
f 1594/2128/1928 1593/2107/1907 1630/2139/1939
f 1630/2139/1939 1593/2107/1907 1629/2108/1908
f 1630/2139/1939 1629/2108/1908 1666/2140/1940
f 1666/2140/1940 1629/2108/1908 1665/2109/1909
f 1666/2140/1940 1665/2109/1909 1459/2007/1756
f 1596/2024/1829 1633/2026/1831 1597/2131/1931
f 1597/2131/1931 1633/2026/1831 1634/2141/1941
f 1597/2131/1931 1634/2141/1941 1598/2115/1915
f 1598/2115/1915 1634/2141/1941 1635/2031/1836
f 1602/2132/1932 1601/2119/1919 1638/2142/1942
f 1638/2142/1942 1601/2119/1919 1637/2051/1853
f 1638/2142/1942 1637/2051/1853 1674/2049/1851
f 1570/2120/1920 1606/2133/1933 1607/2121/1921
f 1607/2121/1921 1606/2133/1933 1643/2143/1943
f 1607/2121/1921 1643/2143/1943 1644/2122/1922
f 1644/2122/1922 1643/2143/1943 1495/1966/1773
f 1643/2143/1943 1606/2133/1933 1642/2134/1934
f 1647/1967/1774 1611/1969/1776 1610/2135/1935
f 1647/1967/1774 1610/2135/1935 1646/1965/1772
f 1646/1965/1772 1610/2135/1935 1609/1963/1770
f 1578/2124/1924 1614/2136/1936 1615/2125/1925
f 1615/2125/1925 1614/2136/1936 1651/2144/1944
f 1615/2125/1925 1651/2144/1944 1652/2126/1926
f 1652/2126/1926 1651/2144/1944 1495/1966/1773
f 1651/2144/1944 1614/2136/1936 1650/2137/1937
f 1655/1987/1794 1619/1989/1796 1618/2138/1938
f 1655/1987/1794 1618/2138/1938 1654/1986/1793
f 1654/1986/1793 1618/2138/1938 1617/1984/1791
f 1658/2061/1863 1622/2063/1865 1621/2102/1902
f 1658/2061/1863 1621/2102/1902 1657/2060/1862
f 1624/2003/1810 1623/2064/1866 1660/2145/1945
f 1660/2145/1945 1623/2064/1866 1659/2062/1864
f 1660/2145/1945 1659/2062/1864 1459/2007/1756
f 1663/2008/1814 1626/2075/1875 1662/2006/1813
f 1662/2006/1813 1626/2075/1875 1625/2004/1811
f 1594/2128/1928 1630/2139/1939 1631/2129/1929
f 1631/2129/1929 1630/2139/1939 1667/2146/1946
f 1631/2129/1929 1667/2146/1946 1668/2130/1930
f 1668/2130/1930 1667/2146/1946 1459/2007/1756
f 1667/2146/1946 1630/2139/1939 1666/2140/1940
f 1671/2029/1834 1635/2031/1836 1634/2141/1941
f 1671/2029/1834 1634/2141/1941 1670/2028/1833
f 1670/2028/1833 1634/2141/1941 1633/2026/1831
f 1673/2050/1852 1636/2032/1837 1672/2030/1835
f 1675/2048/1850 1639/2046/1849 1638/2142/1942
f 1638/2142/1942 1639/2046/1849 1602/2132/1932
f 1675/2048/1850 1638/2142/1942 1674/2049/1851
f 1495/1966/1773 1643/2143/1943 1642/2134/1934
f 1495/1966/1773 1651/2144/1944 1650/2137/1937
f 1459/2007/1756 1661/2005/1812 1660/2145/1945
f 1660/2145/1945 1661/2005/1812 1624/2003/1810
f 1459/2007/1756 1667/2146/1946 1666/2140/1940
f 1459/2007/1756 1673/2050/1852 1672/2030/1835
f 1054/2147/1327 1083/2148/1390 1055/2149/1325
f 1055/2149/1325 1083/2148/1390 1685/2150/1947
f 1055/2149/1325 1685/2150/1947 1056/2151/1323
f 1056/2151/1323 1685/2150/1947 1690/2152/1948
f 1056/2151/1323 1690/2152/1948 1057/2153/1321
f 1057/2153/1321 1690/2152/1948 1695/2154/1949
f 1057/2153/1321 1695/2154/1949 1058/2155/1319
f 1058/2155/1319 1695/2154/1949 1700/2156/1950
f 1058/2155/1319 1700/2156/1950 1059/2157/1318
f 1059/2157/1318 1700/2156/1950 1705/2158/1951
f 1059/2157/1318 1705/2158/1951 1053/2159/1314
f 1053/2159/1314 1705/2158/1951 1490/2160/1761
f 1490/2160/1761 1705/2158/1951 1704/2161/1952
f 1490/2160/1761 1704/2161/1952 1491/2162/1855
f 1491/2162/1855 1704/2161/1952 1703/2163/1953
f 1491/2162/1855 1703/2163/1953 1492/2164/1857
f 1492/2164/1857 1703/2163/1953 1702/2165/1954
f 1492/2164/1857 1702/2165/1954 1493/2166/1859
f 1493/2166/1859 1702/2165/1954 1701/2167/1955
f 1493/2166/1859 1701/2167/1955 1494/2168/1861
f 1494/2168/1861 1701/2167/1955 1680/2169/1956
f 1494/2168/1861 1680/2169/1956 1495/2170/1773
f 1083/2148/1390 1082/2171/1388 1685/2150/1947
f 1685/2150/1947 1082/2171/1388 1684/2172/1957
f 1685/2150/1947 1684/2172/1957 1690/2152/1948
f 1690/2152/1948 1684/2172/1957 1689/2173/1958
f 1690/2152/1948 1689/2173/1958 1695/2154/1949
f 1695/2154/1949 1689/2173/1958 1694/2174/1959
f 1695/2154/1949 1694/2174/1959 1700/2156/1950
f 1700/2156/1950 1694/2174/1959 1699/2175/1960
f 1700/2156/1950 1699/2175/1960 1705/2158/1951
f 1705/2158/1951 1699/2175/1960 1704/2161/1952
f 1082/2171/1388 1081/2176/1386 1684/2172/1957
f 1684/2172/1957 1081/2176/1386 1683/2177/1961
f 1684/2172/1957 1683/2177/1961 1689/2173/1958
f 1689/2173/1958 1683/2177/1961 1688/2178/1962
f 1689/2173/1958 1688/2178/1962 1694/2174/1959
f 1694/2174/1959 1688/2178/1962 1693/2179/1963
f 1694/2174/1959 1693/2179/1963 1699/2175/1960
f 1699/2175/1960 1693/2179/1963 1698/2180/1964
f 1699/2175/1960 1698/2180/1964 1704/2161/1952
f 1704/2161/1952 1698/2180/1964 1703/2163/1953
f 1081/2176/1386 1080/2181/1384 1683/2177/1961
f 1683/2177/1961 1080/2181/1384 1682/2182/1965
f 1683/2177/1961 1682/2182/1965 1688/2178/1962
f 1688/2178/1962 1682/2182/1965 1687/2183/1966
f 1688/2178/1962 1687/2183/1966 1693/2179/1963
f 1693/2179/1963 1687/2183/1966 1692/2184/1967
f 1693/2179/1963 1692/2184/1967 1698/2180/1964
f 1698/2180/1964 1692/2184/1967 1697/2185/1968
f 1698/2180/1964 1697/2185/1968 1703/2163/1953
f 1703/2163/1953 1697/2185/1968 1702/2165/1954
f 1080/2181/1384 1079/2186/1349 1682/2182/1965
f 1682/2182/1965 1079/2186/1349 1681/2187/1969
f 1682/2182/1965 1681/2187/1969 1687/2183/1966
f 1687/2183/1966 1681/2187/1969 1686/2188/1970
f 1687/2183/1966 1686/2188/1970 1692/2184/1967
f 1692/2184/1967 1686/2188/1970 1691/2189/1971
f 1692/2184/1967 1691/2189/1971 1697/2185/1968
f 1697/2185/1968 1691/2189/1971 1696/2190/1972
f 1697/2185/1968 1696/2190/1972 1702/2165/1954
f 1702/2165/1954 1696/2190/1972 1701/2167/1955
f 1079/2186/1349 1078/2191/1351 1681/2187/1969
f 1681/2187/1969 1078/2191/1351 1676/2192/1973
f 1681/2187/1969 1676/2192/1973 1686/2188/1970
f 1686/2188/1970 1676/2192/1973 1677/2193/1974
f 1686/2188/1970 1677/2193/1974 1691/2189/1971
f 1691/2189/1971 1677/2193/1974 1678/2194/1975
f 1691/2189/1971 1678/2194/1975 1696/2190/1972
f 1696/2190/1972 1678/2194/1975 1679/2195/1976
f 1696/2190/1972 1679/2195/1976 1701/2167/1955
f 1701/2167/1955 1679/2195/1976 1680/2169/1956
f 332/2196/1977 331/2197/1247 327/2198/1978
f 327/2198/1978 331/2197/1247 993/2199/1266
f 327/2198/1978 993/2199/1266 1054/2200/1327
f 327/2198/1978 1054/2200/1327 328/2201/1979
f 328/2201/1979 1054/2200/1327 231/2202/1329
f 328/2201/1979 231/2202/1329 230/2203/1980
f 340/2204/1981 1181/2205/1459 341/2206/1982
f 341/2206/1982 1181/2205/1459 1367/2207/1664
f 341/2206/1982 1367/2207/1664 358/2208/1983
f 358/2208/1983 1367/2207/1664 359/2209/1984
f 359/2209/1984 1367/2207/1664 360/2210/1985
f 360/2210/1985 1367/2207/1664 361/2211/1986
f 361/2211/1986 1367/2207/1664 362/2212/1987
f 362/2212/1987 1367/2207/1664 363/2213/1988
f 363/2213/1988 1367/2207/1664 364/2214/1989
f 364/2214/1989 1367/2207/1664 1403/2215/1704
f 364/2214/1989 1403/2215/1704 350/2216/1990
f 350/2216/1990 1403/2215/1704 351/2217/1991
f 351/2217/1991 1403/2215/1704 352/2218/1992
f 352/2218/1992 1403/2215/1704 353/2219/1993
f 353/2219/1993 1403/2215/1704 354/2220/1994
f 354/2220/1994 1403/2215/1704 355/2221/1995
f 355/2221/1995 1403/2215/1704 356/2222/1996
f 356/2222/1996 1403/2215/1704 357/2223/1997
f 357/2223/1997 1403/2215/1704 1459/2224/1756
f 357/2223/1997 1459/2224/1756 342/2225/1998
f 342/2225/1998 1459/2224/1756 1495/2226/1773
f 342/2225/1998 1495/2226/1773 1078/2227/1351
f 1078/2227/1351 1495/2226/1773 1676/2228/1973
f 1676/2228/1973 1495/2226/1773 1677/2229/1974
f 1677/2229/1974 1495/2226/1773 1678/2230/1975
f 1678/2230/1975 1495/2226/1773 1679/2231/1976
f 1679/2231/1976 1495/2226/1773 1680/2232/1956
f 339/2233/1999 1089/2234/1372 340/2204/1981
f 340/2204/1981 1089/2234/1372 1145/2235/1442
f 340/2204/1981 1145/2235/1442 1181/2205/1459
f 339/2233/1999 338/2236/2000 1089/2234/1372
f 1089/2234/1372 338/2236/2000 337/2237/2001
f 1089/2234/1372 337/2237/2001 336/2238/2002
f 336/2238/2002 335/2239/2003 1089/2234/1372
f 1089/2234/1372 335/2239/2003 334/2240/2004
f 1089/2234/1372 334/2240/2004 333/2241/2005
f 333/2241/2005 349/2242/2006 1089/2234/1372
f 1089/2234/1372 349/2242/2006 1078/2227/1351
f 1078/2227/1351 349/2242/2006 348/2243/2007
f 1078/2227/1351 348/2243/2007 347/2244/2008
f 347/2244/2008 346/2245/2009 1078/2227/1351
f 1078/2227/1351 346/2245/2009 345/2246/2010
f 1078/2227/1351 345/2246/2010 344/2247/2011
f 344/2247/2011 343/2248/2012 1078/2227/1351
f 1078/2227/1351 343/2248/2012 342/2225/1998
f 1089/2234/1372 1150/2249/1421 1145/2235/1442
f 1145/2235/1442 1150/2249/1421 1149/2250/1446
f 1145/2235/1442 1149/2250/1446 1148/2251/1445
f 1148/2251/1445 1147/2252/1444 1145/2235/1442
f 1145/2235/1442 1147/2252/1444 1146/2253/1443
f 1372/2254/1643 1371/2255/1668 1181/2205/1459
f 1181/2205/1459 1371/2255/1668 1370/2256/1667
f 1181/2205/1459 1370/2256/1667 1369/2257/1666
f 1369/2257/1666 1368/2258/1665 1181/2205/1459
f 1181/2205/1459 1368/2258/1665 1367/2207/1664
f 1403/2215/1704 1464/2259/1735 1459/2224/1756
f 1459/2224/1756 1464/2259/1735 1463/2260/1760
f 1459/2224/1756 1463/2260/1760 1462/2261/1759
f 1462/2261/1759 1461/2262/1758 1459/2224/1756
f 1459/2224/1756 1461/2262/1758 1460/2263/1757
f 229/2264/2013 276/2265/2014 230/2266/2015
f 230/2266/2015 276/2265/2014 275/2267/2016
f 230/2266/2015 275/2267/2016 274/2268/2017
f 249/2269/2018 280/2270/2019 229/2264/2013
f 229/2264/2013 280/2270/2019 279/2271/2020
f 229/2264/2013 279/2271/2020 278/2272/2021
f 249/2269/2018 281/2273/2022 280/2270/2019
f 278/2272/2021 277/2274/2023 229/2264/2013
f 229/2264/2013 277/2274/2023 276/2265/2014
f 274/2268/2017 273/2275/2024 230/2266/2015
f 230/2266/2015 273/2275/2024 272/2276/2025
f 230/2266/2015 272/2276/2025 328/2277/2026
f 983/2278/2027 982/2279/2028 984/2280/2029
f 984/2280/2029 982/2279/2028 981/2281/2030
f 984/2280/2029 981/2281/2030 980/2282/2031
f 984/2280/2029 980/2282/2031 1707/2283/2032
f 1707/2283/2032 980/2282/2031 979/2284/2033
f 1707/2283/2032 979/2284/2033 978/2285/2034
f 986/2286/2035 1706/2287/2036 978/2285/2034
f 978/2285/2034 1706/2287/2036 1707/2283/2032
f 1075/2288/2037 1077/2289/2038 329/2290/2039
f 329/2290/2039 1077/2289/2038 330/2291/2040
f 330/2291/2040 1077/2289/2038 1715/2292/2041
f 330/2291/2040 1715/2292/2041 1716/2293/2042
f 1077/2289/2038 1706/2294/2043 1715/2292/2041
f 1715/2292/2041 1706/2294/2043 1714/2295/2044
f 1714/2295/2044 1706/2294/2043 1708/2296/2045
f 1714/2295/2044 1708/2296/2045 1713/2297/2046
f 1713/2297/2046 1708/2296/2045 1712/2298/2047
f 1712/2298/2047 1708/2296/2045 1711/2299/2048
f 1711/2299/2048 1708/2296/2045 1710/2300/2049
f 1710/2300/2049 1708/2296/2045 1709/2301/2050
f 986/2302/2051 985/2303/2052 1706/2294/2043
f 1706/2294/2043 985/2303/2052 1708/2296/2045
f 1716/2293/2042 1717/2304/2053 330/2291/2040
f 330/2291/2040 1717/2304/2053 1718/2305/2054
f 330/2291/2040 1718/2305/2054 1719/2306/2055
f 1719/2306/2055 1720/2307/2056 330/2291/2040
f 1706/2308/2057 1077/2309/2058 1707/2310/2059
f 1707/2310/2059 1077/2309/2058 1076/2311/2060
f 332/2312/2061 287/2313/2062 206/2314/2063
f 206/2314/2063 287/2313/2062 286/2315/2064
f 206/2314/2063 286/2315/2064 285/2316/2065
f 327/2317/2066 271/2318/2067 332/2312/2061
f 332/2312/2061 271/2318/2067 290/2319/2068
f 332/2312/2061 290/2319/2068 289/2320/2069
f 289/2320/2069 288/2321/2070 332/2312/2061
f 332/2312/2061 288/2321/2070 287/2313/2062
f 285/2316/2065 284/2322/2071 206/2314/2063
f 206/2314/2063 284/2322/2071 283/2323/2072
f 206/2314/2063 283/2323/2072 207/2324/2073
f 207/2324/2073 283/2323/2072 282/2325/2074
f 1720/2326/2075 1721/2327/2076 330/2328/544
f 330/2328/544 1721/2327/2076 1722/2329/2077
f 330/2328/544 1722/2329/2077 88/2330/543
f 88/2330/543 1722/2329/2077 1723/2331/2078
f 88/2330/543 1723/2331/2078 89/2332/2079
f 89/2332/2079 1723/2331/2078 90/2333/2080
f 90/2333/2080 1723/2331/2078 1726/2334/2081
f 90/2333/2080 1726/2334/2081 91/2335/2082
f 91/2335/2082 1726/2334/2081 1729/2336/2083
f 91/2335/2082 1729/2336/2083 92/2337/2084
f 92/2337/2084 1729/2336/2083 1732/2338/2085
f 92/2337/2084 1732/2338/2085 93/2339/2086
f 93/2339/2086 1732/2338/2085 1735/2340/2087
f 93/2339/2086 1735/2340/2087 94/2341/2088
f 94/2341/2088 1735/2340/2087 1734/2342/2089
f 94/2341/2088 1734/2342/2089 1715/2343/2090
f 1715/2343/2090 1734/2342/2089 1733/2344/2091
f 1715/2343/2090 1733/2344/2091 1716/2345/2092
f 1716/2345/2092 1733/2344/2091 1717/2346/2093
f 1717/2346/2093 1733/2344/2091 1730/2347/2094
f 1717/2346/2093 1730/2347/2094 1718/2348/2095
f 1718/2348/2095 1730/2347/2094 1727/2349/2096
f 1718/2348/2095 1727/2349/2096 1719/2350/2097
f 1719/2350/2097 1727/2349/2096 1724/2351/2098
f 1719/2350/2097 1724/2351/2098 1720/2326/2075
f 1720/2326/2075 1724/2351/2098 1721/2327/2076
f 1726/2334/2081 1723/2331/2078 1722/2329/2077
f 1722/2329/2077 1721/2327/2076 1725/2352/2099
f 1725/2352/2099 1721/2327/2076 1724/2351/2098
f 1725/2352/2099 1724/2351/2098 1728/2353/2100
f 1728/2353/2100 1724/2351/2098 1727/2349/2096
f 1728/2353/2100 1727/2349/2096 1731/2354/2101
f 1731/2354/2101 1727/2349/2096 1730/2347/2094
f 1731/2354/2101 1730/2347/2094 1734/2342/2089
f 1734/2342/2089 1730/2347/2094 1733/2344/2091
f 1729/2336/2083 1726/2334/2081 1725/2352/2099
f 1725/2352/2099 1726/2334/2081 1722/2329/2077
f 1729/2336/2083 1725/2352/2099 1728/2353/2100
f 1732/2338/2085 1729/2336/2083 1728/2353/2100
f 1732/2338/2085 1728/2353/2100 1731/2354/2101
f 1735/2340/2087 1732/2338/2085 1731/2354/2101
f 1735/2340/2087 1731/2354/2101 1734/2342/2089
f 1715/2355/2090 1714/2356/2102 94/2357/2088
f 94/2357/2088 1714/2356/2102 95/2358/2103
f 1713/2359/2104 1736/2360/2105 1714/2361/2102
f 1714/2361/2102 1736/2360/2105 1737/2362/2106
f 1714/2361/2102 1737/2362/2106 95/2363/2103
f 95/2363/2103 1737/2362/2106 1738/2364/2107
f 95/2363/2103 1738/2364/2107 96/2365/2108
f 96/2365/2108 1738/2364/2107 97/2366/2109
f 97/2366/2109 1738/2364/2107 1741/2367/2110
f 97/2366/2109 1741/2367/2110 98/2368/2111
f 98/2368/2111 1741/2367/2110 1744/2369/2112
f 98/2368/2111 1744/2369/2112 99/2370/2113
f 99/2370/2113 1744/2369/2112 1747/2371/2114
f 99/2370/2113 1747/2371/2114 100/2372/2115
f 100/2372/2115 1747/2371/2114 1750/2373/2116
f 100/2372/2115 1750/2373/2116 101/2374/2117
f 101/2374/2117 1750/2373/2116 1749/2375/2118
f 101/2374/2117 1749/2375/2118 1708/2376/2119
f 1708/2376/2119 1749/2375/2118 1748/2377/2120
f 1708/2376/2119 1748/2377/2120 1709/2378/2121
f 1709/2378/2121 1748/2377/2120 1710/2379/2122
f 1710/2379/2122 1748/2377/2120 1745/2380/2123
f 1710/2379/2122 1745/2380/2123 1711/2381/2124
f 1711/2381/2124 1745/2380/2123 1742/2382/2125
f 1711/2381/2124 1742/2382/2125 1712/2383/2126
f 1712/2383/2126 1742/2382/2125 1739/2384/2127
f 1712/2383/2126 1739/2384/2127 1713/2359/2104
f 1713/2359/2104 1739/2384/2127 1736/2360/2105
f 1741/2367/2110 1738/2364/2107 1737/2362/2106
f 1737/2362/2106 1736/2360/2105 1740/2385/2128
f 1740/2385/2128 1736/2360/2105 1739/2384/2127
f 1740/2385/2128 1739/2384/2127 1743/2386/2129
f 1743/2386/2129 1739/2384/2127 1742/2382/2125
f 1743/2386/2129 1742/2382/2125 1746/2387/2130
f 1746/2387/2130 1742/2382/2125 1745/2380/2123
f 1746/2387/2130 1745/2380/2123 1749/2375/2118
f 1749/2375/2118 1745/2380/2123 1748/2377/2120
f 1744/2369/2112 1741/2367/2110 1740/2385/2128
f 1740/2385/2128 1741/2367/2110 1737/2362/2106
f 1744/2369/2112 1740/2385/2128 1743/2386/2129
f 1747/2371/2114 1744/2369/2112 1743/2386/2129
f 1747/2371/2114 1743/2386/2129 1746/2387/2130
f 1750/2373/2116 1747/2371/2114 1746/2387/2130
f 1750/2373/2116 1746/2387/2130 1749/2375/2118
f 195/2388/360 102/2389/369 248/2390/2131
f 248/2390/2131 102/2389/369 101/2391/2117
f 248/2390/2131 101/2391/2117 1708/2392/2119
f 985/2393/2132 247/2394/2133 1708/2392/2119
f 1708/2392/2119 247/2394/2133 246/2395/2134
f 1708/2392/2119 246/2395/2134 248/2390/2131
f 985/2393/2132 331/2396/2135 247/2394/2133
f 984/2397/1244 1707/2398/2136 942/2399/1233
f 942/2399/1233 1707/2398/2136 755/2400/1022
f 942/2399/1233 755/2400/1022 943/2401/1234
f 943/2401/1234 755/2400/1022 944/2402/1235
f 944/2402/1235 755/2400/1022 945/2403/1236
f 945/2403/1236 755/2400/1022 946/2404/1237
f 946/2404/1237 755/2400/1022 947/2405/1212
f 1076/2406/2137 656/2407/946 1707/2398/2136
f 1707/2398/2136 656/2407/946 713/2408/1004
f 1707/2398/2136 713/2408/1004 755/2400/1022
f 365/2409/626 378/2410/625 1076/2406/2137
f 1076/2406/2137 378/2410/625 385/2411/676
f 1076/2406/2137 385/2411/676 427/2412/694
f 378/2410/625 390/2413/655 385/2411/676
f 385/2411/676 390/2413/655 389/2414/680
f 385/2411/676 389/2414/680 388/2415/679
f 388/2415/679 387/2416/678 385/2411/676
f 385/2411/676 387/2416/678 386/2417/677
f 619/2418/884 618/2419/909 427/2412/694
f 427/2412/694 618/2419/909 617/2420/908
f 427/2412/694 617/2420/908 616/2421/907
f 616/2421/907 615/2422/906 427/2412/694
f 427/2412/694 615/2422/906 614/2423/905
f 427/2412/694 614/2423/905 1076/2406/2137
f 1076/2406/2137 614/2423/905 656/2407/946
f 656/2407/946 718/2424/983 713/2408/1004
f 713/2408/1004 718/2424/983 717/2425/1008
f 713/2408/1004 717/2425/1008 716/2426/1007
f 716/2426/1007 715/2427/1006 713/2408/1004
f 713/2408/1004 715/2427/1006 714/2428/1005
# 1750 vertices
# 2428 texture params
# 2137 normals
# 3500 facets

# 1 groups
